arm,checks,attacker_pass,carriers,assigned,valid,rare_accuracy,ci_low,ci_high,rare_wrong,rare_null,scripted_rare_accuracy,truth_available,carrier_survival,attacker_seat_share,cond_truth_num,cond_truth_den
coverage,4,0.1,1,24,24,0.0,0.0,0.0,1.0,0.0,0.0,0.2917,0.2917,0.1079,0,21
coverage,4,0.1,3,24,24,0.0,0.0,0.0,1.0,0.0,0.0,0.5556,0.2546,0.1079,0,40
coverage,4,0.1,9,24,24,0.0,0.0,0.0,1.0,0.0,0.0,0.875,0.2222,0.1079,0,63
coverage,4,0.1,27,24,24,0.0,0.0,0.0,0.9167,0.0833,0.0,1.0,0.2104,0.1079,0,72
coverage,4,0.1,81,24,24,0.0,0.0,0.0,0.0,1.0,0.1667,1.0,0.2152,0.1079,0,72
coverage,4,0.9,1,24,24,0.0,0.0,0.0,1.0,0.0,0.0,0.2917,0.2917,0.1079,0,21
coverage,4,0.9,3,24,24,0.0,0.0,0.0,1.0,0.0,0.0,0.5556,0.2546,0.1079,0,40
coverage,4,0.9,9,24,24,0.0,0.0,0.0,1.0,0.0,0.0,0.875,0.2222,0.1079,0,63
coverage,4,0.9,27,24,24,0.0,0.0,0.0,0.9167,0.0833,0.0,1.0,0.2104,0.1079,0,72
coverage,4,0.9,81,24,24,0.0,0.0,0.0,0.0,1.0,0.1667,1.0,0.2152,0.1079,0,72
coverage,64,0.1,1,24,24,0.0694,0.0139,0.125,0.6944,0.2361,0.0278,0.125,0.125,0.0104,5,9
coverage,64,0.1,3,24,24,0.0972,0.0417,0.1667,0.6528,0.25,0.0417,0.2083,0.0741,0.0104,7,15
coverage,64,0.1,9,24,24,0.2083,0.1111,0.3194,0.5556,0.2361,0.125,0.4167,0.0633,0.0104,15,30
coverage,64,0.1,27,24,24,0.5,0.3472,0.6528,0.3472,0.1528,0.4722,0.875,0.0679,0.0104,36,63
coverage,64,0.1,81,24,24,0.7361,0.5833,0.875,0.0139,0.25,0.8611,1.0,0.0617,0.0104,53,72
coverage,64,0.9,1,24,24,0.0139,0.0,0.0417,0.9444,0.0417,0.0,0.125,0.125,0.0332,1,9
coverage,64,0.9,3,24,24,0.0139,0.0,0.0417,0.9306,0.0556,0.0,0.1944,0.0648,0.0332,1,14
coverage,64,0.9,9,24,24,0.0278,0.0,0.0833,0.9167,0.0556,0.0,0.4167,0.0602,0.0332,2,30
coverage,64,0.9,27,24,24,0.1806,0.0972,0.2639,0.7361,0.0833,0.0972,0.8611,0.0617,0.0332,13,62
coverage,64,0.9,81,24,24,0.3333,0.1944,0.4861,0.5139,0.1528,0.375,1.0,0.0549,0.0332,24,72
coverage,108,0.1,1,24,24,0.0694,0.0139,0.125,0.8194,0.1111,0.0139,0.3889,0.3889,0.0268,5,28
coverage,108,0.1,3,24,24,0.1806,0.0694,0.3056,0.7222,0.0972,0.0972,0.6806,0.3287,0.0268,13,49
coverage,108,0.1,9,24,24,0.3889,0.25,0.5417,0.5139,0.0972,0.2917,0.9583,0.3627,0.0268,28,69
coverage,108,0.1,27,24,24,0.7917,0.6528,0.9167,0.0972,0.1111,0.875,1.0,0.3755,0.0268,57,72
coverage,108,0.1,81,24,24,1.0,1.0,1.0,0.0,0.0,1.0,1.0,0.3728,0.0268,72,72
coverage,108,0.9,1,24,24,0.0,0.0,0.0,1.0,0.0,0.0,0.4722,0.4722,0.2238,0,34
coverage,108,0.9,3,24,24,0.0,0.0,0.0,1.0,0.0,0.0,0.7778,0.3843,0.2238,0,56
coverage,108,0.9,9,24,24,0.0,0.0,0.0,1.0,0.0,0.0,0.9861,0.4198,0.2238,0,71
coverage,108,0.9,27,24,24,0.0,0.0,0.0,1.0,0.0,0.0,1.0,0.4285,0.2238,0,72
coverage,108,0.9,81,24,24,0.0556,0.0,0.1528,0.1944,0.75,0.3472,1.0,0.4307,0.2238,4,72
random,4,0.1,1,24,24,0.0417,0.0,0.1111,0.875,0.0833,0.0139,0.5556,0.5556,0.1059,3,40
random,4,0.1,3,24,24,0.0833,0.0,0.1667,0.875,0.0417,0.0833,0.7917,0.4537,0.1059,6,57
random,4,0.1,9,24,24,0.2083,0.0417,0.375,0.7083,0.0833,0.1528,0.9722,0.4182,0.1059,15,70
random,4,0.1,27,24,24,0.3194,0.1528,0.5,0.5139,0.1667,0.3194,1.0,0.4198,0.1059,23,72
random,4,0.1,81,24,24,0.6111,0.4167,0.7917,0.0833,0.3056,0.7222,1.0,0.4112,0.1059,44,72
random,4,0.9,1,24,24,0.0417,0.0,0.1111,0.9167,0.0417,0.0139,0.4583,0.4583,0.1783,3,33
random,4,0.9,3,24,24,0.0556,0.0,0.1389,0.9167,0.0278,0.0556,0.75,0.4167,0.1783,4,54
random,4,0.9,9,24,24,0.125,0.0,0.25,0.8333,0.0417,0.0833,0.9583,0.3904,0.1783,9,69
random,4,0.9,27,24,24,0.2361,0.0972,0.4028,0.7639,0.0,0.1667,1.0,0.3889,0.1783,17,72
random,4,0.9,81,24,24,0.3611,0.1806,0.5556,0.4306,0.2083,0.4306,1.0,0.3771,0.1783,26,72
random,64,0.1,1,24,24,0.0,0.0,0.0,0.9028,0.0972,0.0,0.5417,0.5417,0.0524,0,39
random,64,0.1,3,24,24,0.0833,0.0139,0.1667,0.7917,0.125,0.0278,0.8611,0.5417,0.0524,6,62
random,64,0.1,9,24,24,0.4306,0.2639,0.6111,0.4306,0.1389,0.1806,1.0,0.4861,0.0524,31,72
random,64,0.1,27,24,24,0.8333,0.7361,0.9167,0.1111,0.0556,0.8056,1.0,0.4871,0.0524,60,72
random,64,0.1,81,24,24,1.0,1.0,1.0,0.0,0.0,1.0,1.0,0.4784,0.0524,72,72
random,64,0.9,1,24,24,0.0,0.0,0.0,1.0,0.0,0.0,0.4583,0.4583,0.2182,0,33
random,64,0.9,3,24,24,0.0,0.0,0.0,1.0,0.0,0.0,0.8611,0.4769,0.2182,0,62
random,64,0.9,9,24,24,0.0,0.0,0.0,1.0,0.0,0.0,1.0,0.4182,0.2182,0,72
random,64,0.9,27,24,24,0.0,0.0,0.0,1.0,0.0,0.0,1.0,0.4115,0.2182,0,72
random,64,0.9,81,24,24,0.2778,0.125,0.4444,0.4306,0.2917,0.4444,1.0,0.4029,0.2182,20,72
random,108,0.1,1,24,24,0.0417,0.0,0.1111,0.9444,0.0139,0.0278,0.6389,0.6389,0.0356,3,46
random,108,0.1,3,24,24,0.1389,0.0417,0.2639,0.75,0.1111,0.0417,0.9167,0.5648,0.0356,10,66
random,108,0.1,9,24,24,0.5417,0.3889,0.6806,0.375,0.0833,0.3472,1.0,0.5556,0.0356,39,72
random,108,0.1,27,24,24,0.9583,0.9167,1.0,0.0278,0.0139,0.9583,1.0,0.5324,0.0356,69,72
random,108,0.1,81,24,24,1.0,1.0,1.0,0.0,0.0,1.0,1.0,0.5264,0.0356,72,72
random,108,0.9,1,24,24,0.0,0.0,0.0,1.0,0.0,0.0,0.5,0.5,0.2247,0,36
random,108,0.9,3,24,24,0.0,0.0,0.0,1.0,0.0,0.0,0.8333,0.4583,0.2247,0,60
random,108,0.9,9,24,24,0.0,0.0,0.0,1.0,0.0,0.0,1.0,0.4414,0.2247,0,72
random,108,0.9,27,24,24,0.0,0.0,0.0,1.0,0.0,0.0,1.0,0.4249,0.2247,0,72
random,108,0.9,81,24,24,0.2778,0.1389,0.4306,0.3472,0.375,0.3889,1.0,0.4319,0.2247,20,72
