task_id,regulator,registered_round,dynamic_fragmentation,dynamic_evasion,dynamic_profit,locked_profit,profit_difference,profit_change_percent,dynamic_fines,locked_fines,same_action_identity_fine_savings
36,none,,False,False,43645.75327855421,43585.4607438048,60.29253474941652,0.1383317595374578,0.0,0.0,0.0
36,firm,1,True,True,42585.46560526022,35201.39080704052,7384.074798219699,20.97665640172044,0.0,1243.020944686611,14427.85523146627
36,owner,,False,False,35233.29425952452,35859.80457288117,-626.5103133566517,-1.7471102277853645,1267.773202639319,0.0,0.0
37,none,,False,False,43248.02076358951,43248.02076358951,0.0,0.0,0.0,0.0,0.0
37,firm,2,True,True,42055.923226868785,38787.729324423904,3268.19390244488,8.425844872509614,593.6093066216247,0.0,14390.07708010002
37,owner,,False,False,38240.80400815893,38341.78718771521,-100.98317955627863,-0.2633762976719911,622.6262051995463,622.6262051995463,0.0
38,none,,False,False,41462.50998494907,41364.23764424808,98.27234070099075,0.2375780294711971,0.0,0.0,0.0
38,firm,1,True,True,40551.55632344931,36837.00528213405,3714.5510413152588,10.083748700160534,0.0,615.3734326223281,14250.444713207255
38,owner,,False,False,36400.05995771629,33617.24540663604,2782.8145510802497,8.277937461618802,1209.6283950244867,4778.266623024494,0.0
39,none,,False,False,43253.760665711015,43253.760665711015,0.0,0.0,0.0,0.0,0.0
39,firm,2,True,True,42515.66852256665,34632.196198856436,7883.472323710215,22.76342013785002,638.7334992347288,0.0,14521.657208395754
39,owner,,False,False,34498.6349841472,34012.85414825403,485.7808358931652,1.4282272042674293,0.0,1247.5119764237638,0.0
40,none,,False,False,43543.80752150154,43338.23130178775,205.5762197137883,0.47435304473375517,0.0,0.0,0.0
40,firm,2,True,True,42817.56743582377,36902.99753714977,5914.569898673995,16.02734274558557,641.3556909496738,1288.0919434693014,14625.61740342103
40,owner,,False,False,37686.77827888248,33374.1830589801,4312.595219902374,12.921949916439889,0.0,7008.533665980779,0.0
41,none,,False,False,46019.49140883841,46020.244229023374,-0.7528201849636389,-0.001635845696990046,0.0,0.0,0.0
41,firm,2,True,True,45648.25240899427,38687.16492629445,6961.087482699819,17.993273727764382,0.0,673.6787812219,15466.073851319426
41,owner,,False,False,38618.378982714006,39073.30343140147,-454.9244486874668,-1.1642845849625938,664.22891020918,0.0,0.0
