n,arm,checks,attacker_pass,visibility,assigned,valid,assigned_accuracy,scripted_accuracy,rare_accuracy,rare_accuracy_low,rare_accuracy_high,task_accuracy,task_accuracy_low,task_accuracy_high,bad_seat_share,bad_seat_share_low,bad_seat_share_high,malicious_admission,malicious_admission_low,malicious_admission_high,specialist_rejection,specialist_rejection_low,specialist_rejection_high
972,coverage,4,0.1,visible,24,21,0.0,0.22222222222222218,0.0,0.0,0.0,0.5,0.5,0.5,0.11356065059768763,0.10297864001567705,0.12551440329218105,0.22712130119537527,0.2059572800313541,0.2510288065843621,0.7711150303742895,0.7462277091906723,0.7938467568097197
972,coverage,4,0.9,visible,24,22,0.0,0.2424242424242424,0.0,0.0,0.0,0.5,0.5,0.5,0.11578750467639357,0.1034418256640479,0.1286943509165731,0.23157500935278713,0.2068836513280958,0.2573887018331462,0.765993265993266,0.738678451178451,0.792368125701459
972,coverage,108,0.1,visible,24,19,0.7916666666666666,1.0,1.0,1.0,1.0,1.0,1.0,1.0,0.036387264457439894,0.02999783409140135,0.042993285683344165,0.07277452891487979,0.0599956681828027,0.08598657136668833,0.6255144032921811,0.5990903183885641,0.6510721247563352
972,coverage,108,0.9,visible,24,20,0.125,0.4666666666666667,0.15,0.03333333333333333,0.2833333333333333,0.575,0.5166666666666667,0.6416666666666667,0.214917695473251,0.20565843621399177,0.22376543209876537,0.429835390946502,0.41131687242798354,0.44753086419753074,0.5718106995884773,0.5541152263374485,0.5893004115226337
972,random,4,0.1,visible,24,23,0.5555555555555556,0.6666666666666667,0.5797101449275363,0.4057971014492754,0.753623188405797,0.7898550724637682,0.7028985507246376,0.8768115942028986,0.1271247092503131,0.11120057255322956,0.14206477008409377,0.2542494185006262,0.2224011451064591,0.28412954016818753,0.6260511719448918,0.565038468420111,0.6820540347110395
972,random,4,0.9,visible,24,20,0.34722222222222227,0.4333333333333333,0.4166666666666667,0.21666666666666665,0.6166666666666667,0.7083333333333333,0.6083333333333333,0.8083333333333333,0.17808641975308642,0.1397119341563786,0.2168724279835391,0.35617283950617284,0.2794238683127572,0.4337448559670782,0.638888888888889,0.5652211934156377,0.7063786008230453
972,random,108,0.1,visible,24,20,0.8333333333333334,1.0,1.0,1.0,1.0,1.0,1.0,1.0,0.0331275720164609,0.025617283950617287,0.04084362139917695,0.0662551440329218,0.051234567901234575,0.0816872427983539,0.4882716049382716,0.4590534979423869,0.5195473251028806
972,random,108,0.9,visible,24,20,0.20833333333333334,0.36666666666666664,0.25,0.09999999999999999,0.4333333333333333,0.625,0.5499999999999999,0.7166666666666666,0.22520576131687245,0.21059670781893,0.23940329218106995,0.4504115226337449,0.42119341563786,0.4788065843621399,0.5769547325102881,0.5481481481481482,0.6061728395061727
2916,coverage,4,0.1,visible,24,21,0.041666666666666664,0.15873015873015872,0.047619047619047616,0.0,0.14285714285714285,0.5238095238095238,0.5,0.5714285714285714,0.11565092429289961,0.10297864001567705,0.12874779541446207,0.23130184858579922,0.2059572800313541,0.25749559082892415,0.76856750930825,0.7421124828532236,0.7943040041805474
2916,coverage,4,0.9,visible,24,17,0.013888888888888888,0.0980392156862745,0.0196078431372549,0.0,0.058823529411764705,0.5098039215686274,0.5,0.5294117647058824,0.10663277656741708,0.08084906802227064,0.1294692568385379,0.21326555313483417,0.16169813604454128,0.2589385136770758,0.7868151375776647,0.7410614863229242,0.8384592108448318
2916,coverage,324,0.1,visible,24,20,0.8333333333333334,1.0,1.0,1.0,1.0,1.0,1.0,1.0,0.025651577503429356,0.022496570644718793,0.028772290809327843,0.05130315500685871,0.044993141289437585,0.05754458161865569,0.6205075445816186,0.6055555555555556,0.6364197530864197
2916,coverage,324,0.9,visible,24,19,0.20833333333333334,0.5964912280701755,0.2631578947368421,0.10526315789473684,0.4385964912280701,0.631578947368421,0.5526315789473685,0.7192982456140351,0.21157317161215797,0.204641361634539,0.21973232979568266,0.42314634322431594,0.409282723269078,0.4394646595913653,0.5644357808100499,0.5549779799292469,0.5734603999711211
2916,random,4,0.1,visible,24,18,0.375,0.5555555555555556,0.5,0.2777777777777778,0.7222222222222222,0.75,0.6388888888888888,0.8611111111111112,0.1228471269623533,0.10364178478890412,0.1438805060204237,0.2456942539247066,0.20728356957780825,0.2877610120408474,0.6434994665447341,0.5621837372351776,0.7201646090534979
2916,random,4,0.9,visible,24,19,0.3333333333333333,0.45614035087719296,0.42105263157894735,0.21052631578947367,0.631578947368421,0.7105263157894737,0.6052631578947368,0.8157894736842105,0.14594614107284673,0.11688686737419682,0.17594397516424806,0.29189228214569346,0.23377373474839364,0.3518879503284961,0.6645729550212981,0.5871760161721175,0.7371326980001444
2916,random,324,0.1,visible,24,24,1.0,1.0,1.0,1.0,1.0,1.0,1.0,1.0,0.038380201188843166,0.03383630544124371,0.04346707818930042,0.07676040237768633,0.06767261088248742,0.08693415637860084,0.4606195701874714,0.4426154549611339,0.47885230909922266
2916,random,324,0.9,visible,24,20,0.2222222222222222,0.5,0.26666666666666666,0.1,0.45,0.6333333333333333,0.55,0.725,0.21796982167352538,0.21131687242798353,0.22472650891632379,0.43593964334705076,0.42263374485596705,0.44945301783264757,0.5547325102880658,0.5356652949245543,0.5740054869684499
8748,coverage,4,0.1,visible,24,22,0.0,0.3333333333333333,0.0,0.0,0.0,0.5,0.5,0.5,0.09829779274223718,0.07396989441742528,0.12528577960676726,0.19659558548447437,0.14793978883485057,0.2505715592135345,0.8015754250322152,0.7475137174211248,0.8503351415388454
8748,coverage,4,0.9,visible,24,21,0.05555555555555555,0.3333333333333333,0.06349206349206349,0.0,0.1746031746031746,0.5317460317460317,0.5,0.5873015873015872,0.09251638469745466,0.06722625035382238,0.120615324319028,0.1850327693949093,0.13445250070764475,0.241230648638056,0.8123761621704008,0.7566317199033248,0.8632618067803253
8748,coverage,972,0.1,visible,24,20,0.8333333333333334,1.0,1.0,1.0,1.0,1.0,1.0,1.0,0.02661179698216735,0.024519890260631,0.028921181984453582,0.0532235939643347,0.049039780521262,0.057842363968907164,0.6346822130772748,0.6295153177869228,0.6401011659807957
8748,coverage,972,0.9,visible,24,19,0.3194444444444444,0.6140350877192983,0.40350877192982454,0.21052631578947367,0.5964912280701754,0.7017543859649124,0.6052631578947368,0.7982456140350876,0.20831227588862417,0.2052075060765769,0.2112362524968113,0.41662455177724833,0.4104150121531538,0.4224725049936226,0.578995499723245,0.5723533800206965,0.5854938271604938
8748,random,4,0.1,visible,24,17,0.2222222222222222,0.4117647058823529,0.3137254901960784,0.1568627450980392,0.4906862745097968,0.6568627450980392,0.5784313725490196,0.7453431372548984,0.16308937841254473,0.11884363484762903,0.20616510664622503,0.32617875682508946,0.23768726969525805,0.41233021329245007,0.6747626348207322,0.6062831168132548,0.7453159041394336
8748,random,4,0.9,visible,24,19,0.19444444444444445,0.29824561403508776,0.2456140350877193,0.08771929824561403,0.4385964912280701,0.6228070175438597,0.5438596491228069,0.7192982456140351,0.14414121724063245,0.1121570644718793,0.17600474093326593,0.2882824344812649,0.2243141289437586,0.35200948186653186,0.7657208865785864,0.7005968281471855,0.8312065314177074
8748,random,972,0.1,visible,24,19,0.7916666666666666,1.0,1.0,1.0,1.0,1.0,1.0,1.0,0.04129665728106274,0.03825235241739464,0.044244699540346065,0.08259331456212549,0.07650470483478929,0.08848939908069213,0.4627343392775492,0.4500270738574832,0.47493622602459507
8748,random,972,0.9,visible,24,21,0.25,0.3333333333333333,0.2857142857142857,0.14285714285714285,0.4444444444444445,0.6428571428571429,0.5714285714285714,0.7222222222222222,0.22413830644283317,0.22063274326648813,0.22781805909377925,0.44827661288566634,0.44126548653297626,0.4556361181875585,0.5638077819147778,0.5538136608095456,0.5740414135475863
