world,dose,memory,f,arm,episodes,tasks,invalid,captured,capture_latency_med,frac_at_removal_c,frac_T_c,delta_c,short_T_c,long_T_c,delta_long_c,recovered_c,half_time_med
W1_INSIDE,0.42,mix:1/20@0,0.0,A0_no_purge,200,100,0,1.0,35.0,0.1275,0.0096,-0.1179,nan,0.0096,-0.1179,0.0,2
W1_INSIDE,0.42,mix:1/20@0,0.0,A1_purge,200,100,0,1.0,35.0,0.1275,0.0182,-0.1093,nan,0.0182,-0.1093,0.0,5.0
W1_INSIDE,0.42,mix:1/20@0,0.0,A2_purge_wipe,200,100,0,1.0,35.0,0.1275,0.0257,-0.1018,nan,0.0257,-0.1018,0.0,9.5
W1_INSIDE,0.42,mix:1/20@0.125,0.125,A0_no_purge,200,100,0,1.0,32.0,0.1268,0.0139,-0.1129,0.02,0.0129,-0.1254,0.0,
W1_INSIDE,0.42,mix:1/20@0.125,0.125,A1_purge,200,100,0,1.0,32.0,0.1268,0.0189,-0.1079,0.04,0.0154,-0.1229,0.0,2.5
W1_INSIDE,0.42,mix:1/20@0.125,0.125,A2_purge_wipe,200,100,0,1.0,32.0,0.1268,0.025,-0.1018,0.0425,0.0221,-0.1163,0.0,13.5
W1_INSIDE,0.42,mix:1/20@0.25,0.25,A0_no_purge,200,100,0,1.0,27.0,0.1207,0.0129,-0.1079,0.0187,0.0105,-0.136,0.0,
W1_INSIDE,0.42,mix:1/20@0.25,0.25,A1_purge,200,100,0,1.0,27.0,0.1207,0.0268,-0.0939,0.0437,0.02,-0.1265,0.0,4
W1_INSIDE,0.42,mix:1/20@0.25,0.25,A2_purge_wipe,200,100,0,1.0,27.0,0.1207,0.04,-0.0807,0.055,0.034,-0.1125,0.005,7.0
W1_INSIDE,0.42,mix:1/20@0.375,0.375,A0_no_purge,200,100,0,1.0,25.0,0.1343,0.0175,-0.1168,0.025,0.0133,-0.1544,0.0,2.0
W1_INSIDE,0.42,mix:1/20@0.375,0.375,A1_purge,200,100,0,1.0,25.0,0.1343,0.0339,-0.1004,0.044,0.0283,-0.1394,0.0,4
W1_INSIDE,0.42,mix:1/20@0.375,0.375,A2_purge_wipe,200,100,0,1.0,25.0,0.1343,0.0361,-0.0982,0.049,0.0289,-0.1389,0.0,9.0
W1_INSIDE,0.42,mix:1/20@0.5,0.5,A0_no_purge,200,100,0,1.0,20.0,0.1232,0.015,-0.1082,0.0221,0.0079,-0.1743,0.0,1.5
W1_INSIDE,0.42,mix:1/20@0.5,0.5,A1_purge,200,100,0,1.0,20.0,0.1232,0.035,-0.0882,0.0464,0.0236,-0.1586,0.0,8
W1_INSIDE,0.42,mix:1/20@0.5,0.5,A2_purge_wipe,200,100,0,1.0,20.0,0.1232,0.0411,-0.0822,0.0522,0.03,-0.1522,0.0,11
W1_INSIDE,0.42,mix:1/20@0.625,0.625,A0_no_purge,200,100,0,1.0,18.0,0.0996,0.0186,-0.0811,0.0222,0.012,-0.157,0.0,
W1_INSIDE,0.42,mix:1/20@0.625,0.625,A1_purge,200,100,0,1.0,18.0,0.0996,0.0425,-0.0572,0.0539,0.022,-0.147,0.0,8
W1_INSIDE,0.42,mix:1/20@0.625,0.625,A2_purge_wipe,200,100,0,1.0,18.0,0.0996,0.0575,-0.0422,0.0678,0.039,-0.13,0.0,11
W1_INSIDE,0.42,mix:1/20@0.75,0.75,A0_no_purge,200,100,0,1.0,17.0,0.0957,0.0189,-0.0768,0.022,0.0112,-0.1638,0.0,
W1_INSIDE,0.42,mix:1/20@0.75,0.75,A1_purge,200,100,0,1.0,17.0,0.0957,0.0586,-0.0372,0.073,0.0225,-0.1525,0.0,16.5
W1_INSIDE,0.42,mix:1/20@0.75,0.75,A2_purge_wipe,200,100,0,1.0,17.0,0.0957,0.0693,-0.0264,0.0825,0.0362,-0.1388,0.0,13.0
W1_INSIDE,0.42,mix:1/20@0.875,0.875,A0_no_purge,200,100,0,1.0,10.0,0.1447,0.0211,-0.1236,0.0233,0.0075,-0.5175,0.0,4.0
W1_INSIDE,0.42,mix:1/20@0.875,0.875,A1_purge,200,100,0,1.0,10.0,0.1447,0.2354,0.0907,0.2433,0.1875,-0.3375,0.035,7
W1_INSIDE,0.42,mix:1/20@0.875,0.875,A2_purge_wipe,200,100,0,1.0,10.0,0.1447,0.1421,-0.0025,0.1529,0.0775,-0.4475,0.0,23.0
W1_INSIDE,0.42,mix:1/20@1,1.0,A0_no_purge,200,100,0,1.0,3.0,0.0693,0.0257,-0.0436,0.0257,nan,nan,0.0,
W1_INSIDE,0.42,mix:1/20@1,1.0,A1_purge,200,100,0,1.0,3.0,0.0693,0.3121,0.2429,0.3121,nan,nan,0.0,57
W1_INSIDE,0.42,mix:1/20@1,1.0,A2_purge_wipe,200,100,0,1.0,3.0,0.0693,0.3121,0.2429,0.3121,nan,nan,0.0,57
W1_INSIDE,0.54,mix:1/20@0,0.0,A0_no_purge,200,100,0,1.0,25.0,0.1073,0.0077,-0.0995,nan,0.0077,-0.0995,0.0,
W1_INSIDE,0.54,mix:1/20@0,0.0,A1_purge,200,100,0,1.0,25.0,0.1073,0.02,-0.0873,nan,0.02,-0.0873,0.0,10
W1_INSIDE,0.54,mix:1/20@0,0.0,A2_purge_wipe,200,100,0,1.0,25.0,0.1073,0.0345,-0.0727,nan,0.0345,-0.0727,0.0,10.0
W1_INSIDE,0.54,mix:1/20@0.125,0.125,A0_no_purge,200,100,0,1.0,23.0,0.1,0.0136,-0.0864,0.01,0.014,-0.0935,0.0,
W1_INSIDE,0.54,mix:1/20@0.125,0.125,A1_purge,200,100,0,1.0,23.0,0.1,0.0259,-0.0741,0.035,0.025,-0.0825,0.0,8.0
W1_INSIDE,0.54,mix:1/20@0.125,0.125,A2_purge_wipe,200,100,0,1.0,23.0,0.1,0.0441,-0.0559,0.035,0.045,-0.0625,0.0,10.0
W1_INSIDE,0.54,mix:1/20@0.25,0.25,A0_no_purge,200,100,0,1.0,20.0,0.0873,0.0118,-0.0754,0.01,0.0125,-0.0894,0.0,
W1_INSIDE,0.54,mix:1/20@0.25,0.25,A1_purge,200,100,0,1.0,20.0,0.0873,0.0241,-0.0632,0.04,0.0181,-0.0838,0.0,12
W1_INSIDE,0.54,mix:1/20@0.25,0.25,A2_purge_wipe,200,100,0,1.0,20.0,0.0873,0.0418,-0.0454,0.06,0.035,-0.0669,0.0,9
W1_INSIDE,0.54,mix:1/20@0.375,0.375,A0_no_purge,200,100,0,1.0,19.0,0.0759,0.0136,-0.0623,0.0163,0.0121,-0.0922,0.0,
W1_INSIDE,0.54,mix:1/20@0.375,0.375,A1_purge,200,100,0,1.0,19.0,0.0759,0.025,-0.0509,0.0425,0.015,-0.0893,0.0,3
W1_INSIDE,0.54,mix:1/20@0.375,0.375,A2_purge_wipe,200,100,0,1.0,19.0,0.0759,0.0445,-0.0314,0.0638,0.0336,-0.0707,0.0,15
W1_INSIDE,0.54,mix:1/20@0.5,0.5,A0_no_purge,200,100,0,1.0,17.0,0.0777,0.0132,-0.0645,0.0142,0.012,-0.104,0.0,
W1_INSIDE,0.54,mix:1/20@0.5,0.5,A1_purge,200,100,0,1.0,17.0,0.0777,0.035,-0.0427,0.045,0.023,-0.093,0.0,5
W1_INSIDE,0.54,mix:1/20@0.5,0.5,A2_purge_wipe,200,100,0,1.0,17.0,0.0777,0.0545,-0.0232,0.0625,0.045,-0.071,0.005,13.0
W1_INSIDE,0.54,mix:1/20@0.625,0.625,A0_no_purge,200,100,0,1.0,16.0,0.0745,0.0127,-0.0618,0.015,0.0088,-0.1225,0.0,
W1_INSIDE,0.54,mix:1/20@0.625,0.625,A1_purge,200,100,0,1.0,16.0,0.0745,0.0395,-0.035,0.05,0.0213,-0.11,0.0,
W1_INSIDE,0.54,mix:1/20@0.625,0.625,A2_purge_wipe,200,100,0,1.0,16.0,0.0745,0.0636,-0.0109,0.0707,0.0512,-0.08,0.005,15
W1_INSIDE,0.54,mix:1/20@0.75,0.75,A0_no_purge,200,100,0,1.0,14.0,0.0827,0.0232,-0.0595,0.0256,0.0167,-0.1517,0.0,1
W1_INSIDE,0.54,mix:1/20@0.75,0.75,A1_purge,200,100,0,1.0,14.0,0.0827,0.0614,-0.0214,0.0719,0.0333,-0.135,0.0,18
W1_INSIDE,0.54,mix:1/20@0.75,0.75,A2_purge_wipe,200,100,0,1.0,14.0,0.0827,0.0714,-0.0114,0.0794,0.05,-0.1183,0.005,16.0
W1_INSIDE,0.54,mix:1/20@0.875,0.875,A0_no_purge,200,100,0,1.0,4.0,0.1286,0.0227,-0.1059,0.0235,0.015,-0.865,0.0,
W1_INSIDE,0.54,mix:1/20@0.875,0.875,A1_purge,200,100,0,1.0,4.0,0.1286,0.4041,0.2755,0.4065,0.38,-0.5,0.05,14
W1_INSIDE,0.54,mix:1/20@0.875,0.875,A2_purge_wipe,200,100,0,1.0,4.0,0.1286,0.1827,0.0541,0.1865,0.145,-0.735,0.005,27.5
W1_INSIDE,0.54,mix:1/20@1,1.0,A0_no_purge,200,100,0,1.0,2.0,0.0355,0.0164,-0.0191,0.0164,nan,nan,0.0,
W1_INSIDE,0.54,mix:1/20@1,1.0,A1_purge,200,100,0,1.0,2.0,0.0355,0.2413,0.2059,0.2413,nan,nan,0.0,67
W1_INSIDE,0.54,mix:1/20@1,1.0,A2_purge_wipe,200,100,0,1.0,2.0,0.0355,0.2413,0.2059,0.2413,nan,nan,0.0,67
W1_INSIDE,0.54,mix:1/full@0,0.0,A0_no_purge,200,100,0,1.0,162.0,0.1427,0.1773,0.0345,nan,0.1773,0.0345,0.0,9
W1_INSIDE,0.54,mix:1/full@0,0.0,A1_purge,200,100,0,1.0,162.0,0.1427,0.245,0.1023,nan,0.245,0.1023,0.0,21
W1_INSIDE,0.54,mix:1/full@0,0.0,A2_purge_wipe,200,100,0,1.0,162.0,0.1427,0.0523,-0.0904,nan,0.0523,-0.0904,0.005,9.0
W1_INSIDE,0.54,mix:1/full@0.125,0.125,A0_no_purge,200,100,0,1.0,137.0,0.1459,0.1777,0.0318,0.085,0.187,0.0315,0.0,9
W1_INSIDE,0.54,mix:1/full@0.125,0.125,A1_purge,200,100,0,1.0,137.0,0.1459,0.2577,0.1118,0.205,0.263,0.1075,0.0,18
W1_INSIDE,0.54,mix:1/full@0.125,0.125,A2_purge_wipe,200,100,0,1.0,137.0,0.1459,0.0486,-0.0973,0.05,0.0485,-0.107,0.005,11.0
W1_INSIDE,0.54,mix:1/full@0.25,0.25,A0_no_purge,200,100,0,1.0,97.0,0.1423,0.1368,-0.0055,0.075,0.16,-0.0219,0.0,8
W1_INSIDE,0.54,mix:1/full@0.25,0.25,A1_purge,200,100,0,1.0,97.0,0.1423,0.2836,0.1414,0.2783,0.2856,0.1037,0.0,17
W1_INSIDE,0.54,mix:1/full@0.25,0.25,A2_purge_wipe,200,100,0,1.0,97.0,0.1423,0.0468,-0.0954,0.0517,0.045,-0.1369,0.01,16.5
W1_INSIDE,0.54,mix:1/full@0.375,0.375,A0_no_purge,200,100,0,1.0,81.0,0.1413,0.1286,-0.0127,0.0712,0.1614,-0.0407,0.0,7
W1_INSIDE,0.54,mix:1/full@0.375,0.375,A1_purge,200,100,0,1.0,81.0,0.1413,0.2991,0.1577,0.3025,0.2972,0.095,0.0,14
W1_INSIDE,0.54,mix:1/full@0.375,0.375,A2_purge_wipe,200,100,0,1.0,81.0,0.1413,0.0645,-0.0768,0.0813,0.055,-0.1471,0.005,14.5
W1_INSIDE,0.54,mix:1/full@0.5,0.5,A0_no_purge,200,100,0,1.0,56.0,0.1327,0.0973,-0.0355,0.0567,0.146,-0.107,0.0,8
W1_INSIDE,0.54,mix:1/full@0.5,0.5,A1_purge,200,100,0,1.0,56.0,0.1327,0.3623,0.2295,0.3633,0.361,0.108,0.005,15
W1_INSIDE,0.54,mix:1/full@0.5,0.5,A2_purge_wipe,200,100,0,1.0,56.0,0.1327,0.0714,-0.0614,0.0833,0.057,-0.196,0.005,12.5
W1_INSIDE,0.54,mix:1/full@0.625,0.625,A0_no_purge,200,100,0,1.0,44.0,0.1291,0.0859,-0.0432,0.0593,0.1325,-0.16,0.0,8
W1_INSIDE,0.54,mix:1/full@0.625,0.625,A1_purge,200,100,0,1.0,44.0,0.1291,0.4295,0.3005,0.43,0.4288,0.1363,0.02,15
W1_INSIDE,0.54,mix:1/full@0.625,0.625,A2_purge_wipe,200,100,0,1.0,44.0,0.1291,0.0823,-0.0468,0.0972,0.0563,-0.2362,0.0,18
W1_INSIDE,0.54,mix:1/full@0.75,0.75,A0_no_purge,200,100,0,1.0,32.5,0.1341,0.0591,-0.075,0.035,0.1233,-0.265,0.0,11.0
W1_INSIDE,0.54,mix:1/full@0.75,0.75,A1_purge,200,100,0,1.0,32.5,0.1341,0.5164,0.3823,0.515,0.52,0.1317,0.045,12.0
W1_INSIDE,0.54,mix:1/full@0.75,0.75,A2_purge_wipe,200,100,0,1.0,32.5,0.1341,0.0995,-0.0345,0.1081,0.0767,-0.3117,0.005,21
W1_INSIDE,0.54,mix:1/full@0.875,0.875,A0_no_purge,200,100,0,1.0,4.0,0.1368,0.0423,-0.0945,0.0315,0.15,-0.8,0.0,
W1_INSIDE,0.54,mix:1/full@0.875,0.875,A1_purge,200,100,0,1.0,4.0,0.1368,0.8273,0.6905,0.8205,0.895,-0.055,0.6,13.0
W1_INSIDE,0.54,mix:1/full@0.875,0.875,A2_purge_wipe,200,100,0,1.0,4.0,0.1368,0.1873,0.0505,0.1925,0.135,-0.815,0.01,20
W1_INSIDE,0.54,mix:1/full@1,1.0,A0_no_purge,200,100,0,1.0,2.0,0.0355,0.0164,-0.0191,0.0164,nan,nan,0.0,
W1_INSIDE,0.54,mix:1/full@1,1.0,A1_purge,200,100,0,1.0,2.0,0.0355,0.2413,0.2059,0.2413,nan,nan,0.0,67
W1_INSIDE,0.54,mix:1/full@1,1.0,A2_purge_wipe,200,100,0,1.0,2.0,0.0355,0.2413,0.2059,0.2413,nan,nan,0.0,67
