family,attacker_pass,arm,checks,k,assigned,valid,model_rare_wrong,model_rare_abstain,model_rare_accuracy,plurality_rare_wrong,attacker_row_share,attacker_seat_share,specialist_retention,cost_usd
community,0.1,coverage,4,1,24,24,0.0417,0.8194,0.1389,0.0417,0.0141,0.0008,0.0108,0.33504
community,0.1,coverage,4,3,24,24,0.1944,0.6528,0.1528,0.2361,0.0503,0.0069,0.0162,0.34395200000000004
community,0.1,coverage,4,9,24,24,0.6806,0.2222,0.0972,0.8889,0.129,0.0486,0.017,0.36726000000000003
community,0.1,coverage,4,27,24,24,0.2778,0.5972,0.125,0.2778,0.0201,0.0201,0.0147,0.330224
community,0.1,coverage,12,1,24,24,0.0,0.0,1.0,0.0417,0.0141,0.0008,0.3765,0.333664
community,0.1,coverage,12,3,24,24,0.0,0.0,1.0,0.0694,0.0456,0.0062,0.2878,0.341128
community,0.1,coverage,12,9,24,24,0.0,0.0417,0.9583,0.2778,0.1445,0.0571,0.2431,0.388564
community,0.1,coverage,12,27,24,24,0.1111,0.0417,0.8472,0.1389,0.0494,0.0494,0.189,0.331916
community,0.1,degree,4,1,24,24,0.0417,0.7639,0.1944,0.0417,0.0141,0.0008,0.0154,0.339296
community,0.1,degree,4,3,24,24,0.0694,0.7361,0.1944,0.1389,0.0242,0.0031,0.0224,0.342272
community,0.1,degree,4,9,24,24,0.7222,0.2222,0.0556,1.0,0.1748,0.0664,0.0069,0.371996
community,0.1,degree,4,27,24,24,0.6528,0.3056,0.0417,0.6528,0.0517,0.0517,0.0069,0.33414
community,0.1,degree,12,1,24,24,0.0417,0.6667,0.2917,0.0417,0.0141,0.0008,0.0201,0.33368
community,0.1,degree,12,3,24,24,0.1389,0.6528,0.2083,0.1667,0.0242,0.0031,0.0154,0.335088
community,0.1,degree,12,9,24,24,0.4167,0.5833,0.0,1.0,0.1969,0.0764,0.0,0.39092
community,0.1,degree,12,27,24,24,0.4722,0.5278,0.0,0.4722,0.0324,0.0324,0.0,0.328848
community,0.1,no_verification,0,1,24,24,0.7778,0.1111,0.1111,1.0,0.3375,0.0185,0.0123,0.45776400000000006
community,0.1,no_verification,0,3,24,24,0.6806,0.2083,0.1111,1.0,0.2951,0.0455,0.0108,0.425928
community,0.1,no_verification,0,9,24,24,0.6389,0.3472,0.0139,0.6111,0.0753,0.0278,0.0108,0.356948
community,0.1,no_verification,0,27,24,24,0.0833,0.8056,0.1111,0.0833,0.0046,0.0046,0.0116,0.330912
community,0.1,random,4,1,24,24,0.1111,0.0139,0.875,0.9167,0.3234,0.0177,0.2423,0.442656
community,0.1,random,4,3,24,24,0.0833,0.0694,0.8472,0.8333,0.3122,0.0494,0.2384,0.443856
community,0.1,random,4,9,24,24,0.125,0.0694,0.8056,0.2361,0.1166,0.0448,0.2276,0.368488
community,0.1,random,4,27,24,24,0.0833,0.1389,0.7778,0.0694,0.037,0.037,0.2346,0.33032
community,0.1,random,12,1,24,24,0.0139,0.0,0.9861,0.7778,0.3094,0.017,0.311,0.43644
community,0.1,random,12,3,24,24,0.0,0.0278,0.9722,0.7361,0.3034,0.0471,0.3063,0.423316
community,0.1,random,12,9,24,24,0.0,0.0694,0.9306,0.0556,0.0994,0.037,0.3125,0.355392
community,0.1,random,12,27,24,24,0.0417,0.0,0.9583,0.0278,0.0324,0.0324,0.3318,0.329216
community,0.9,coverage,4,1,24,24,0.6389,0.0556,0.3056,0.9583,0.3234,0.0177,0.0394,0.444988
community,0.9,coverage,4,3,24,24,0.4861,0.0,0.5139,1.0,0.335,0.0532,0.0949,0.50274
community,0.9,coverage,4,9,24,24,0.9028,0.0556,0.0417,0.9583,0.2635,0.1088,0.0185,0.38291200000000003
community,0.9,coverage,4,27,24,24,0.3194,0.5556,0.125,0.3194,0.0255,0.0255,0.0162,0.330208
community,0.9,coverage,12,1,24,24,0.0,0.0,1.0,0.6806,0.3234,0.0177,0.3866,0.436528
community,0.9,coverage,12,3,24,24,0.0833,0.0278,0.8889,0.8333,0.3313,0.0525,0.2901,0.483696
community,0.9,coverage,12,9,24,24,0.0417,0.0,0.9583,0.7778,0.3349,0.1443,0.2932,0.491984
community,0.9,coverage,12,27,24,24,0.5139,0.0,0.4861,0.5833,0.233,0.233,0.179,0.372996
community,0.9,degree,4,1,24,24,0.8056,0.0556,0.1389,0.9583,0.3234,0.0177,0.0162,0.4567
community,0.9,degree,4,3,24,24,0.5,0.0,0.5,0.9861,0.3276,0.0517,0.1844,0.452908
community,0.9,degree,4,9,24,24,0.7083,0.25,0.0417,1.0,0.1748,0.0664,0.0069,0.372916
community,0.9,degree,4,27,24,24,0.6667,0.2917,0.0417,0.6528,0.0517,0.0517,0.0069,0.3302
community,0.9,degree,12,1,24,24,0.8194,0.0694,0.1111,0.9583,0.3234,0.0177,0.0108,0.454384
community,0.9,degree,12,3,24,24,0.9167,0.0278,0.0556,1.0,0.3276,0.0517,0.0108,0.433844
community,0.9,degree,12,9,24,24,0.4167,0.5833,0.0,1.0,0.2035,0.0795,0.0,0.39438
community,0.9,degree,12,27,24,24,0.4722,0.5278,0.0,0.4722,0.0324,0.0324,0.0,0.328848
community,0.9,no_verification,0,1,24,24,0.875,0.0139,0.1111,1.0,0.3375,0.0185,0.0123,0.44822400000000007
community,0.9,no_verification,0,3,24,24,0.75,0.1389,0.1111,1.0,0.2951,0.0455,0.0108,0.426028
community,0.9,no_verification,0,9,24,24,0.625,0.3472,0.0278,0.6111,0.0753,0.0278,0.0108,0.356128
community,0.9,no_verification,0,27,24,24,0.0833,0.8056,0.1111,0.0833,0.0046,0.0046,0.0116,0.330912
community,0.9,random,4,1,24,24,0.0278,0.0972,0.875,0.9583,0.3375,0.0185,0.2369,0.452888
community,0.9,random,4,3,24,24,0.0139,0.1111,0.875,0.875,0.3196,0.0509,0.2361,0.45238
community,0.9,random,4,9,24,24,0.125,0.0694,0.8056,0.3472,0.1761,0.0718,0.2299,0.405116
community,0.9,random,4,27,24,24,0.2639,0.0417,0.6944,0.2083,0.098,0.098,0.2353,0.33651600000000004
community,0.9,random,12,1,24,24,0.0139,0.0,0.9861,0.8472,0.3375,0.0185,0.3117,0.445784
community,0.9,random,12,3,24,24,0.0,0.0278,0.9722,0.875,0.3387,0.054,0.3032,0.435756
community,0.9,random,12,9,24,24,0.0556,0.0417,0.9028,0.375,0.2066,0.0841,0.2948,0.429248
community,0.9,random,12,27,24,24,0.2778,0.0139,0.7083,0.1806,0.1412,0.1412,0.2978,0.358932
ring,0.1,coverage,4,1,24,24,0.125,0.6389,0.2361,0.2083,0.0703,0.0039,0.0201,0.357528
ring,0.1,coverage,4,3,24,24,0.3056,0.3333,0.3611,0.4028,0.0949,0.0139,0.0579,0.357296
ring,0.1,coverage,4,9,24,24,0.7222,0.1528,0.125,0.9722,0.1414,0.0532,0.0116,0.376788
ring,0.1,coverage,4,27,24,24,0.2361,0.6944,0.0694,0.2361,0.0216,0.0216,0.0116,0.33019200000000004
ring,0.1,coverage,12,1,24,24,0.0,0.0,1.0,0.125,0.0703,0.0039,0.4506,0.352352
ring,0.1,coverage,12,3,24,24,0.0,0.0,1.0,0.0417,0.0768,0.0108,0.3071,0.349976
ring,0.1,coverage,12,9,24,24,0.0833,0.0,0.9167,0.4028,0.2323,0.0941,0.3094,0.438172
ring,0.1,coverage,12,27,24,24,0.0417,0.0,0.9583,0.0,0.0563,0.0563,0.3264,0.329192
ring,0.1,degree,4,1,24,24,0.0,0.3056,0.6944,0.2083,0.0703,0.0039,0.0833,0.353776
ring,0.1,degree,4,3,24,24,0.0417,0.3333,0.625,0.0833,0.0423,0.0054,0.1242,0.35393600000000003
ring,0.1,degree,4,9,24,24,0.25,0.4861,0.2639,1.0,0.2784,0.1157,0.0224,0.44018799999999997
ring,0.1,degree,4,27,24,24,0.75,0.1528,0.0972,0.75,0.1073,0.1073,0.0239,0.33550800000000003
ring,0.1,degree,12,1,24,24,0.1111,0.5556,0.3333,0.2083,0.0703,0.0039,0.0278,0.358084
ring,0.1,degree,12,3,24,24,0.2083,0.5139,0.2778,0.2778,0.0423,0.0054,0.0316,0.339368
ring,0.1,degree,12,9,24,24,0.4583,0.5139,0.0278,1.0,0.2468,0.1011,0.0015,0.414756
ring,0.1,degree,12,27,24,24,0.6528,0.3333,0.0139,0.6389,0.0725,0.0725,0.0031,0.32884
ring,0.1,no_verification,0,1,24,24,0.1944,0.0,0.8056,1.0,0.3375,0.0185,0.1289,0.45288400000000006
ring,0.1,no_verification,0,3,24,24,0.125,0.1667,0.7083,1.0,0.3462,0.0556,0.1157,0.47376
ring,0.1,no_verification,0,9,24,24,0.5,0.0139,0.4861,0.9444,0.3251,0.1397,0.0841,0.452868
ring,0.1,no_verification,0,27,24,24,0.7361,0.0417,0.2222,0.6111,0.1628,0.1628,0.0856,0.336572
ring,0.1,random,4,1,24,24,0.0,0.0556,0.9444,0.9028,0.3375,0.0185,0.2762,0.456716
ring,0.1,random,4,3,24,24,0.0,0.0556,0.9444,0.875,0.3239,0.0509,0.2701,0.446104
ring,0.1,random,4,9,24,24,0.0694,0.0139,0.9167,0.4306,0.1904,0.0756,0.2546,0.409564
ring,0.1,random,4,27,24,24,0.1389,0.0278,0.8333,0.0556,0.0664,0.0664,0.2593,0.34472
ring,0.1,random,12,1,24,24,0.0,0.0,1.0,0.6944,0.2953,0.0162,0.3603,0.431512
ring,0.1,random,12,3,24,24,0.0,0.0,1.0,0.6389,0.3081,0.0478,0.3449,0.424504
ring,0.1,random,12,9,24,24,0.0,0.0,1.0,0.0417,0.0894,0.0332,0.3503,0.349752
ring,0.1,random,12,27,24,24,0.0278,0.0,0.9722,0.0,0.0301,0.0301,0.348,0.336224
ring,0.9,coverage,4,1,24,24,0.5417,0.1389,0.3194,0.9583,0.3234,0.0177,0.0494,0.45924
ring,0.9,coverage,4,3,24,24,0.4306,0.1528,0.4167,0.9861,0.3304,0.0525,0.0671,0.464356
ring,0.9,coverage,4,9,24,24,0.7222,0.1667,0.1111,0.9722,0.2069,0.0841,0.017,0.379288
ring,0.9,coverage,4,27,24,24,0.2361,0.6944,0.0694,0.2361,0.0216,0.0216,0.0116,0.33019200000000004
ring,0.9,coverage,12,1,24,24,0.0,0.0,1.0,0.6111,0.3234,0.0177,0.4329,0.436496
ring,0.9,coverage,12,3,24,24,0.0,0.0,1.0,0.6111,0.3304,0.0525,0.4051,0.46082
ring,0.9,coverage,12,9,24,24,0.0417,0.0,0.9583,0.4444,0.3039,0.1281,0.3912,0.461724
ring,0.9,coverage,12,27,24,24,0.1667,0.0139,0.8194,0.1667,0.1767,0.1767,0.3079,0.355892
ring,0.9,degree,4,1,24,24,0.1806,0.0,0.8194,0.9583,0.3234,0.0177,0.115,0.446812
ring,0.9,degree,4,3,24,24,0.2639,0.0,0.7361,0.9722,0.3192,0.0502,0.2446,0.47287199999999996
ring,0.9,degree,4,9,24,24,0.3333,0.4028,0.2639,1.0,0.2784,0.1157,0.0224,0.433708
ring,0.9,degree,4,27,24,24,0.75,0.1667,0.0833,0.75,0.1073,0.1073,0.0239,0.338608
ring,0.9,degree,12,1,24,24,0.6667,0.0972,0.2361,0.9583,0.3234,0.0177,0.0285,0.45502
ring,0.9,degree,12,3,24,24,0.7778,0.0278,0.1944,0.9861,0.3192,0.0502,0.0486,0.447604
ring,0.9,degree,12,9,24,24,0.375,0.5972,0.0278,1.0,0.2468,0.1011,0.0015,0.42731600000000003
ring,0.9,degree,12,27,24,24,0.6389,0.3472,0.0139,0.6389,0.0725,0.0725,0.0031,0.32884
ring,0.9,no_verification,0,1,24,24,0.1944,0.0,0.8056,1.0,0.3375,0.0185,0.1289,0.44822400000000007
ring,0.9,no_verification,0,3,24,24,0.125,0.1667,0.7083,1.0,0.3462,0.0556,0.1157,0.48012
ring,0.9,no_verification,0,9,24,24,0.5556,0.0556,0.3889,0.9444,0.3251,0.1397,0.0841,0.453868
ring,0.9,no_verification,0,27,24,24,0.7361,0.0278,0.2361,0.6111,0.1628,0.1628,0.0856,0.345232
ring,0.9,random,4,1,24,24,0.0278,0.0278,0.9444,0.9028,0.3375,0.0185,0.2762,0.452636
ring,0.9,random,4,3,24,24,0.0,0.0556,0.9444,0.8889,0.3313,0.0525,0.2724,0.452548
ring,0.9,random,4,9,24,24,0.125,0.0278,0.8472,0.5139,0.2288,0.0941,0.2585,0.428704
ring,0.9,random,4,27,24,24,0.3056,0.0278,0.6667,0.2222,0.1204,0.1204,0.2508,0.364888
ring,0.9,random,12,1,24,24,0.0,0.0,1.0,0.7361,0.3375,0.0185,0.3557,0.44552800000000004
ring,0.9,random,12,3,24,24,0.0,0.0,1.0,0.75,0.335,0.0532,0.3426,0.432168
ring,0.9,random,12,9,24,24,0.0417,0.0,0.9583,0.3333,0.2111,0.0864,0.3302,0.410768
ring,0.9,random,12,27,24,24,0.2639,0.0,0.7361,0.1944,0.1366,0.1366,0.3048,0.368632
