id,history,stage,representation,order,length,majority,last,conflict,started,terminal,valid,reason,choice,p_majority,p_last,mass
H02-summary-reversed,H02,S1,summary,reversed,16,Cedar,Raven,True,False,False,False,missing_or_invalid_response_contract,,,,
H21-summary-chronological,H21,S1,summary,chronological,256,Raven,Raven,False,False,False,False,missing_or_invalid_response_contract,,,,
Q0-summary-shuffled,Q0,S0,summary,shuffled,16,Cedar,Cedar,False,True,True,False,http_error,,,,
H14-raw-reversed,H14,S1,raw,reversed,64,Raven,Cedar,True,False,False,False,missing_or_invalid_response_contract,,,,
H00-raw-shuffled,H00,S1,raw,shuffled,16,Cedar,Cedar,False,False,False,False,missing_or_invalid_response_contract,,,,
H03-summary-chronological,H03,S1,summary,chronological,16,Cedar,Raven,True,False,False,False,missing_or_invalid_response_contract,,,,
H07-summary-reversed,H07,S1,summary,reversed,16,Raven,Cedar,True,False,False,False,missing_or_invalid_response_contract,,,,
H21-summary-shuffled,H21,S1,summary,shuffled,256,Raven,Raven,False,False,False,False,missing_or_invalid_response_contract,,,,
H03-summary-reversed,H03,S1,summary,reversed,16,Cedar,Raven,True,False,False,False,missing_or_invalid_response_contract,,,,
H17-summary-chronological,H17,S1,summary,chronological,256,Cedar,Cedar,False,False,False,False,missing_or_invalid_response_contract,,,,
H20-raw-chronological,H20,S1,raw,chronological,256,Raven,Raven,False,False,False,False,missing_or_invalid_response_contract,,,,
H23-raw-chronological,H23,S1,raw,chronological,256,Raven,Cedar,True,False,False,False,missing_or_invalid_response_contract,,,,
H16-summary-shuffled,H16,S1,summary,shuffled,256,Cedar,Cedar,False,False,False,False,missing_or_invalid_response_contract,,,,
H14-summary-chronological,H14,S1,summary,chronological,64,Raven,Cedar,True,False,False,False,missing_or_invalid_response_contract,,,,
H08-raw-shuffled,H08,S1,raw,shuffled,64,Cedar,Cedar,False,False,False,False,missing_or_invalid_response_contract,,,,
H21-raw-chronological,H21,S1,raw,chronological,256,Raven,Raven,False,False,False,False,missing_or_invalid_response_contract,,,,
Q1-summary-shuffled,Q1,S0,summary,shuffled,16,Raven,Raven,False,False,False,False,missing_or_invalid_response_contract,,,,
H18-raw-chronological,H18,S1,raw,chronological,256,Cedar,Raven,True,False,False,False,missing_or_invalid_response_contract,,,,
H06-summary-reversed,H06,S1,summary,reversed,16,Raven,Cedar,True,False,False,False,missing_or_invalid_response_contract,,,,
Q0-raw-reversed,Q0,S0,raw,reversed,16,Cedar,Cedar,False,False,False,False,missing_or_invalid_response_contract,,,,
Q1-raw-shuffled,Q1,S0,raw,shuffled,16,Raven,Raven,False,False,False,False,missing_or_invalid_response_contract,,,,
H14-raw-chronological,H14,S1,raw,chronological,64,Raven,Cedar,True,False,False,False,missing_or_invalid_response_contract,,,,
H13-raw-chronological,H13,S1,raw,chronological,64,Raven,Raven,False,False,False,False,missing_or_invalid_response_contract,,,,
H08-raw-reversed,H08,S1,raw,reversed,64,Cedar,Cedar,False,False,False,False,missing_or_invalid_response_contract,,,,
H11-raw-reversed,H11,S1,raw,reversed,64,Cedar,Raven,True,False,False,False,missing_or_invalid_response_contract,,,,
H07-summary-chronological,H07,S1,summary,chronological,16,Raven,Cedar,True,False,False,False,missing_or_invalid_response_contract,,,,
H17-raw-reversed,H17,S1,raw,reversed,256,Cedar,Cedar,False,False,False,False,missing_or_invalid_response_contract,,,,
Q0-summary-reversed,Q0,S0,summary,reversed,16,Cedar,Cedar,False,False,False,False,missing_or_invalid_response_contract,,,,
H12-summary-shuffled,H12,S1,summary,shuffled,64,Raven,Raven,False,False,False,False,missing_or_invalid_response_contract,,,,
H02-raw-reversed,H02,S1,raw,reversed,16,Cedar,Raven,True,False,False,False,missing_or_invalid_response_contract,,,,
H10-raw-reversed,H10,S1,raw,reversed,64,Cedar,Raven,True,False,False,False,missing_or_invalid_response_contract,,,,
H13-raw-reversed,H13,S1,raw,reversed,64,Raven,Raven,False,False,False,False,missing_or_invalid_response_contract,,,,
H20-summary-reversed,H20,S1,summary,reversed,256,Raven,Raven,False,False,False,False,missing_or_invalid_response_contract,,,,
H00-raw-chronological,H00,S1,raw,chronological,16,Cedar,Cedar,False,False,False,False,missing_or_invalid_response_contract,,,,
H11-raw-shuffled,H11,S1,raw,shuffled,64,Cedar,Raven,True,False,False,False,missing_or_invalid_response_contract,,,,
H03-raw-reversed,H03,S1,raw,reversed,16,Cedar,Raven,True,False,False,False,missing_or_invalid_response_contract,,,,
H05-raw-reversed,H05,S1,raw,reversed,16,Raven,Raven,False,False,False,False,missing_or_invalid_response_contract,,,,
H03-raw-chronological,H03,S1,raw,chronological,16,Cedar,Raven,True,False,False,False,missing_or_invalid_response_contract,,,,
H07-summary-shuffled,H07,S1,summary,shuffled,16,Raven,Cedar,True,False,False,False,missing_or_invalid_response_contract,,,,
H09-summary-shuffled,H09,S1,summary,shuffled,64,Cedar,Cedar,False,False,False,False,missing_or_invalid_response_contract,,,,
H23-summary-reversed,H23,S1,summary,reversed,256,Raven,Cedar,True,False,False,False,missing_or_invalid_response_contract,,,,
H00-summary-shuffled,H00,S1,summary,shuffled,16,Cedar,Cedar,False,False,False,False,missing_or_invalid_response_contract,,,,
H16-summary-reversed,H16,S1,summary,reversed,256,Cedar,Cedar,False,False,False,False,missing_or_invalid_response_contract,,,,
H14-raw-shuffled,H14,S1,raw,shuffled,64,Raven,Cedar,True,False,False,False,missing_or_invalid_response_contract,,,,
H01-summary-reversed,H01,S1,summary,reversed,16,Cedar,Cedar,False,False,False,False,missing_or_invalid_response_contract,,,,
H01-raw-shuffled,H01,S1,raw,shuffled,16,Cedar,Cedar,False,False,False,False,missing_or_invalid_response_contract,,,,
H12-raw-reversed,H12,S1,raw,reversed,64,Raven,Raven,False,False,False,False,missing_or_invalid_response_contract,,,,
H20-summary-chronological,H20,S1,summary,chronological,256,Raven,Raven,False,False,False,False,missing_or_invalid_response_contract,,,,
H17-raw-shuffled,H17,S1,raw,shuffled,256,Cedar,Cedar,False,False,False,False,missing_or_invalid_response_contract,,,,
H04-raw-shuffled,H04,S1,raw,shuffled,16,Raven,Raven,False,False,False,False,missing_or_invalid_response_contract,,,,
H12-raw-chronological,H12,S1,raw,chronological,64,Raven,Raven,False,False,False,False,missing_or_invalid_response_contract,,,,
H01-summary-chronological,H01,S1,summary,chronological,16,Cedar,Cedar,False,False,False,False,missing_or_invalid_response_contract,,,,
H23-summary-shuffled,H23,S1,summary,shuffled,256,Raven,Cedar,True,False,False,False,missing_or_invalid_response_contract,,,,
H11-summary-chronological,H11,S1,summary,chronological,64,Cedar,Raven,True,False,False,False,missing_or_invalid_response_contract,,,,
H04-raw-chronological,H04,S1,raw,chronological,16,Raven,Raven,False,False,False,False,missing_or_invalid_response_contract,,,,
Q1-summary-chronological,Q1,S0,summary,chronological,16,Raven,Raven,False,False,False,False,missing_or_invalid_response_contract,,,,
Q1-summary-reversed,Q1,S0,summary,reversed,16,Raven,Raven,False,False,False,False,missing_or_invalid_response_contract,,,,
Q0-raw-chronological,Q0,S0,raw,chronological,16,Cedar,Cedar,False,False,False,False,missing_or_invalid_response_contract,,,,
H17-raw-chronological,H17,S1,raw,chronological,256,Cedar,Cedar,False,False,False,False,missing_or_invalid_response_contract,,,,
H05-summary-reversed,H05,S1,summary,reversed,16,Raven,Raven,False,False,False,False,missing_or_invalid_response_contract,,,,
H01-raw-reversed,H01,S1,raw,reversed,16,Cedar,Cedar,False,False,False,False,missing_or_invalid_response_contract,,,,
H20-summary-shuffled,H20,S1,summary,shuffled,256,Raven,Raven,False,False,False,False,missing_or_invalid_response_contract,,,,
H18-summary-reversed,H18,S1,summary,reversed,256,Cedar,Raven,True,False,False,False,missing_or_invalid_response_contract,,,,
H16-summary-chronological,H16,S1,summary,chronological,256,Cedar,Cedar,False,False,False,False,missing_or_invalid_response_contract,,,,
H22-raw-reversed,H22,S1,raw,reversed,256,Raven,Cedar,True,False,False,False,missing_or_invalid_response_contract,,,,
H12-summary-chronological,H12,S1,summary,chronological,64,Raven,Raven,False,False,False,False,missing_or_invalid_response_contract,,,,
H08-summary-shuffled,H08,S1,summary,shuffled,64,Cedar,Cedar,False,False,False,False,missing_or_invalid_response_contract,,,,
Q1-raw-chronological,Q1,S0,raw,chronological,16,Raven,Raven,False,False,False,False,missing_or_invalid_response_contract,,,,
H21-summary-reversed,H21,S1,summary,reversed,256,Raven,Raven,False,False,False,False,missing_or_invalid_response_contract,,,,
H11-summary-shuffled,H11,S1,summary,shuffled,64,Cedar,Raven,True,False,False,False,missing_or_invalid_response_contract,,,,
H22-raw-chronological,H22,S1,raw,chronological,256,Raven,Cedar,True,False,False,False,missing_or_invalid_response_contract,,,,
H06-raw-shuffled,H06,S1,raw,shuffled,16,Raven,Cedar,True,False,False,False,missing_or_invalid_response_contract,,,,
H19-raw-reversed,H19,S1,raw,reversed,256,Cedar,Raven,True,False,False,False,missing_or_invalid_response_contract,,,,
H13-summary-shuffled,H13,S1,summary,shuffled,64,Raven,Raven,False,False,False,False,missing_or_invalid_response_contract,,,,
H15-raw-chronological,H15,S1,raw,chronological,64,Raven,Cedar,True,False,False,False,missing_or_invalid_response_contract,,,,
H08-raw-chronological,H08,S1,raw,chronological,64,Cedar,Cedar,False,False,False,False,missing_or_invalid_response_contract,,,,
H22-summary-chronological,H22,S1,summary,chronological,256,Raven,Cedar,True,False,False,False,missing_or_invalid_response_contract,,,,
H06-summary-chronological,H06,S1,summary,chronological,16,Raven,Cedar,True,False,False,False,missing_or_invalid_response_contract,,,,
H10-raw-chronological,H10,S1,raw,chronological,64,Cedar,Raven,True,False,False,False,missing_or_invalid_response_contract,,,,
H19-summary-reversed,H19,S1,summary,reversed,256,Cedar,Raven,True,False,False,False,missing_or_invalid_response_contract,,,,
H08-summary-reversed,H08,S1,summary,reversed,64,Cedar,Cedar,False,False,False,False,missing_or_invalid_response_contract,,,,
H20-raw-shuffled,H20,S1,raw,shuffled,256,Raven,Raven,False,False,False,False,missing_or_invalid_response_contract,,,,
H09-raw-reversed,H09,S1,raw,reversed,64,Cedar,Cedar,False,False,False,False,missing_or_invalid_response_contract,,,,
H04-summary-reversed,H04,S1,summary,reversed,16,Raven,Raven,False,False,False,False,missing_or_invalid_response_contract,,,,
H10-raw-shuffled,H10,S1,raw,shuffled,64,Cedar,Raven,True,False,False,False,missing_or_invalid_response_contract,,,,
H15-summary-reversed,H15,S1,summary,reversed,64,Raven,Cedar,True,False,False,False,missing_or_invalid_response_contract,,,,
H18-raw-shuffled,H18,S1,raw,shuffled,256,Cedar,Raven,True,False,False,False,missing_or_invalid_response_contract,,,,
H18-summary-shuffled,H18,S1,summary,shuffled,256,Cedar,Raven,True,False,False,False,missing_or_invalid_response_contract,,,,
H02-raw-shuffled,H02,S1,raw,shuffled,16,Cedar,Raven,True,False,False,False,missing_or_invalid_response_contract,,,,
Q0-summary-chronological,Q0,S0,summary,chronological,16,Cedar,Cedar,False,False,False,False,missing_or_invalid_response_contract,,,,
H17-summary-reversed,H17,S1,summary,reversed,256,Cedar,Cedar,False,False,False,False,missing_or_invalid_response_contract,,,,
H23-raw-reversed,H23,S1,raw,reversed,256,Raven,Cedar,True,False,False,False,missing_or_invalid_response_contract,,,,
H19-raw-chronological,H19,S1,raw,chronological,256,Cedar,Raven,True,False,False,False,missing_or_invalid_response_contract,,,,
H19-raw-shuffled,H19,S1,raw,shuffled,256,Cedar,Raven,True,False,False,False,missing_or_invalid_response_contract,,,,
H15-raw-reversed,H15,S1,raw,reversed,64,Raven,Cedar,True,False,False,False,missing_or_invalid_response_contract,,,,
H11-summary-reversed,H11,S1,summary,reversed,64,Cedar,Raven,True,False,False,False,missing_or_invalid_response_contract,,,,
H21-raw-reversed,H21,S1,raw,reversed,256,Raven,Raven,False,False,False,False,missing_or_invalid_response_contract,,,,
H15-raw-shuffled,H15,S1,raw,shuffled,64,Raven,Cedar,True,False,False,False,missing_or_invalid_response_contract,,,,
H02-summary-chronological,H02,S1,summary,chronological,16,Cedar,Raven,True,False,False,False,missing_or_invalid_response_contract,,,,
H00-summary-chronological,H00,S1,summary,chronological,16,Cedar,Cedar,False,False,False,False,missing_or_invalid_response_contract,,,,
H07-raw-reversed,H07,S1,raw,reversed,16,Raven,Cedar,True,False,False,False,missing_or_invalid_response_contract,,,,
H23-summary-chronological,H23,S1,summary,chronological,256,Raven,Cedar,True,False,False,False,missing_or_invalid_response_contract,,,,
H09-summary-chronological,H09,S1,summary,chronological,64,Cedar,Cedar,False,False,False,False,missing_or_invalid_response_contract,,,,
H19-summary-shuffled,H19,S1,summary,shuffled,256,Cedar,Raven,True,False,False,False,missing_or_invalid_response_contract,,,,
H00-summary-reversed,H00,S1,summary,reversed,16,Cedar,Cedar,False,False,False,False,missing_or_invalid_response_contract,,,,
H01-summary-shuffled,H01,S1,summary,shuffled,16,Cedar,Cedar,False,False,False,False,missing_or_invalid_response_contract,,,,
H10-summary-chronological,H10,S1,summary,chronological,64,Cedar,Raven,True,False,False,False,missing_or_invalid_response_contract,,,,
H05-raw-chronological,H05,S1,raw,chronological,16,Raven,Raven,False,False,False,False,missing_or_invalid_response_contract,,,,
H11-raw-chronological,H11,S1,raw,chronological,64,Cedar,Raven,True,False,False,False,missing_or_invalid_response_contract,,,,
H16-raw-shuffled,H16,S1,raw,shuffled,256,Cedar,Cedar,False,False,False,False,missing_or_invalid_response_contract,,,,
Q0-raw-shuffled,Q0,S0,raw,shuffled,16,Cedar,Cedar,False,False,False,False,missing_or_invalid_response_contract,,,,
H12-raw-shuffled,H12,S1,raw,shuffled,64,Raven,Raven,False,False,False,False,missing_or_invalid_response_contract,,,,
H04-summary-shuffled,H04,S1,summary,shuffled,16,Raven,Raven,False,False,False,False,missing_or_invalid_response_contract,,,,
H10-summary-reversed,H10,S1,summary,reversed,64,Cedar,Raven,True,False,False,False,missing_or_invalid_response_contract,,,,
H18-summary-chronological,H18,S1,summary,chronological,256,Cedar,Raven,True,False,False,False,missing_or_invalid_response_contract,,,,
H15-summary-chronological,H15,S1,summary,chronological,64,Raven,Cedar,True,False,False,False,missing_or_invalid_response_contract,,,,
H22-summary-reversed,H22,S1,summary,reversed,256,Raven,Cedar,True,False,False,False,missing_or_invalid_response_contract,,,,
H19-summary-chronological,H19,S1,summary,chronological,256,Cedar,Raven,True,False,False,False,missing_or_invalid_response_contract,,,,
H05-summary-shuffled,H05,S1,summary,shuffled,16,Raven,Raven,False,False,False,False,missing_or_invalid_response_contract,,,,
H12-summary-reversed,H12,S1,summary,reversed,64,Raven,Raven,False,False,False,False,missing_or_invalid_response_contract,,,,
H06-raw-reversed,H06,S1,raw,reversed,16,Raven,Cedar,True,False,False,False,missing_or_invalid_response_contract,,,,
H13-summary-chronological,H13,S1,summary,chronological,64,Raven,Raven,False,False,False,False,missing_or_invalid_response_contract,,,,
H16-raw-chronological,H16,S1,raw,chronological,256,Cedar,Cedar,False,False,False,False,missing_or_invalid_response_contract,,,,
H03-summary-shuffled,H03,S1,summary,shuffled,16,Cedar,Raven,True,False,False,False,missing_or_invalid_response_contract,,,,
H02-summary-shuffled,H02,S1,summary,shuffled,16,Cedar,Raven,True,False,False,False,missing_or_invalid_response_contract,,,,
Q1-raw-reversed,Q1,S0,raw,reversed,16,Raven,Raven,False,False,False,False,missing_or_invalid_response_contract,,,,
H17-summary-shuffled,H17,S1,summary,shuffled,256,Cedar,Cedar,False,False,False,False,missing_or_invalid_response_contract,,,,
H13-summary-reversed,H13,S1,summary,reversed,64,Raven,Raven,False,False,False,False,missing_or_invalid_response_contract,,,,
H07-raw-shuffled,H07,S1,raw,shuffled,16,Raven,Cedar,True,False,False,False,missing_or_invalid_response_contract,,,,
H16-raw-reversed,H16,S1,raw,reversed,256,Cedar,Cedar,False,False,False,False,missing_or_invalid_response_contract,,,,
H15-summary-shuffled,H15,S1,summary,shuffled,64,Raven,Cedar,True,False,False,False,missing_or_invalid_response_contract,,,,
H22-raw-shuffled,H22,S1,raw,shuffled,256,Raven,Cedar,True,False,False,False,missing_or_invalid_response_contract,,,,
H01-raw-chronological,H01,S1,raw,chronological,16,Cedar,Cedar,False,False,False,False,missing_or_invalid_response_contract,,,,
H21-raw-shuffled,H21,S1,raw,shuffled,256,Raven,Raven,False,False,False,False,missing_or_invalid_response_contract,,,,
H04-summary-chronological,H04,S1,summary,chronological,16,Raven,Raven,False,False,False,False,missing_or_invalid_response_contract,,,,
H22-summary-shuffled,H22,S1,summary,shuffled,256,Raven,Cedar,True,False,False,False,missing_or_invalid_response_contract,,,,
H09-raw-chronological,H09,S1,raw,chronological,64,Cedar,Cedar,False,False,False,False,missing_or_invalid_response_contract,,,,
H14-summary-shuffled,H14,S1,summary,shuffled,64,Raven,Cedar,True,False,False,False,missing_or_invalid_response_contract,,,,
H09-raw-shuffled,H09,S1,raw,shuffled,64,Cedar,Cedar,False,False,False,False,missing_or_invalid_response_contract,,,,
H05-summary-chronological,H05,S1,summary,chronological,16,Raven,Raven,False,False,False,False,missing_or_invalid_response_contract,,,,
H08-summary-chronological,H08,S1,summary,chronological,64,Cedar,Cedar,False,False,False,False,missing_or_invalid_response_contract,,,,
H02-raw-chronological,H02,S1,raw,chronological,16,Cedar,Raven,True,False,False,False,missing_or_invalid_response_contract,,,,
H07-raw-chronological,H07,S1,raw,chronological,16,Raven,Cedar,True,False,False,False,missing_or_invalid_response_contract,,,,
H06-summary-shuffled,H06,S1,summary,shuffled,16,Raven,Cedar,True,False,False,False,missing_or_invalid_response_contract,,,,
H13-raw-shuffled,H13,S1,raw,shuffled,64,Raven,Raven,False,False,False,False,missing_or_invalid_response_contract,,,,
H23-raw-shuffled,H23,S1,raw,shuffled,256,Raven,Cedar,True,False,False,False,missing_or_invalid_response_contract,,,,
H04-raw-reversed,H04,S1,raw,reversed,16,Raven,Raven,False,False,False,False,missing_or_invalid_response_contract,,,,
H18-raw-reversed,H18,S1,raw,reversed,256,Cedar,Raven,True,False,False,False,missing_or_invalid_response_contract,,,,
H03-raw-shuffled,H03,S1,raw,shuffled,16,Cedar,Raven,True,False,False,False,missing_or_invalid_response_contract,,,,
H06-raw-chronological,H06,S1,raw,chronological,16,Raven,Cedar,True,False,False,False,missing_or_invalid_response_contract,,,,
H20-raw-reversed,H20,S1,raw,reversed,256,Raven,Raven,False,False,False,False,missing_or_invalid_response_contract,,,,
H09-summary-reversed,H09,S1,summary,reversed,64,Cedar,Cedar,False,False,False,False,missing_or_invalid_response_contract,,,,
H14-summary-reversed,H14,S1,summary,reversed,64,Raven,Cedar,True,False,False,False,missing_or_invalid_response_contract,,,,
H10-summary-shuffled,H10,S1,summary,shuffled,64,Cedar,Raven,True,False,False,False,missing_or_invalid_response_contract,,,,
H00-raw-reversed,H00,S1,raw,reversed,16,Cedar,Cedar,False,False,False,False,missing_or_invalid_response_contract,,,,
H05-raw-shuffled,H05,S1,raw,shuffled,16,Raven,Raven,False,False,False,False,missing_or_invalid_response_contract,,,,
