date_utc,transluce_total,transluce_significant,transluce_suggestive,wiki_save,wiki_delete,wiki_probe,wiki_revert,wiki_shortener,wiki_other_sandbox
2025-11-01,0,0,0,0,0,0,0,0,0
2025-11-02,0,0,0,0,0,0,0,0,0
2025-11-03,0,0,0,0,0,0,0,0,0
2025-11-04,0,0,0,0,0,0,0,0,0
2025-11-05,1,0,1,0,0,0,0,0,0
2025-11-06,0,0,0,0,0,0,0,0,0
2025-11-07,0,0,0,0,0,0,0,0,0
2025-11-08,0,0,0,0,0,0,0,0,0
2025-11-09,0,0,0,0,0,0,0,0,0
2025-11-10,0,0,0,0,0,0,0,0,0
2025-11-11,0,0,0,0,0,0,0,0,0
2025-11-12,44,0,44,0,0,0,0,0,0
2025-11-13,0,0,0,0,0,0,0,0,0
2025-11-14,0,0,0,0,0,0,0,0,0
2025-11-15,0,0,0,0,0,0,0,0,0
2025-11-16,5,0,5,0,0,0,0,0,0
2025-11-17,0,0,0,0,0,0,0,0,0
2025-11-18,0,0,0,0,0,0,0,0,0
2025-11-19,0,0,0,0,0,0,0,0,0
2025-11-20,0,0,0,0,0,0,0,0,0
2025-11-21,0,0,0,0,0,0,0,0,0
2025-11-22,0,0,0,0,0,0,0,0,0
2025-11-23,0,0,0,0,0,0,0,0,0
2025-11-24,61,0,61,0,0,0,0,0,0
2025-11-25,2,0,2,0,0,0,0,0,0
2025-11-26,0,0,0,0,0,0,0,0,0
2025-11-27,0,0,0,0,0,0,0,0,0
2025-11-28,5,0,5,0,0,0,0,0,0
2025-11-29,0,0,0,0,0,0,0,0,0
2025-11-30,0,0,0,0,0,0,0,0,0
2025-12-01,0,0,0,0,0,0,0,0,0
2025-12-02,0,0,0,0,0,0,0,0,0
2025-12-03,0,0,0,0,0,0,0,0,0
2025-12-04,0,0,0,0,0,0,0,0,0
2025-12-05,0,0,0,0,0,0,0,0,0
2025-12-06,0,0,0,0,0,0,0,0,0
2025-12-07,1,0,1,0,0,0,0,0,0
2025-12-08,0,0,0,0,0,0,0,0,0
2025-12-09,0,0,0,0,0,0,0,0,0
2025-12-10,0,0,0,0,0,0,0,0,0
2025-12-11,2,0,2,0,0,0,0,0,0
2025-12-12,1,0,1,0,0,0,0,0,0
2025-12-13,0,0,0,0,0,0,0,0,0
2025-12-14,0,0,0,0,0,0,0,0,0
2025-12-15,0,0,0,0,0,0,0,0,0
2025-12-16,2,0,2,0,0,0,0,0,0
2025-12-17,15,0,15,0,0,0,0,0,0
2025-12-18,6,0,6,0,0,0,0,0,0
2025-12-19,3,0,3,0,0,0,0,0,0
2025-12-20,5,0,5,0,0,0,0,0,0
2025-12-21,0,0,0,0,0,0,0,0,0
2025-12-22,0,0,0,0,0,0,0,0,0
2025-12-23,0,0,0,0,0,0,0,0,0
2025-12-24,0,0,0,0,0,0,0,0,0
2025-12-25,0,0,0,0,0,0,0,0,0
2025-12-26,0,0,0,0,0,0,0,0,0
2025-12-27,0,0,0,0,0,0,0,0,0
2025-12-28,0,0,0,0,0,0,0,0,0
2025-12-29,0,0,0,0,0,0,0,0,0
2025-12-30,0,0,0,0,0,0,0,0,0
2025-12-31,0,0,0,0,0,0,0,0,0
2026-01-01,1,0,1,0,0,0,0,0,0
2026-01-02,0,0,0,0,0,0,0,0,0
2026-01-03,0,0,0,0,0,0,0,0,0
2026-01-04,0,0,0,0,0,0,0,0,0
2026-01-05,0,0,0,0,0,0,0,0,0
2026-01-06,0,0,0,0,0,0,0,0,0
2026-01-07,1,0,1,0,0,0,0,0,0
2026-01-08,0,0,0,0,0,0,0,0,0
2026-01-09,0,0,0,0,0,0,0,0,0
2026-01-10,0,0,0,0,0,0,0,0,0
2026-01-11,0,0,0,0,0,0,0,0,0
2026-01-12,0,0,0,0,0,0,0,0,0
2026-01-13,0,0,0,0,0,0,0,0,0
2026-01-14,3,0,3,0,0,0,0,0,0
2026-01-15,0,0,0,0,0,0,0,0,0
2026-01-16,1,0,1,0,0,0,0,0,0
2026-01-17,17,0,17,0,0,0,0,0,0
2026-01-18,0,0,0,0,0,0,0,0,0
2026-01-19,0,0,0,0,0,0,0,0,0
2026-01-20,2,0,2,0,0,0,0,0,0
2026-01-21,0,0,0,0,0,0,0,0,0
2026-01-22,0,0,0,0,0,0,0,0,0
2026-01-23,0,0,0,0,0,0,0,0,0
2026-01-24,0,0,0,0,0,0,0,0,0
2026-01-25,0,0,0,0,0,0,0,0,0
2026-01-26,0,0,0,0,0,0,0,0,0
2026-01-27,1,0,1,0,0,0,0,0,0
2026-01-28,0,0,0,0,0,0,0,0,0
2026-01-29,0,0,0,0,0,0,0,0,0
2026-01-30,0,0,0,0,0,0,0,0,0
2026-01-31,0,0,0,0,0,0,0,0,0
2026-02-01,0,0,0,0,0,0,0,0,0
2026-02-02,0,0,0,0,0,0,0,0,0
2026-02-03,37,0,37,0,0,0,0,0,0
2026-02-04,0,0,0,0,0,0,0,0,0
2026-02-05,7,0,7,0,0,0,0,0,0
2026-02-06,0,0,0,0,0,0,0,0,0
2026-02-07,0,0,0,0,0,0,0,0,0
2026-02-08,4,0,4,0,0,0,0,0,0
2026-02-09,0,0,0,0,0,0,0,0,0
2026-02-10,15,0,15,0,0,0,0,0,0
2026-02-11,0,0,0,0,0,0,0,0,0
2026-02-12,0,0,0,0,0,0,0,0,0
2026-02-13,5,0,5,0,0,0,0,0,0
2026-02-14,0,0,0,0,0,0,0,0,0
2026-02-15,14,0,14,0,0,0,0,0,0
2026-02-16,3,0,3,0,0,0,0,0,0
2026-02-17,0,0,0,0,0,0,0,0,0
2026-02-18,0,0,0,0,0,0,0,0,0
2026-02-19,0,0,0,0,0,0,0,0,0
2026-02-20,0,0,0,0,0,0,0,0,0
2026-02-21,31,0,31,0,0,0,0,0,0
2026-02-22,102,0,102,0,0,0,0,0,0
2026-02-23,0,0,0,0,0,0,0,0,0
2026-02-24,3,0,3,0,0,0,0,0,0
2026-02-25,4,0,4,0,0,0,0,0,0
2026-02-26,8,0,8,0,0,0,0,0,0
2026-02-27,0,0,0,0,0,0,0,0,0
2026-02-28,0,0,0,0,0,0,0,0,0
2026-03-01,3,0,3,0,0,0,0,0,0
2026-03-02,0,0,0,0,0,0,0,0,0
2026-03-03,0,0,0,0,0,0,0,0,0
2026-03-04,0,0,0,0,0,0,0,0,0
2026-03-05,1,0,1,0,0,0,0,0,0
2026-03-06,38,4,34,0,0,0,0,0,0
2026-03-07,0,0,0,0,0,0,0,0,0
2026-03-08,0,0,0,0,0,0,0,0,0
2026-03-09,1,0,1,0,0,0,0,0,0
2026-03-10,2,0,2,0,0,0,0,0,0
2026-03-11,9,1,8,0,0,0,0,0,0
2026-03-12,0,0,0,0,0,0,0,0,0
2026-03-13,0,0,0,0,0,0,0,0,0
2026-03-14,0,0,0,0,0,0,0,0,0
2026-03-15,7,1,6,0,0,0,0,0,0
2026-03-16,0,0,0,0,0,0,0,0,0
2026-03-17,0,0,0,0,0,0,0,0,0
2026-03-18,0,0,0,0,0,0,0,0,0
2026-03-19,0,0,0,0,0,0,0,0,0
2026-03-20,1,0,1,0,0,0,0,0,0
2026-03-21,1,0,1,0,0,0,0,0,0
2026-03-22,1,0,1,0,0,0,0,0,0
2026-03-23,2,0,2,0,0,0,0,0,0
2026-03-24,1,0,1,0,0,0,0,0,0
2026-03-25,0,0,0,0,0,0,0,0,0
2026-03-26,1,0,1,0,0,0,0,0,0
2026-03-27,2,0,2,0,0,0,0,0,0
2026-03-28,6,0,6,0,0,0,0,0,0
2026-03-29,37,0,37,0,0,0,0,0,0
2026-03-30,0,0,0,0,0,0,0,0,0
2026-03-31,0,0,0,0,0,0,0,0,0
2026-04-01,0,0,0,0,0,0,0,0,0
2026-04-02,0,0,0,0,0,0,0,0,0
2026-04-03,24,0,24,0,0,0,0,0,0
2026-04-04,0,0,0,0,0,0,0,0,0
2026-04-05,79,0,79,0,0,0,0,0,0
2026-04-06,74,0,74,0,0,0,0,0,0
2026-04-07,3,0,3,0,0,0,0,0,0
2026-04-08,5,0,5,0,0,0,0,0,0
2026-04-09,4,0,4,0,0,0,0,0,0
2026-04-10,2,0,2,0,0,0,0,0,0
2026-04-11,23,0,23,0,0,0,0,0,0
2026-04-12,6,0,6,0,0,0,0,0,0
2026-04-13,1,0,1,0,0,0,0,0,0
2026-04-14,0,0,0,0,0,0,0,0,0
2026-04-15,2,0,2,0,0,0,0,0,0
2026-04-16,1,0,1,0,0,0,0,0,0
2026-04-17,879,236,643,0,0,0,0,0,0
2026-04-18,449,117,332,0,0,0,0,0,0
2026-04-19,54,11,43,0,0,0,0,0,0
2026-04-20,31,0,31,0,0,0,0,0,0
2026-04-21,57,15,42,0,0,0,0,0,0
2026-04-22,21,0,21,0,0,0,0,0,0
2026-04-23,143,35,108,0,0,0,0,0,0
2026-04-24,133,88,45,0,0,0,0,0,0
2026-04-25,0,0,0,0,0,0,0,0,0
2026-04-26,446,173,273,0,0,0,0,0,0
2026-04-27,419,164,255,0,0,0,0,0,0
2026-04-28,91,22,69,0,0,0,0,0,0
2026-04-29,680,414,266,0,0,0,0,0,0
2026-04-30,201,66,135,0,0,0,0,0,0
2026-05-01,676,178,498,0,0,0,0,0,0
2026-05-02,380,69,311,0,0,0,0,0,0
2026-05-03,29,5,24,0,0,0,0,0,0
2026-05-04,652,176,476,0,0,0,0,0,0
2026-05-05,462,5,457,0,0,0,0,0,0
2026-05-06,123,0,123,0,0,0,0,0,0
2026-05-07,81,5,76,0,0,0,0,0,0
2026-05-08,57,1,56,0,0,0,0,0,0
2026-05-09,254,17,237,0,0,0,0,0,0
2026-05-10,1227,89,1138,0,0,0,0,0,0
2026-05-11,2239,7,2232,0,0,0,0,0,12
2026-05-12,1063,64,999,0,0,0,0,0,5
2026-05-13,1259,153,1106,0,0,0,0,0,11
2026-05-14,1378,126,1252,0,0,0,0,0,5
2026-05-15,201,55,146,0,0,0,0,0,0
2026-05-16,293,196,97,0,0,0,0,0,3
2026-05-17,1967,119,1848,0,0,3,0,0,11
2026-05-18,351,157,194,0,0,0,0,0,18
2026-05-19,167,125,42,0,0,0,0,0,4
2026-05-20,56,25,31,0,0,0,0,0,0
2026-05-21,332,121,211,0,0,0,0,0,0
2026-05-22,371,14,357,0,0,0,0,0,0
2026-05-23,762,174,588,0,0,0,0,0,0
2026-05-24,171,11,160,35,0,14,0,0,4
2026-05-25,676,118,558,0,0,0,0,0,2
2026-05-26,1796,127,1669,436,0,20,0,7,5
2026-05-27,522,76,446,48,0,0,0,10,8
2026-05-28,871,34,837,210,0,0,0,0,0
2026-05-29,850,188,662,77,0,0,0,0,0
2026-05-30,598,181,417,44,0,1,0,0,0
2026-05-31,218,57,161,16,0,1,0,0,0
2026-06-01,460,28,432,140,0,0,0,0,0
2026-06-02,112,31,81,4,0,0,0,0,0
2026-06-03,281,67,214,0,0,0,0,0,0
2026-06-04,139,0,139,5,2,0,0,0,0
2026-06-05,192,11,181,2,0,0,0,0,0
2026-06-06,336,120,216,12,0,0,0,0,0
2026-06-07,254,65,189,13,0,0,0,0,0
2026-06-08,67,22,45,14,0,1,0,0,0
2026-06-09,377,86,291,6,0,1,0,0,0
2026-06-10,523,166,357,6,0,0,0,0,0
2026-06-11,65,6,59,161,0,1,0,0,0
2026-06-12,109,32,77,0,0,0,0,9,0
2026-06-13,848,227,621,0,0,0,0,0,0
2026-06-14,506,74,432,0,0,2,0,0,0
2026-06-15,1395,505,890,0,0,1,0,0,0
2026-06-16,482,129,353,2603,0,2,0,1,2
2026-06-17,155,9,146,1297,0,0,0,214,0
2026-06-18,1717,275,1442,6543,25,48,0,235,0
2026-06-19,1722,217,1505,509,317,0,2,2,0
2026-06-20,2122,238,1884,657,78,2,0,0,0
2026-06-21,1284,128,1156,659,11,0,2,21,0
2026-06-22,0,0,0,1071,11,0,0,0,0
2026-06-23,0,0,0,1,602,0,0,0,0
2026-06-24,0,0,0,1,267,0,0,0,0
2026-06-25,0,0,0,0,179,1,0,0,0
2026-06-26,0,0,0,0,382,0,0,0,0
2026-06-27,0,0,0,0,0,0,0,0,0
2026-06-28,0,0,0,0,146,0,0,0,0
2026-06-29,0,0,0,0,88,2,0,0,0
2026-06-30,0,0,0,0,440,1,0,0,0
2026-07-01,0,0,0,7,248,0,0,0,0
2026-07-02,7,0,7,14,88,0,0,0,0
2026-07-03,9,0,9,0,71,0,0,0,0
2026-07-04,0,0,0,0,59,0,0,0,0
2026-07-05,1,0,1,0,239,0,0,0,0
2026-07-06,1,0,1,0,79,0,0,0,0
2026-07-07,0,0,0,0,522,0,0,0,0
2026-07-08,0,0,0,0,230,0,0,0,0
2026-07-09,0,0,0,0,154,0,0,0,0
2026-07-10,0,0,0,0,0,0,0,0,0
2026-07-11,0,0,0,0,86,0,0,0,0
2026-07-12,0,0,0,0,232,0,0,0,0
2026-07-13,0,0,0,0,512,0,0,0,0
2026-07-14,0,0,0,0,149,0,0,0,0
2026-07-15,0,0,0,0,0,0,0,0,0
2026-07-16,0,0,0,0,0,0,0,0,0
2026-07-17,0,0,0,0,0,0,0,0,0
2026-07-18,0,0,0,0,0,0,0,0,0
2026-07-19,2,2,0,0,0,0,0,0,0
2026-07-20,0,0,0,0,0,0,0,0,0
2026-07-21,0,0,0,0,0,0,0,0,0
2026-07-22,0,0,0,0,0,0,0,0,0
2026-07-23,0,0,0,0,0,0,0,0,0
2026-07-24,0,0,0,0,0,0,0,0,0
2026-07-25,0,0,0,0,0,0,0,0,0
2026-07-26,0,0,0,0,0,0,0,0,0
2026-07-27,1,0,1,0,0,0,0,0,0
2026-07-28,0,0,0,0,0,0,0,0,0
2026-07-29,0,0,0,0,0,0,0,0,0
2026-07-30,5,0,5,0,0,0,0,0,0
2026-07-31,0,0,0,0,0,0,0,0,0
2026-08-01,0,0,0,0,0,0,0,0,0
2026-08-02,0,0,0,0,0,0,0,0,0
2026-08-03,0,0,0,0,0,0,0,0,0
2026-08-04,0,0,0,0,0,0,0,0,0
2026-08-05,0,0,0,0,0,0,0,0,0
2026-08-06,0,0,0,0,0,0,0,0,0
2026-08-07,0,0,0,0,0,0,0,0,0
2026-08-08,0,0,0,0,0,0,0,0,0
2026-08-09,0,0,0,0,0,0,0,0,0
2026-08-10,0,0,0,0,0,0,0,0,0
2026-08-11,0,0,0,0,0,0,0,0,0
2026-08-12,0,0,0,0,0,0,0,0,0
2026-08-13,0,0,0,0,0,0,0,0,0
2026-08-14,0,0,0,0,0,0,0,0,0
2026-08-15,0,0,0,0,0,0,0,0,0
2026-08-16,0,0,0,0,0,0,0,0,0
2026-08-17,0,0,0,0,0,0,0,0,0
2026-08-18,0,0,0,0,0,0,0,0,0
2026-08-19,0,0,0,0,0,0,0,0,0
2026-08-20,0,0,0,0,0,0,0,0,0
2026-08-21,0,0,0,0,0,0,0,0,0
2026-08-22,4,0,4,0,0,0,0,0,0
2026-08-23,0,0,0,0,0,0,0,0,0
2026-08-24,0,0,0,0,0,0,0,0,0
2026-08-25,0,0,0,0,0,0,0,0,0
2026-08-26,0,0,0,0,0,0,0,0,0
2026-08-27,0,0,0,0,0,0,0,0,0
2026-08-28,0,0,0,0,0,0,0,0,0
2026-08-29,0,0,0,0,0,0,0,0,0
2026-08-30,0,0,0,0,0,0,0,0,0
2026-08-31,1,0,1,0,0,0,0,0,0
2026-09-01,0,0,0,0,0,0,0,0,0
2026-09-02,0,0,0,0,0,0,0,0,0
2026-09-03,0,0,0,0,0,0,0,0,0
2026-09-04,0,0,0,0,0,0,0,0,0
2026-09-05,0,0,0,0,0,0,0,0,0
2026-09-06,0,0,0,0,0,0,0,0,0
2026-09-07,0,0,0,0,0,0,0,0,0
2026-09-08,0,0,0,0,0,0,0,0,0
2026-09-09,1,0,1,0,0,0,0,0,0
2026-09-10,0,0,0,0,0,0,0,0,0
2026-09-11,0,0,0,0,0,0,0,0,0
2026-09-12,0,0,0,0,0,0,0,0,0
2026-09-13,0,0,0,0,0,0,0,0,0
2026-09-14,0,0,0,0,0,0,0,0,0
2026-09-15,0,0,0,0,0,0,0,0,0
2026-09-16,8,4,4,0,0,0,0,0,0
2026-09-17,0,0,0,0,0,0,0,0,0
2026-09-18,1,0,1,0,0,0,0,0,0
2026-09-19,10,0,10,0,0,0,0,0,0
2026-09-20,6,5,1,0,0,0,0,0,0
2026-09-21,0,0,0,0,0,0,0,0,0
