identities,strategy,arm,round,assigned,valid,assigned_accuracy,scripted_accuracy,assigned_accuracy_low,assigned_accuracy_high,cost_usd,attempted_calls,rare_accuracy,rare_accuracy_low,rare_accuracy_high,wrong_specialist,wrong_specialist_low,wrong_specialist_high,task_accuracy,task_accuracy_low,task_accuracy_high,bad_seat_share,bad_seat_share_low,bad_seat_share_high,harmful_seat_share,harmful_seat_share_low,harmful_seat_share_high,unique_contributors,unique_contributors_low,unique_contributors_high,newcomer_retention,newcomer_retention_low,newcomer_retention_high,oracle_available_accuracy,oracle_available_accuracy_low,oracle_available_accuracy_high
1,clean,random,4,24,24,0.5694444444444444,0.6388888888888888,0.5694444444444444,0.5694444444444443,0.11151,24,0.5694444444444444,0.40277777777777773,0.736111111111111,0.0,0.0,0.0,0.7569444444444445,0.6805555555555555,0.8333333333333334,0.3020833333333333,0.20138888888888892,0.40286458333333214,0.0,0.0,0.0,9.083333333333334,7.998958333333334,10.166666666666666,0.15277777777777776,0.08333333333333333,0.2222222222222222,0.6388888888888888,0.4861111111111111,0.7777777777777777
1,clean,random,5,24,24,0.5694444444444444,0.6388888888888888,0.5694444444444444,0.5694444444444443,0.111498,24,0.5694444444444444,0.4166666666666667,0.7222222222222222,0.0,0.0,0.0,0.7777777777777778,0.6944444444444443,0.8541666666666666,0.21180555555555555,0.13194444444444445,0.2951388888888889,0.0,0.0,0.0,10.125,9.25,10.916666666666666,0.2638888888888889,0.16666666666666666,0.3611111111111111,0.6388888888888888,0.5,0.7777777777777777
1,clean,random,8,24,24,0.5694444444444444,0.5972222222222222,0.5694444444444444,0.5694444444444443,0.111654,24,0.5694444444444444,0.4305555555555555,0.7083333333333334,0.0,0.0,0.0,0.7708333333333334,0.7083333333333334,0.8333333333333334,0.19444444444444445,0.11111111111111112,0.28125,0.0,0.0,0.0,10.208333333333334,9.333333333333334,11.041666666666666,0.25,0.15277777777777776,0.34722222222222215,0.5972222222222222,0.47222222222222215,0.7222222222222222
1,clean,renewal,4,24,24,0.6527777777777778,0.7638888888888888,0.6527777777777778,0.6527777777777777,0.111549,24,0.6527777777777778,0.5138888888888888,0.7777777777777777,0.0,0.0,0.0,0.7847222222222222,0.7222222222222222,0.8472222222222223,0.3611111111111111,0.26727430555555565,0.4618055555555556,0.0,0.0,0.0,8.625,7.416666666666667,9.75,0.16666666666666666,0.09722222222222221,0.25,0.7638888888888888,0.6666666666666666,0.861111111111111
1,clean,renewal,5,24,24,0.6527777777777778,0.6944444444444445,0.6527777777777778,0.6527777777777777,0.111522,24,0.6527777777777778,0.5138888888888888,0.7916666666666666,0.0,0.0,0.0,0.7847222222222222,0.7222222222222222,0.8472222222222223,0.2673611111111111,0.16319444444444445,0.37847222222222227,0.0,0.0,0.0,9.5,8.291666666666666,10.625,0.2916666666666667,0.19444444444444442,0.38888888888888884,0.6944444444444445,0.5694444444444444,0.8055555555555557
1,clean,renewal,8,24,24,0.6805555555555555,0.7222222222222222,0.6805555555555555,0.6805555555555554,0.111687,24,0.6805555555555555,0.5277777777777777,0.8333333333333334,0.0,0.0,0.0,0.8125,0.7430555555555555,0.8819444444444443,0.2743055555555555,0.15972222222222224,0.39236111111111116,0.0,0.0,0.0,9.291666666666666,8.041666666666666,10.459374999999985,0.2638888888888889,0.16666666666666666,0.375,0.7222222222222222,0.5694444444444444,0.861111111111111
1,clean,reputation,4,24,24,0.8611111111111112,0.9444444444444445,0.8611111111111112,0.8611111111111113,0.111564,24,0.8611111111111112,0.736111111111111,0.9583333333333334,0.0,0.0,0.0,0.875,0.8055555555555557,0.9305555555555557,0.4479166666666667,0.3576388888888889,0.5416666666666666,0.0,0.0,0.0,7.625,6.5,8.708333333333334,0.20833333333333334,0.1111111111111111,0.3055555555555555,0.9444444444444445,0.8888888888888888,0.986111111111111
1,clean,reputation,5,24,24,0.7361111111111112,0.8472222222222222,0.7361111111111112,0.7361111111111113,0.111528,24,0.7361111111111112,0.5972222222222222,0.861111111111111,0.0,0.0,0.0,0.8194444444444445,0.75,0.8819444444444445,0.3993055555555556,0.31597222222222215,0.4930555555555555,0.0,0.0,0.0,8.208333333333334,7.083333333333333,9.208333333333334,0.15277777777777776,0.08333333333333333,0.23611111111111108,0.8472222222222222,0.7777777777777777,0.9166666666666666
1,clean,reputation,8,24,24,0.75,0.8888888888888888,0.75,0.75,0.111666,24,0.75,0.611111111111111,0.875,0.0,0.0,0.0,0.8333333333333334,0.763888888888889,0.8958333333333334,0.4270833333333333,0.34375,0.5138888888888888,0.0,0.0,0.0,7.875,6.833333333333333,8.875,0.125,0.05555555555555555,0.20833333333333334,0.8888888888888888,0.8055555555555555,0.9583333333333334
1,relapse,random,4,24,24,0.15277777777777776,0.125,0.15277777777777776,0.15277777777777782,0.111495,24,0.15277777777777776,0.08333333333333333,0.23611111111111108,0.3194444444444444,0.18055555555555555,0.4583333333333333,0.5625,0.5138888888888888,0.611111111111111,0.1875,0.1111111111111111,0.2708333333333333,0.1875,0.1111111111111111,0.2708333333333333,10.333333333333334,9.5,11.083333333333334,0.16666666666666666,0.09722222222222221,0.25,0.16666666666666666,0.09722222222222221,0.25
1,relapse,random,5,24,24,0.47222222222222215,0.5,0.47222222222222215,0.47222222222222204,0.111498,24,0.47222222222222215,0.3333333333333333,0.611111111111111,0.0,0.0,0.0,0.7361111111111112,0.6666666666666666,0.8055555555555557,0.12847222222222224,0.0625,0.20138888888888892,0.0,0.0,0.0,10.958333333333334,10.208333333333334,11.625,0.2916666666666667,0.19444444444444442,0.38888888888888884,0.5,0.3611111111111111,0.6388888888888888
1,relapse,random,8,24,24,0.27777777777777773,0.27777777777777773,0.27777777777777773,0.2777777777777777,0.111555,24,0.27777777777777773,0.18055555555555555,0.38888888888888884,0.1111111111111111,0.013888888888888888,0.2222222222222222,0.638888888888889,0.5902777777777777,0.6944444444444443,0.05902777777777777,0.013888888888888888,0.11458333333333333,0.05902777777777777,0.013888888888888888,0.11458333333333333,11.458333333333334,10.957291666666668,11.875,0.2916666666666667,0.19444444444444442,0.38888888888888884,0.2916666666666667,0.19444444444444442,0.38888888888888884
1,relapse,renewal,4,24,24,0.16666666666666666,0.09722222222222221,0.16666666666666666,0.16666666666666666,0.111549,24,0.16666666666666666,0.08333333333333333,0.25,0.4583333333333333,0.3333333333333333,0.5972222222222222,0.5625,0.5206597222222223,0.611111111111111,0.2986111111111111,0.2222222222222222,0.375,0.2986111111111111,0.2222222222222222,0.375,9.333333333333334,8.458333333333334,10.208333333333334,0.19444444444444442,0.1111111111111111,0.27777777777777773,0.19444444444444442,0.1111111111111111,0.27777777777777773
1,relapse,renewal,5,24,24,0.625,0.6666666666666666,0.625,0.625,0.111528,24,0.625,0.4861111111111111,0.7638888888888888,0.0,0.0,0.0,0.7847222222222222,0.7222222222222222,0.8472222222222222,0.20833333333333334,0.12847222222222224,0.2916666666666667,0.0,0.0,0.0,10.166666666666666,9.291666666666666,11.0,0.3194444444444444,0.2222222222222222,0.4166666666666667,0.6666666666666666,0.5416666666666666,0.7916666666666666
1,relapse,renewal,8,24,24,0.2638888888888889,0.23611111111111108,0.2638888888888889,0.26388888888888884,0.111678,24,0.2638888888888889,0.15277777777777776,0.38888888888888884,0.3888888888888889,0.2222222222222222,0.5559027777777727,0.6180555555555556,0.5555555555555555,0.6805555555555557,0.20138888888888887,0.11111111111111112,0.2916666666666667,0.20138888888888887,0.11111111111111112,0.2916666666666667,10.083333333333334,9.166666666666666,10.958333333333334,0.3055555555555555,0.19444444444444442,0.4166666666666667,0.3055555555555555,0.19444444444444442,0.4166666666666667
1,relapse,reputation,4,24,24,0.09722222222222221,0.08333333333333333,0.09722222222222221,0.09722222222222217,0.111564,24,0.09722222222222221,0.027777777777777776,0.16666666666666666,0.6944444444444445,0.5416666666666666,0.8333333333333334,0.4930555555555555,0.4375,0.548611111111111,0.4479166666666667,0.36111111111111116,0.5381944444444445,0.4479166666666667,0.36111111111111116,0.5381944444444445,7.625,6.541666666666667,8.666666666666666,0.20833333333333334,0.1111111111111111,0.3055555555555555,0.20833333333333334,0.1111111111111111,0.3055555555555555
1,relapse,reputation,5,24,24,0.7361111111111112,0.8472222222222222,0.7361111111111112,0.7361111111111113,0.111528,24,0.7361111111111112,0.5972222222222222,0.861111111111111,0.0,0.0,0.0,0.8194444444444445,0.75,0.8819444444444445,0.3993055555555556,0.3125,0.4895833333333333,0.0,0.0,0.0,8.208333333333334,7.125,9.25,0.15277777777777776,0.08333333333333333,0.23611111111111108,0.8472222222222222,0.7777777777777777,0.9166666666666666
1,relapse,reputation,8,24,24,0.041666666666666664,0.013888888888888888,0.041666666666666664,0.041666666666666664,0.11163000000000001,24,0.041666666666666664,0.0,0.08333333333333333,0.6527777777777778,0.5,0.8055555555555555,0.4791666666666667,0.4375,0.5208333333333334,0.4270833333333333,0.34375,0.517361111111111,0.4270833333333333,0.34375,0.517361111111111,7.875,6.791666666666667,8.875,0.125,0.05555555555555555,0.20833333333333334,0.125,0.05555555555555555,0.20833333333333334
1,sleeper,random,4,24,24,0.16666666666666666,0.125,0.16666666666666666,0.16666666666666666,0.11151,24,0.16666666666666666,0.09722222222222221,0.25,0.3333333333333333,0.20833333333333334,0.47222222222222215,0.5694444444444444,0.5277777777777778,0.611111111111111,0.1875,0.11111111111111112,0.2743055555555555,0.1875,0.11111111111111112,0.2743055555555555,10.333333333333334,9.458333333333334,11.083333333333334,0.16666666666666666,0.09722222222222221,0.25,0.16666666666666666,0.09722222222222221,0.25
1,sleeper,random,5,24,24,0.27777777777777773,0.15277777777777776,0.27777777777777773,0.2777777777777777,0.111498,24,0.27777777777777773,0.18055555555555555,0.375,0.19444444444444442,0.08333333333333333,0.3333333333333333,0.638888888888889,0.5902777777777778,0.6875,0.12847222222222224,0.0625,0.20138888888888887,0.12847222222222224,0.0625,0.20138888888888887,10.958333333333334,10.208333333333334,11.583333333333334,0.2916666666666667,0.19444444444444442,0.38888888888888884,0.2916666666666667,0.19444444444444442,0.38888888888888884
1,sleeper,random,8,24,24,0.27777777777777773,0.27777777777777773,0.27777777777777773,0.2777777777777777,0.111555,24,0.27777777777777773,0.16666666666666666,0.38888888888888884,0.1111111111111111,0.013888888888888888,0.23611111111111108,0.638888888888889,0.5833333333333334,0.6944444444444443,0.05902777777777777,0.013888888888888888,0.11805555555555554,0.05902777777777777,0.013888888888888888,0.11805555555555554,11.458333333333334,10.916666666666666,11.875,0.2916666666666667,0.19444444444444442,0.40277777777777773,0.2916666666666667,0.19444444444444442,0.40277777777777773
1,sleeper,renewal,4,24,24,0.16666666666666666,0.09722222222222221,0.16666666666666666,0.16666666666666666,0.111549,24,0.16666666666666666,0.08333333333333333,0.25,0.4583333333333333,0.3194444444444444,0.5833333333333334,0.5625,0.5208333333333334,0.611111111111111,0.2986111111111111,0.22222222222222224,0.37152777777777785,0.2986111111111111,0.22222222222222224,0.37152777777777785,9.333333333333334,8.5,10.208333333333334,0.19444444444444442,0.1111111111111111,0.27777777777777773,0.19444444444444442,0.1111111111111111,0.27777777777777773
1,sleeper,renewal,5,24,24,0.25,0.16666666666666666,0.25,0.25,0.111528,24,0.25,0.15277777777777776,0.3611111111111111,0.3611111111111111,0.19444444444444442,0.5416666666666666,0.5972222222222222,0.5416666666666666,0.6527777777777778,0.20833333333333334,0.1284722222222222,0.2951388888888889,0.20833333333333334,0.1284722222222222,0.2951388888888889,10.166666666666666,9.25,11.0,0.3194444444444444,0.2222222222222222,0.4166666666666667,0.3194444444444444,0.2222222222222222,0.4166666666666667
1,sleeper,renewal,8,24,24,0.2916666666666667,0.2638888888888889,0.2916666666666667,0.2916666666666667,0.111708,24,0.2916666666666667,0.18055555555555555,0.4166666666666667,0.375,0.20833333333333334,0.5416666666666666,0.6319444444444444,0.5694444444444443,0.6944444444444445,0.18055555555555555,0.09722222222222222,0.2673611111111111,0.18055555555555555,0.09722222222222222,0.2673611111111111,10.291666666666666,9.416666666666666,11.125,0.3333333333333333,0.2222222222222222,0.4444444444444444,0.3333333333333333,0.2222222222222222,0.4444444444444444
1,sleeper,reputation,4,24,24,0.09722222222222221,0.08333333333333333,0.09722222222222221,0.09722222222222217,0.111564,24,0.09722222222222221,0.027777777777777776,0.18055555555555555,0.6944444444444445,0.5416666666666666,0.8333333333333334,0.4930555555555555,0.4375,0.548611111111111,0.4479166666666667,0.35763888888888884,0.5381944444444445,0.4479166666666667,0.35763888888888884,0.5381944444444445,7.625,6.541666666666667,8.708333333333334,0.20833333333333334,0.1111111111111111,0.3194444444444444,0.20833333333333334,0.1111111111111111,0.3194444444444444
1,sleeper,reputation,5,24,24,0.027777777777777776,0.0,0.027777777777777776,0.02777777777777783,0.111534,24,0.027777777777777776,0.0,0.06944444444444443,0.7083333333333334,0.5972222222222222,0.8194444444444443,0.46527777777777773,0.4236111111111111,0.5069444444444443,0.3993055555555556,0.3125,0.4896701388888876,0.3993055555555556,0.3125,0.4896701388888876,8.208333333333334,7.123958333333334,9.25,0.15277777777777776,0.08333333333333333,0.23611111111111108,0.15277777777777776,0.08333333333333333,0.23611111111111108
1,sleeper,reputation,8,24,24,0.041666666666666664,0.041666666666666664,0.041666666666666664,0.041666666666666664,0.111606,24,0.041666666666666664,0.0,0.08333333333333333,0.5972222222222222,0.4444444444444444,0.75,0.4930555555555556,0.4583333333333333,0.5277777777777778,0.3229166666666667,0.2638888888888889,0.39236111111111116,0.3229166666666667,0.2638888888888889,0.39236111111111116,9.125,8.291666666666666,9.833333333333334,0.18055555555555555,0.09722222222222221,0.2638888888888889,0.18055555555555555,0.09722222222222221,0.2638888888888889
4,clean,random,4,24,24,0.8333333333333334,0.8333333333333334,0.8333333333333334,0.8333333333333334,0.111681,24,0.8333333333333334,0.736111111111111,0.9166666666666666,0.0,0.0,0.0,0.8888888888888888,0.8333333333333334,0.9375,0.3263888888888889,0.25685763888888896,0.40277777777777785,0.0,0.0,0.0,9.666666666666666,9.0,10.291666666666666,0.15277777777777776,0.08333333333333333,0.2222222222222222,0.8333333333333334,0.736111111111111,0.9166666666666666
4,clean,random,5,24,24,0.9027777777777778,0.9027777777777778,0.9027777777777778,0.902777777777778,0.111651,24,0.9027777777777778,0.8194444444444443,0.9722222222222222,0.0,0.0,0.0,0.9166666666666666,0.8680555555555555,0.9583333333333334,0.3645833333333333,0.30902777777777773,0.42361111111111116,0.0,0.0,0.0,9.458333333333334,8.875,10.0,0.15277777777777776,0.06944444444444443,0.24999999999999997,0.9027777777777778,0.8194444444444443,0.9722222222222222
4,clean,random,8,24,24,0.9027777777777778,0.9027777777777778,0.9027777777777778,0.902777777777778,0.111762,24,0.9027777777777778,0.8194444444444443,0.9722222222222222,0.0,0.0,0.0,0.9305555555555555,0.888888888888889,0.9652777777777778,0.3680555555555556,0.2986111111111111,0.4375,0.0,0.0,0.0,9.25,8.625,9.875,0.2222222222222222,0.13888888888888887,0.3055555555555555,0.9027777777777778,0.8194444444444443,0.9722222222222222
4,clean,renewal,4,24,24,0.8888888888888888,0.9027777777777778,0.8888888888888888,0.8888888888888887,0.111711,24,0.8888888888888888,0.7916666666666666,0.9583333333333334,0.0,0.0,0.0,0.9236111111111112,0.875,0.9652777777777778,0.34027777777777773,0.28125,0.40277777777777773,0.0,0.0,0.0,9.541666666666666,8.916666666666666,10.166666666666666,0.15277777777777776,0.08333333333333333,0.2222222222222222,0.9027777777777778,0.8194444444444443,0.9722222222222222
4,clean,renewal,5,24,24,0.875,0.875,0.875,0.875,0.111681,24,0.875,0.7777777777777777,0.9583333333333334,0.0,0.0,0.0,0.9166666666666666,0.8680555555555555,0.9583333333333334,0.3645833333333333,0.2881944444444444,0.4375,0.0,0.0,0.0,9.125,8.5,9.75,0.18055555555555555,0.09722222222222221,0.27777777777777773,0.875,0.7777777777777777,0.9583333333333334
4,clean,renewal,8,24,24,0.9444444444444445,0.9444444444444445,0.9444444444444445,0.9444444444444446,0.111795,24,0.9444444444444445,0.861111111111111,1.0,0.0,0.0,0.0,0.9305555555555555,0.8819444444444445,0.9722222222222223,0.3506944444444444,0.2847222222222222,0.4166666666666667,0.0,0.0,0.0,9.791666666666666,9.333333333333334,10.25,0.3333333333333333,0.20833333333333334,0.4583333333333333,0.9444444444444445,0.861111111111111,1.0
4,clean,reputation,4,24,24,0.8611111111111112,0.9166666666666666,0.8611111111111112,0.8611111111111113,0.111672,24,0.8611111111111112,0.7638888888888888,0.9444444444444443,0.0,0.0,0.0,0.9166666666666666,0.8611111111111112,0.9652777777777778,0.4131944444444444,0.35763888888888884,0.47222222222222227,0.0,0.0,0.0,9.666666666666666,9.125,10.208333333333334,0.125,0.05555555555555555,0.20833333333333334,0.9166666666666666,0.861111111111111,0.9722222222222222
4,clean,reputation,5,24,24,0.875,0.8888888888888888,0.875,0.875,0.111651,24,0.875,0.8055555555555555,0.9444444444444443,0.0,0.0,0.0,0.8819444444444445,0.8472222222222223,0.9166666666666666,0.3819444444444444,0.3194444444444444,0.4444444444444445,0.0,0.0,0.0,9.958333333333334,9.333333333333334,10.541666666666666,0.16666666666666666,0.09722222222222221,0.25,0.8888888888888888,0.8194444444444443,0.9444444444444443
4,clean,reputation,8,24,24,0.8888888888888888,0.9027777777777778,0.8888888888888888,0.8888888888888887,0.111792,24,0.8888888888888888,0.8194444444444443,0.9444444444444443,0.0,0.0,0.0,0.9097222222222222,0.875,0.9444444444444445,0.3958333333333333,0.35763888888888884,0.43402777777777785,0.0,0.0,0.0,10.041666666666666,9.541666666666666,10.5,0.2222222222222222,0.125,0.3333333333333333,0.9027777777777778,0.8472222222222222,0.9583333333333334
4,relapse,random,4,24,24,0.08333333333333333,0.041666666666666664,0.08333333333333333,0.08333333333333333,0.111744,24,0.08333333333333333,0.027777777777777776,0.13888888888888887,0.6666666666666666,0.5277777777777778,0.7916666666666666,0.5347222222222222,0.5069444444444444,0.5625,0.23611111111111113,0.1875,0.2847222222222222,0.23611111111111113,0.1875,0.2847222222222222,10.333333333333334,9.875,10.791666666666666,0.15277777777777776,0.08333333333333333,0.2222222222222222,0.15277777777777776,0.08333333333333333,0.2222222222222222
4,relapse,random,5,24,24,0.8472222222222222,0.8611111111111112,0.8472222222222222,0.847222222222222,0.111651,24,0.8472222222222222,0.736111111111111,0.9444444444444443,0.0,0.0,0.0,0.9166666666666666,0.8611111111111112,0.9652777777777778,0.3055555555555555,0.2569444444444444,0.3506944444444445,0.0,0.0,0.0,9.875,9.5,10.291666666666666,0.16666666666666666,0.08333333333333333,0.25,0.8611111111111112,0.75,0.9444444444444443
4,relapse,random,8,24,24,0.25,0.09722222222222221,0.25,0.25,0.111765,24,0.25,0.16666666666666666,0.34722222222222215,0.4861111111111111,0.34722222222222215,0.625,0.6180555555555556,0.5694444444444444,0.673611111111111,0.20486111111111108,0.15277777777777776,0.2534722222222222,0.20486111111111108,0.15277777777777776,0.2534722222222222,10.458333333333334,9.958333333333334,11.0,0.3194444444444444,0.2222222222222222,0.4305555555555555,0.3194444444444444,0.2222222222222222,0.4305555555555555
4,relapse,renewal,4,24,24,0.08333333333333333,0.041666666666666664,0.08333333333333333,0.08333333333333333,0.111762,24,0.08333333333333333,0.027777777777777776,0.13888888888888887,0.7222222222222222,0.5833333333333334,0.8472222222222222,0.5416666666666666,0.5138888888888888,0.5694444444444444,0.2916666666666667,0.24652777777777776,0.34027777777777773,0.2916666666666667,0.24652777777777776,0.34027777777777773,10.0,9.458333333333334,10.541666666666666,0.16666666666666666,0.09722222222222221,0.23611111111111108,0.16666666666666666,0.09722222222222221,0.23611111111111108
4,relapse,renewal,5,24,24,0.8194444444444445,0.8194444444444445,0.8194444444444445,0.8194444444444446,0.111675,24,0.8194444444444445,0.7083333333333334,0.9166666666666666,0.0,0.0,0.0,0.8888888888888888,0.8402777777777777,0.9375,0.3055555555555555,0.23611111111111108,0.37152777777777773,0.0,0.0,0.0,9.625,9.083333333333334,10.208333333333334,0.19444444444444442,0.1111111111111111,0.2916666666666667,0.8194444444444445,0.7083333333333334,0.9166666666666666
4,relapse,renewal,8,24,24,0.19444444444444442,0.125,0.19444444444444442,0.19444444444444434,0.111753,24,0.19444444444444442,0.1111111111111111,0.2916666666666667,0.5277777777777778,0.38888888888888884,0.6666666666666666,0.5833333333333334,0.5416666666666666,0.6319444444444444,0.21875,0.16666666666666666,0.2708333333333333,0.21875,0.16666666666666666,0.2708333333333333,10.666666666666666,10.25,11.083333333333334,0.375,0.25,0.4861111111111111,0.375,0.25,0.4861111111111111
4,relapse,reputation,4,24,24,0.041666666666666664,0.027777777777777776,0.041666666666666664,0.041666666666666664,0.111807,24,0.041666666666666664,0.0,0.1111111111111111,0.7916666666666666,0.6666666666666666,0.9027777777777777,0.513888888888889,0.4861111111111111,0.5486111111111112,0.3888888888888889,0.34375,0.4375,0.3888888888888889,0.34375,0.4375,10.041666666666666,9.625,10.416666666666666,0.13888888888888887,0.06944444444444443,0.2222222222222222,0.13888888888888887,0.06944444444444443,0.2222222222222222
4,relapse,reputation,5,24,24,0.8611111111111112,0.8888888888888888,0.8611111111111112,0.8611111111111113,0.111636,24,0.8611111111111112,0.7916666666666666,0.9305555555555555,0.0,0.0,0.0,0.875,0.8333333333333334,0.9166666666666666,0.3819444444444444,0.3194444444444444,0.4444444444444445,0.0,0.0,0.0,9.958333333333334,9.375,10.541666666666666,0.16666666666666666,0.09722222222222221,0.25,0.8888888888888888,0.8194444444444443,0.9444444444444443
4,relapse,reputation,8,24,24,0.09722222222222221,0.06944444444444443,0.09722222222222221,0.09722222222222217,0.111696,24,0.09722222222222221,0.027777777777777776,0.16666666666666666,0.5972222222222222,0.47222222222222215,0.7222222222222222,0.5208333333333334,0.4791666666666667,0.5624999999999999,0.3645833333333333,0.3263888888888889,0.40277777777777785,0.3645833333333333,0.3263888888888889,0.40277777777777785,10.541666666666666,10.166666666666666,10.875,0.27777777777777773,0.18055555555555555,0.38888888888888884,0.27777777777777773,0.18055555555555555,0.38888888888888884
4,sleeper,random,4,24,24,0.06944444444444443,0.041666666666666664,0.06944444444444443,0.06944444444444449,0.111744,24,0.06944444444444443,0.013888888888888888,0.125,0.6805555555555555,0.5555555555555555,0.7916666666666666,0.5277777777777778,0.5069444444444444,0.5555555555555555,0.23611111111111113,0.1875,0.2847222222222222,0.23611111111111113,0.1875,0.2847222222222222,10.333333333333334,9.875,10.791666666666666,0.15277777777777776,0.08333333333333333,0.2222222222222222,0.15277777777777776,0.08333333333333333,0.2222222222222222
4,sleeper,random,5,24,24,0.13888888888888887,0.08333333333333333,0.13888888888888887,0.13888888888888884,0.111663,24,0.13888888888888887,0.06944444444444443,0.2222222222222222,0.47222222222222215,0.3194444444444444,0.625,0.5625,0.5277777777777778,0.6041666666666666,0.1840277777777778,0.125,0.24305555555555558,0.1840277777777778,0.125,0.24305555555555558,10.708333333333334,10.208333333333334,11.208333333333334,0.20833333333333334,0.125,0.2916666666666667,0.20833333333333334,0.125,0.2916666666666667
4,sleeper,random,8,24,24,0.38888888888888884,0.3194444444444444,0.38888888888888884,0.3888888888888887,0.11182500000000001,24,0.38888888888888884,0.27777777777777773,0.5,0.15277777777777776,0.05555555555555555,0.2638888888888889,0.6944444444444445,0.6388888888888888,0.75,0.0625,0.031249999999999997,0.10069444444444443,0.0625,0.031249999999999997,0.10069444444444443,11.666666666666666,11.333333333333334,11.916666666666666,0.4166666666666667,0.3055555555555555,0.5277777777777778,0.4166666666666667,0.3055555555555555,0.5277777777777778
4,sleeper,renewal,4,24,24,0.08333333333333333,0.041666666666666664,0.08333333333333333,0.08333333333333333,0.111777,24,0.08333333333333333,0.027777777777777776,0.13888888888888887,0.7361111111111112,0.5972222222222222,0.861111111111111,0.5416666666666666,0.5138888888888888,0.5694444444444444,0.2916666666666667,0.24652777777777776,0.34027777777777773,0.2916666666666667,0.24652777777777776,0.34027777777777773,10.0,9.458333333333334,10.583333333333334,0.16666666666666666,0.09722222222222221,0.23611111111111108,0.16666666666666666,0.09722222222222221,0.23611111111111108
4,sleeper,renewal,5,24,24,0.19444444444444442,0.09722222222222221,0.19444444444444442,0.19444444444444434,0.111681,24,0.19444444444444442,0.125,0.27777777777777773,0.5138888888888888,0.3611111111111111,0.6666666666666666,0.5902777777777778,0.548611111111111,0.6319444444444444,0.23958333333333334,0.17361111111111108,0.3055555555555555,0.23958333333333334,0.17361111111111108,0.3055555555555555,10.166666666666666,9.583333333333334,10.75,0.23611111111111108,0.13888888888888887,0.3333333333333333,0.23611111111111108,0.13888888888888887,0.3333333333333333
4,sleeper,renewal,8,24,24,0.2916666666666667,0.23611111111111108,0.2916666666666667,0.2916666666666667,0.111717,24,0.2916666666666667,0.19444444444444442,0.40277777777777773,0.3611111111111111,0.20833333333333334,0.5138888888888888,0.6319444444444444,0.576388888888889,0.6875,0.13888888888888887,0.08680555555555554,0.19444444444444442,0.13888888888888887,0.08680555555555554,0.19444444444444442,11.083333333333334,10.666666666666666,11.458333333333334,0.4166666666666667,0.3055555555555555,0.5277777777777778,0.4166666666666667,0.3055555555555555,0.5277777777777778
4,sleeper,reputation,4,24,24,0.041666666666666664,0.027777777777777776,0.041666666666666664,0.041666666666666664,0.111807,24,0.041666666666666664,0.0,0.1111111111111111,0.7916666666666666,0.6666666666666666,0.9027777777777777,0.513888888888889,0.4861111111111111,0.5486111111111112,0.3888888888888889,0.34375,0.4375,0.3888888888888889,0.34375,0.4375,10.041666666666666,9.625,10.416666666666666,0.13888888888888887,0.06944444444444443,0.2222222222222222,0.13888888888888887,0.06944444444444443,0.2222222222222222
4,sleeper,reputation,5,24,24,0.06944444444444443,0.05555555555555555,0.06944444444444443,0.06944444444444449,0.111564,24,0.06944444444444443,0.013888888888888888,0.125,0.6666666666666666,0.5694444444444443,0.7638888888888888,0.4791666666666667,0.4375,0.5208333333333334,0.37152777777777773,0.3090277777777778,0.43402777777777773,0.37152777777777773,0.3090277777777778,0.43402777777777773,10.125,9.583333333333334,10.666666666666666,0.18055555555555555,0.1111111111111111,0.26388888888888884,0.18055555555555555,0.1111111111111111,0.26388888888888884
4,sleeper,reputation,8,24,24,0.125,0.1111111111111111,0.125,0.125,0.111684,24,0.125,0.041666666666666664,0.2222222222222222,0.5833333333333334,0.4583333333333333,0.7083333333333334,0.548611111111111,0.5069444444444444,0.5972222222222222,0.3055555555555555,0.2638888888888889,0.34375,0.3055555555555555,0.2638888888888889,0.34375,11.083333333333334,10.791666666666666,11.375,0.3055555555555555,0.19444444444444442,0.4305555555555555,0.3055555555555555,0.19444444444444442,0.4305555555555555
16,clean,random,4,24,24,0.8333333333333334,0.8333333333333334,0.8333333333333334,0.8333333333333334,0.11166,24,0.8333333333333334,0.736111111111111,0.9166666666666666,0.0,0.0,0.0,0.9097222222222222,0.8611111111111112,0.951388888888889,0.3263888888888889,0.28125,0.37152777777777785,0.0,0.0,0.0,12.0,12.0,12.0,0.125,0.05555555555555555,0.20833333333333334,0.8333333333333334,0.736111111111111,0.9166666666666666
16,clean,random,5,24,24,0.9166666666666666,0.9166666666666666,0.9166666666666666,0.9166666666666666,0.11169899999999999,24,0.9166666666666666,0.8333333333333334,0.986111111111111,0.0,0.0,0.0,0.9375,0.8958333333333334,0.9791666666666666,0.34027777777777773,0.2916666666666667,0.3888888888888889,0.0,0.0,0.0,12.0,12.0,12.0,0.16666666666666666,0.08333333333333333,0.26388888888888884,0.9166666666666666,0.8333333333333334,0.986111111111111
16,clean,random,8,24,24,0.8194444444444445,0.8194444444444445,0.8194444444444445,0.8194444444444446,0.111735,24,0.8194444444444445,0.75,0.8888888888888888,0.0,0.0,0.0,0.8888888888888888,0.8472222222222223,0.9305555555555557,0.3645833333333333,0.32291666666666663,0.40972222222222215,0.0,0.0,0.0,12.0,12.0,12.0,0.20833333333333334,0.125,0.2916666666666667,0.8194444444444445,0.75,0.8888888888888888
16,clean,renewal,4,24,24,0.8472222222222222,0.875,0.8472222222222222,0.847222222222222,0.111624,24,0.8472222222222222,0.7638888888888888,0.9166666666666666,0.0,0.0,0.0,0.9097222222222222,0.8680555555555555,0.951388888888889,0.3576388888888889,0.3159722222222222,0.40277777777777785,0.0,0.0,0.0,12.0,12.0,12.0,0.13888888888888887,0.06944444444444443,0.20833333333333334,0.875,0.8055555555555555,0.9305555555555555
16,clean,renewal,5,24,24,0.9027777777777778,0.9166666666666666,0.9027777777777778,0.902777777777778,0.111678,24,0.9027777777777778,0.8194444444444443,0.9722222222222222,0.0,0.0,0.0,0.9375,0.8958333333333334,0.9722222222222223,0.3368055555555556,0.2916666666666667,0.3854166666666667,0.0,0.0,0.0,12.0,12.0,12.0,0.09722222222222221,0.041666666666666664,0.16666666666666666,0.9166666666666666,0.861111111111111,0.9722222222222222
16,clean,renewal,8,24,24,0.8333333333333334,0.8472222222222222,0.8333333333333334,0.8333333333333334,0.111702,24,0.8333333333333334,0.75,0.9027777777777777,0.0,0.0,0.0,0.8958333333333334,0.8541666666666666,0.9375,0.3576388888888889,0.32291666666666663,0.39236111111111116,0.0,0.0,0.0,12.0,12.0,12.0,0.19444444444444442,0.09722222222222221,0.2916666666666667,0.8472222222222222,0.7777777777777777,0.9166666666666666
16,clean,reputation,4,24,24,0.8888888888888888,0.8888888888888888,0.8888888888888888,0.8888888888888887,0.111639,24,0.8888888888888888,0.8194444444444443,0.9444444444444443,0.0,0.0,0.0,0.8888888888888888,0.8333333333333334,0.9375,0.3958333333333333,0.34722222222222215,0.4444444444444444,0.0,0.0,0.0,12.0,12.0,12.0,0.20833333333333334,0.1111111111111111,0.3055555555555555,0.8888888888888888,0.8194444444444443,0.9444444444444443
16,clean,reputation,5,24,24,0.875,0.9027777777777778,0.875,0.875,0.111612,24,0.875,0.8055555555555555,0.9305555555555555,0.0,0.0,0.0,0.8958333333333334,0.8472222222222223,0.9375,0.37152777777777773,0.3194444444444444,0.4201388888888889,0.0,0.0,0.0,12.0,12.0,12.0,0.2638888888888889,0.16666666666666666,0.3611111111111111,0.9027777777777778,0.8472222222222222,0.9583333333333334
16,clean,reputation,8,24,24,0.7916666666666666,0.8611111111111112,0.7916666666666666,0.7916666666666666,0.111654,24,0.7916666666666666,0.6805555555555555,0.888888888888889,0.0,0.0,0.0,0.8541666666666666,0.7847222222222222,0.9166666666666666,0.3958333333333333,0.34027777777777785,0.4513888888888889,0.0,0.0,0.0,12.0,12.0,12.0,0.20833333333333334,0.125,0.2916666666666667,0.8611111111111112,0.7777777777777777,0.9444444444444443
16,relapse,random,4,24,24,0.125,0.05555555555555555,0.125,0.125,0.111834,24,0.125,0.05555555555555555,0.20833333333333334,0.6805555555555555,0.5972222222222222,0.763888888888889,0.548611111111111,0.5069444444444443,0.5972222222222222,0.2638888888888889,0.2222222222222222,0.30902777777777773,0.2638888888888889,0.2222222222222222,0.30902777777777773,12.0,12.0,12.0,0.125,0.05555555555555555,0.20833333333333334,0.125,0.05555555555555555,0.20833333333333334
16,relapse,random,5,24,24,0.8611111111111112,0.8611111111111112,0.8611111111111112,0.8611111111111113,0.111669,24,0.8611111111111112,0.7777777777777777,0.9444444444444443,0.0,0.0,0.0,0.9166666666666666,0.875,0.9583333333333334,0.2673611111111111,0.21875,0.3125,0.0,0.0,0.0,12.0,12.0,12.0,0.18055555555555555,0.09722222222222221,0.2638888888888889,0.8611111111111112,0.7777777777777777,0.9444444444444443
16,relapse,random,8,24,24,0.16666666666666666,0.1111111111111111,0.16666666666666666,0.16666666666666666,0.11182500000000001,24,0.16666666666666666,0.08333333333333333,0.26388888888888884,0.5277777777777778,0.4305555555555555,0.625,0.5833333333333334,0.5416666666666666,0.6319444444444443,0.1909722222222222,0.15277777777777776,0.22916666666666663,0.1909722222222222,0.15277777777777776,0.22916666666666663,12.0,12.0,12.0,0.2638888888888889,0.16666666666666666,0.375,0.2638888888888889,0.16666666666666666,0.375
16,relapse,renewal,4,24,24,0.08333333333333333,0.041666666666666664,0.08333333333333333,0.08333333333333333,0.111792,24,0.08333333333333333,0.027777777777777776,0.13888888888888887,0.6944444444444445,0.5972222222222222,0.7916666666666666,0.5277777777777778,0.4930555555555555,0.5625,0.3090277777777778,0.2638888888888889,0.3506944444444445,0.3090277777777778,0.2638888888888889,0.3506944444444445,12.0,12.0,12.0,0.18055555555555555,0.09722222222222221,0.2638888888888889,0.18055555555555555,0.09722222222222221,0.2638888888888889
16,relapse,renewal,5,24,24,0.875,0.9027777777777778,0.875,0.875,0.111684,24,0.875,0.7916666666666666,0.9444444444444443,0.0,0.0,0.0,0.9236111111111112,0.8819444444444445,0.9583333333333334,0.3055555555555555,0.26041666666666663,0.3541666666666667,0.0,0.0,0.0,12.0,12.0,12.0,0.15277777777777776,0.08333333333333333,0.2222222222222222,0.9027777777777778,0.8472222222222222,0.9583333333333334
16,relapse,renewal,8,24,24,0.15277777777777776,0.09722222222222221,0.15277777777777776,0.15277777777777782,0.111771,24,0.15277777777777776,0.08333333333333333,0.23611111111111108,0.5555555555555555,0.4583333333333333,0.6527777777777778,0.5694444444444444,0.5277777777777778,0.611111111111111,0.22569444444444442,0.1875,0.2638888888888889,0.22569444444444442,0.1875,0.2638888888888889,12.0,12.0,12.0,0.2222222222222222,0.125,0.3194444444444444,0.2222222222222222,0.125,0.3194444444444444
16,relapse,reputation,4,24,24,0.09722222222222221,0.06944444444444443,0.09722222222222221,0.09722222222222217,0.111873,24,0.09722222222222221,0.027777777777777776,0.18055555555555555,0.7222222222222222,0.6388888888888888,0.8055555555555555,0.5208333333333334,0.47222222222222215,0.5763888888888888,0.3298611111111111,0.2847222222222222,0.375,0.3298611111111111,0.2847222222222222,0.375,12.0,12.0,12.0,0.2638888888888889,0.16666666666666666,0.3611111111111111,0.2638888888888889,0.16666666666666666,0.3611111111111111
16,relapse,reputation,5,24,24,0.875,0.9027777777777778,0.875,0.875,0.111633,24,0.875,0.7916666666666666,0.9444444444444443,0.0,0.0,0.0,0.9027777777777778,0.8541666666666666,0.9444444444444445,0.37152777777777773,0.3194444444444445,0.4201388888888889,0.0,0.0,0.0,12.0,12.0,12.0,0.2638888888888889,0.16666666666666666,0.3611111111111111,0.9027777777777778,0.8333333333333334,0.9583333333333334
16,relapse,reputation,8,24,24,0.06944444444444443,0.05555555555555555,0.06944444444444443,0.06944444444444449,0.11179800000000001,24,0.06944444444444443,0.013888888888888888,0.125,0.6527777777777778,0.5277777777777778,0.763888888888889,0.5069444444444444,0.4791666666666667,0.5347222222222222,0.3368055555555556,0.2881944444444444,0.3854166666666667,0.3368055555555556,0.2881944444444444,0.3854166666666667,12.0,12.0,12.0,0.25,0.16666666666666666,0.3333333333333333,0.25,0.16666666666666666,0.3333333333333333
16,sleeper,random,4,24,24,0.125,0.05555555555555555,0.125,0.125,0.111834,24,0.125,0.05555555555555555,0.20833333333333334,0.6805555555555555,0.5833333333333334,0.7638888888888888,0.548611111111111,0.5069444444444443,0.5902777777777778,0.2638888888888889,0.2222222222222222,0.3055555555555556,0.2638888888888889,0.2222222222222222,0.3055555555555556,12.0,12.0,12.0,0.125,0.05555555555555555,0.20833333333333334,0.125,0.05555555555555555,0.20833333333333334
16,sleeper,random,5,24,24,0.16666666666666666,0.125,0.16666666666666666,0.16666666666666666,0.11178,24,0.16666666666666666,0.08333333333333333,0.25,0.5972222222222222,0.47222222222222215,0.7222222222222222,0.576388888888889,0.5277777777777778,0.625,0.19791666666666666,0.15624999999999997,0.23958333333333334,0.19791666666666666,0.15624999999999997,0.23958333333333334,12.0,12.0,12.0,0.18055555555555555,0.09722222222222221,0.2638888888888889,0.18055555555555555,0.09722222222222221,0.2638888888888889
16,sleeper,random,8,24,24,0.25,0.2222222222222222,0.25,0.25,0.11181,24,0.25,0.15277777777777776,0.34722222222222215,0.375,0.25,0.5,0.625,0.576388888888889,0.673611111111111,0.12152777777777778,0.08333333333333333,0.15972222222222224,0.12152777777777778,0.08333333333333333,0.15972222222222224,12.0,12.0,12.0,0.3055555555555555,0.20833333333333334,0.40277777777777773,0.3055555555555555,0.20833333333333334,0.40277777777777773
16,sleeper,renewal,4,24,24,0.08333333333333333,0.041666666666666664,0.08333333333333333,0.08333333333333333,0.111792,24,0.08333333333333333,0.027777777777777776,0.13888888888888887,0.6944444444444445,0.5833333333333334,0.7916666666666666,0.5277777777777778,0.4930555555555555,0.5625,0.3090277777777778,0.2673611111111111,0.3541666666666667,0.3090277777777778,0.2673611111111111,0.3541666666666667,12.0,12.0,12.0,0.18055555555555555,0.09722222222222221,0.2638888888888889,0.18055555555555555,0.09722222222222221,0.2638888888888889
16,sleeper,renewal,5,24,24,0.09722222222222221,0.08333333333333333,0.09722222222222221,0.09722222222222217,0.111768,24,0.09722222222222221,0.041666666666666664,0.15277777777777776,0.7083333333333334,0.6249999999999999,0.7916666666666666,0.5416666666666666,0.5069444444444444,0.5763888888888888,0.2604166666666667,0.21875,0.3020833333333333,0.2604166666666667,0.21875,0.3020833333333333,12.0,12.0,12.0,0.15277777777777776,0.08333333333333333,0.2222222222222222,0.15277777777777776,0.08333333333333333,0.2222222222222222
16,sleeper,renewal,8,24,24,0.19444444444444442,0.125,0.19444444444444442,0.19444444444444434,0.111666,24,0.19444444444444442,0.1111111111111111,0.27777777777777773,0.4166666666666667,0.3055555555555555,0.513888888888889,0.5902777777777778,0.548611111111111,0.6388888888888888,0.15277777777777776,0.12152777777777778,0.1875,0.15277777777777776,0.12152777777777778,0.1875,12.0,12.0,12.0,0.25,0.15277777777777776,0.34722222222222215,0.25,0.15277777777777776,0.34722222222222215
16,sleeper,reputation,4,24,24,0.09722222222222221,0.06944444444444443,0.09722222222222221,0.09722222222222217,0.111873,24,0.09722222222222221,0.027777777777777776,0.18055555555555555,0.7222222222222222,0.6388888888888888,0.8055555555555555,0.5208333333333334,0.47222222222222215,0.5763888888888888,0.3298611111111111,0.2847222222222222,0.375,0.3298611111111111,0.2847222222222222,0.375,12.0,12.0,12.0,0.2638888888888889,0.16666666666666666,0.3611111111111111,0.2638888888888889,0.16666666666666666,0.3611111111111111
16,sleeper,reputation,5,24,24,0.041666666666666664,0.05555555555555555,0.041666666666666664,0.041666666666666664,0.111708,24,0.041666666666666664,0.0,0.08333333333333333,0.6388888888888888,0.5138888888888888,0.75,0.4861111111111111,0.45138888888888884,0.5208333333333334,0.3055555555555555,0.2604166666666667,0.34722222222222215,0.3055555555555555,0.2604166666666667,0.34722222222222215,12.0,12.0,12.0,0.3333333333333333,0.25,0.4166666666666667,0.3333333333333333,0.25,0.4166666666666667
16,sleeper,reputation,8,24,24,0.08333333333333333,0.05555555555555555,0.08333333333333333,0.08333333333333333,0.111594,24,0.08333333333333333,0.027777777777777776,0.15277777777777776,0.5416666666666666,0.4166666666666667,0.6666666666666666,0.5069444444444444,0.4791666666666667,0.5347222222222222,0.3090277777777778,0.2604166666666667,0.3576388888888889,0.3090277777777778,0.2604166666666667,0.3576388888888889,12.0,12.0,12.0,0.23611111111111108,0.13888888888888887,0.3333333333333333,0.23611111111111108,0.13888888888888887,0.3333333333333333
