kind,attacker_pass,rule,checks,assigned,valid,attacker_seats,attacker_seat_share,specialist_retention,truth_available,truth_plurality,model_rare_correct,model_rare_wrong,model_rare_abstain,model_wrong_equal_fabricated,reference_rare_correct,reference_rare_wrong,reference_rare_abstain,input_tokens,output_tokens,cost_usd
clean,,anchors,108,24,24,22.0833,0.1363,0.2737,1.0,1.0,1.0,0.0,0.0,0.0,1.0,0.0,0.0,61728,1229,0.008331
clean,,direct,108,24,24,32.625,0.2014,0.4012,1.0,1.0,1.0,0.0,0.0,0.0,1.0,0.0,0.0,61728,792,0.008112
clean,,propagated,108,24,24,46.4167,0.2865,0.5463,1.0,1.0,1.0,0.0,0.0,0.0,1.0,0.0,0.0,61728,878,0.008155
pilot,0.1,anchors,108,24,24,5.9167,0.0365,0.321,1.0,0.9861,0.9722,0.0278,0.0,0.0278,0.9861,0.0,0.0139,61728,1426,0.00843
pilot,0.1,anchors,32,24,24,21.2083,0.1309,0.2747,1.0,0.3194,0.4028,0.3472,0.25,0.3472,0.3194,0.0972,0.5833,61728,4876,0.009566
pilot,0.1,anchors,64,24,24,16.2083,0.1001,0.2896,1.0,0.8194,0.75,0.1806,0.0694,0.1806,0.8194,0.0278,0.1528,61728,3469,0.009453
pilot,0.1,direct,108,24,24,10.375,0.064,0.3925,1.0,0.9583,0.9444,0.0417,0.0139,0.0417,0.9583,0.0,0.0417,61728,2666,0.009051
pilot,0.1,direct,32,24,24,19.5833,0.1209,0.2963,1.0,0.7778,0.7222,0.1667,0.1111,0.1667,0.7778,0.0694,0.1528,61728,3471,0.009454
pilot,0.1,direct,64,24,24,17.0,0.1049,0.3421,1.0,0.9444,0.875,0.0417,0.0833,0.0417,0.9444,0.0,0.0556,61728,3995,0.009717
pilot,0.1,propagated,108,24,24,15.9167,0.0983,0.7757,1.0,1.0,1.0,0.0,0.0,0.0,1.0,0.0,0.0,61728,1888,0.008662
pilot,0.1,propagated,32,24,24,4.375,0.027,0.3416,1.0,1.0,0.9861,0.0139,0.0,0.0139,1.0,0.0,0.0,61728,1514,0.008474
pilot,0.1,propagated,64,24,24,14.2917,0.0882,0.6461,1.0,1.0,0.9861,0.0139,0.0,0.0139,1.0,0.0,0.0,61728,1882,0.00866
pilot,0.9,anchors,108,24,24,22.0833,0.1363,0.2737,1.0,0.25,0.4722,0.4028,0.125,0.4028,0.25,0.2222,0.5278,61728,6196,0.010816
pilot,0.9,anchors,32,24,24,22.1667,0.1368,0.2731,1.0,0.0833,0.25,0.4167,0.3333,0.4167,0.0833,0.1111,0.8056,61728,5201,0.009432
pilot,0.9,anchors,64,24,24,22.0417,0.1361,0.2701,1.0,0.1806,0.3472,0.4861,0.1667,0.4861,0.1806,0.25,0.5694,61728,5605,0.010522
pilot,0.9,direct,108,24,24,32.625,0.2014,0.4012,1.0,0.4306,0.3889,0.4583,0.1528,0.4583,0.4306,0.4583,0.1111,61728,7093,0.011265
pilot,0.9,direct,32,24,24,23.7917,0.1469,0.286,0.9861,0.3194,0.3472,0.5694,0.0833,0.5694,0.3194,0.4306,0.25,61728,2499,0.008967
pilot,0.9,direct,64,24,24,27.9583,0.1726,0.3467,1.0,0.4028,0.4167,0.5,0.0833,0.5,0.4028,0.375,0.2222,61728,5543,0.010489
pilot,0.9,propagated,108,24,24,46.4167,0.2865,0.5463,1.0,0.3472,0.4444,0.5278,0.0278,0.5278,0.3472,0.5417,0.1111,61728,6342,0.010891
pilot,0.9,propagated,32,24,24,31.0,0.1914,0.375,1.0,0.4167,0.4583,0.5278,0.0139,0.5278,0.4167,0.4722,0.1111,61728,5758,0.010597
pilot,0.9,propagated,64,24,24,52.875,0.3264,0.6543,1.0,0.5139,0.4028,0.5556,0.0417,0.5556,0.5139,0.4444,0.0417,61728,8397,0.011916
