kind,attacker_pass,rule,checks,attacker_seats,same_six_values,correct_qwen,correct_luna,correct_luna_minus_qwen,correct_lo,correct_hi,fabricated_qwen,fabricated_luna,fabricated_luna_minus_qwen,fabricated_lo,fabricated_hi,other_wrong_qwen,other_wrong_luna,other_wrong_luna_minus_qwen,other_wrong_lo,other_wrong_hi,null_qwen,null_luna,null_luna_minus_qwen,null_lo,null_hi
pilot,0.1,propagated,32,4.375,23,0.9722,0.9861,0.0139,0.0,0.0417,0.0139,0.0139,0.0,0.0,0.0,0.0,0.0,0.0,0.0,0.0,0.0139,0.0,-0.0139,-0.0417,0.0
pilot,0.1,propagated,64,14.292,24,0.9861,0.9861,0.0,0.0,0.0,0.0139,0.0139,0.0,0.0,0.0,0.0,0.0,0.0,0.0,0.0,0.0,0.0,0.0,0.0,0.0
pilot,0.1,propagated,108,15.917,23,0.9861,1.0,0.0139,0.0,0.0417,0.0139,0.0,-0.0139,-0.0417,0.0,0.0,0.0,0.0,0.0,0.0,0.0,0.0,0.0,0.0,0.0
pilot,0.1,direct,32,19.583,8,0.6111,0.7222,0.1111,-0.0139,0.2365,0.3472,0.1667,-0.1806,-0.3194,-0.0556,0.0,0.0,0.0,0.0,0.0,0.0417,0.1111,0.0694,-0.0417,0.1806
pilot,0.1,direct,64,17.0,18,0.9167,0.875,-0.0417,-0.125,0.0417,0.0833,0.0417,-0.0417,-0.1111,0.0139,0.0,0.0,0.0,0.0,0.0,0.0,0.0833,0.0833,0.0,0.1944
pilot,0.1,direct,108,10.375,21,0.9583,0.9444,-0.0139,-0.0556,0.0278,0.0417,0.0417,0.0,-0.0417,0.0417,0.0,0.0,0.0,0.0,0.0,0.0,0.0139,0.0139,0.0,0.0417
pilot,0.1,anchors,32,21.208,7,0.4028,0.4028,0.0,-0.1111,0.0972,0.4861,0.3472,-0.1389,-0.2917,0.0278,0.0,0.0,0.0,0.0,0.0,0.1111,0.25,0.1389,-0.0556,0.3194
pilot,0.1,anchors,64,16.208,13,0.6667,0.75,0.0833,-0.0417,0.2083,0.2639,0.1806,-0.0833,-0.2083,0.0556,0.0,0.0,0.0,0.0,0.0,0.0694,0.0694,0.0,-0.1111,0.0972
pilot,0.1,anchors,108,5.917,23,0.9583,0.9722,0.0139,0.0,0.0417,0.0139,0.0278,0.0139,0.0,0.0417,0.0,0.0,0.0,0.0,0.0,0.0278,0.0,-0.0278,-0.0833,0.0
pilot,0.9,propagated,32,31.0,9,0.4861,0.4583,-0.0278,-0.1389,0.0837,0.5139,0.5278,0.0139,-0.0972,0.125,0.0,0.0,0.0,0.0,0.0,0.0,0.0139,0.0139,0.0,0.0417
pilot,0.9,propagated,64,52.875,6,0.3889,0.4028,0.0139,-0.1806,0.1944,0.6111,0.5556,-0.0556,-0.2361,0.1389,0.0,0.0,0.0,0.0,0.0,0.0,0.0417,0.0417,0.0,0.0833
pilot,0.9,propagated,108,46.417,13,0.3611,0.4444,0.0833,-0.0139,0.1944,0.6389,0.5278,-0.1111,-0.2083,-0.0139,0.0,0.0,0.0,0.0,0.0,0.0,0.0278,0.0278,0.0,0.0833
pilot,0.9,direct,32,23.792,10,0.4028,0.3472,-0.0556,-0.2083,0.0972,0.5278,0.5694,0.0417,-0.1111,0.1806,0.0,0.0,0.0,0.0,0.0,0.0694,0.0833,0.0139,-0.125,0.1528
pilot,0.9,direct,64,27.958,9,0.4444,0.4167,-0.0278,-0.1528,0.0972,0.5556,0.5,-0.0556,-0.1806,0.0833,0.0,0.0,0.0,0.0,0.0,0.0,0.0833,0.0833,0.0139,0.1806
pilot,0.9,direct,108,32.625,7,0.4583,0.3889,-0.0694,-0.1806,0.0417,0.5417,0.4583,-0.0833,-0.2083,0.0417,0.0,0.0,0.0,0.0,0.0,0.0,0.1528,0.1528,0.0556,0.2639
pilot,0.9,anchors,32,22.167,5,0.3889,0.25,-0.1389,-0.2639,-0.0278,0.5556,0.4167,-0.1389,-0.3056,0.0278,0.0,0.0,0.0,0.0,0.0,0.0556,0.3333,0.2778,0.0833,0.4722
pilot,0.9,anchors,64,22.042,8,0.4583,0.3472,-0.1111,-0.25,0.0417,0.4722,0.4861,0.0139,-0.125,0.1389,0.0,0.0,0.0,0.0,0.0,0.0694,0.1667,0.0972,-0.0556,0.2361
pilot,0.9,anchors,108,22.083,6,0.3472,0.4722,0.125,0.0139,0.2361,0.5694,0.4028,-0.1667,-0.3194,-0.0278,0.0,0.0,0.0,0.0,0.0,0.0833,0.125,0.0417,-0.0833,0.1806
clean,,propagated,108,46.417,24,1.0,1.0,0.0,0.0,0.0,0.0,0.0,0.0,0.0,0.0,0.0,0.0,0.0,0.0,0.0,0.0,0.0,0.0,0.0,0.0
clean,,direct,108,32.625,24,1.0,1.0,0.0,0.0,0.0,0.0,0.0,0.0,0.0,0.0,0.0,0.0,0.0,0.0,0.0,0.0,0.0,0.0,0.0,0.0
clean,,anchors,108,22.083,24,1.0,1.0,0.0,0.0,0.0,0.0,0.0,0.0,0.0,0.0,0.0,0.0,0.0,0.0,0.0,0.0,0.0,0.0,0.0,0.0
