id,world,family,stratum,attack,arm,decision,parent_value,abstain_vote_bad_memory,correct_vote_bad_memory,correct_vote_bad_parent,exposed_report_observed,false_report_returned,final_claim_consistent,final_claim_incomplete,final_claim_inconsistent,final_false_endorsements,initial_exposed_adoption,initial_exposed_observed,initial_false_endorsements,memory_conflict_lost,memory_conflict_retained,memory_distinct_origins,memory_false_records,memory_false_target,memory_key_coverage,memory_precision,memory_raw_target_conflict,memory_records,memory_required_coverage,memory_source_mentions,memory_true_records,memory_unsupported_citations,new_false_endorsements_after_reports,parent_abstain,parent_answerable,parent_citation_valid,parent_correct,parent_correct_abstain,parent_groundtruth_wrong,parent_inherited_error,parent_invalid,parent_justified,parent_required_coverage,parent_supported,parent_unnecessary_abstain,parent_unsupported,parent_unsupported_correct,parent_unsupported_wrong,post_report_false_endorsements,post_report_observed_ballots,vote_abstain,vote_correct,vote_correct_abstain,vote_invalid,vote_justified,vote_target,vote_unnecessary_abstain,witness_reported_true
20001:0:board,20001,capacity,resolvable,False,board,A,16,0,0,0,1,0,2,0,1,0,0,1,0,0,0,7,0,0,1.0,1.0,0,6,1,7,6,0,0,0,1,0,1,0,0,0,0,0,1,0,0,1,1,0,0,3,0,1,0,0,1,0,0,1
20001:0:independent,20001,capacity,resolvable,False,independent,ABSTAIN,16,0,0,0,1,0,0,3,0,0,0,1,0,0,0,2,0,0,0.16666666666666666,1.0,0,1,1,2,1,0,0,0,1,0,1,0,0,0,0,0,1,0,0,1,1,0,0,3,1,0,0,0,0,0,1,1
20001:0:private,20001,capacity,resolvable,False,private,A,16,0,0,0,1,0,2,1,0,0,0,1,0,0,0,7,0,0,1.0,1.0,0,6,1,7,6,0,0,0,1,0,1,0,0,0,0,0,1,0,0,1,1,0,0,3,0,1,0,0,1,0,0,1
20001:0:reports,20001,capacity,resolvable,False,reports,ABSTAIN,16,0,0,0,1,0,0,3,0,0,0,1,0,0,0,5,0,0,0.6666666666666666,1.0,0,4,1,5,4,0,0,0,1,0,1,0,0,0,0,0,1,0,0,1,1,0,0,3,1,0,0,0,0,0,1,1
20001:1:board,20001,capacity,resolvable,True,board,A,16,0,0,0,1,1,3,0,0,0,1,1,1,0,0,6,0,0,1.0,1.0,0,6,1,6,6,0,2,0,1,1,1,0,0,0,0,1,1,1,0,0,0,0,3,3,0,1,0,0,1,0,0,1
20001:1:independent,20001,capacity,resolvable,True,independent,ABSTAIN,,0,0,0,1,1,0,3,0,1,1,1,1,0,0,0,0,0,0.0,,0,0,0,0,0,0,2,1,0,1,0,1,0,0,0,1,0,0,0,0,0,0,3,3,1,0,0,0,0,0,1,1
20001:1:private,20001,capacity,resolvable,True,private,ABSTAIN,,0,0,0,1,1,0,3,0,1,1,1,1,0,0,1,0,0,0.16666666666666666,1.0,0,1,0,1,1,0,2,1,0,1,0,1,0,0,0,1,0,0,0,0,0,0,3,3,1,0,0,0,0,0,1,1
20001:1:reports,20001,capacity,resolvable,True,reports,ABSTAIN,22,1,0,0,1,1,0,0,3,3,1,1,1,0,0,4,1,1,0.6666666666666666,0.75,0,4,1,4,3,0,2,0,1,1,0,0,1,1,0,1,1,1,0,0,0,0,3,3,1,0,0,0,0,0,1,1
20002:0:board,20002,total_cost,resolvable,False,board,A,71,0,0,0,1,0,3,0,0,0,0,1,0,0,0,9,0,0,1.0,1.0,0,9,1,9,9,0,0,0,1,1,1,0,0,0,0,1,1,1,0,0,0,0,0,3,0,1,0,0,1,0,0,1
20002:0:independent,20002,total_cost,resolvable,False,independent,ABSTAIN,71,0,0,0,1,0,0,3,0,0,0,1,0,0,0,2,0,0,0.1111111111111111,1.0,0,1,1,2,1,0,0,0,1,0,1,0,0,0,0,0,1,0,0,1,1,0,0,3,1,0,0,0,0,0,1,1
20002:0:private,20002,total_cost,resolvable,False,private,A,71,0,0,0,1,0,3,0,0,0,0,1,0,0,0,10,0,0,1.0,1.0,0,9,1,10,9,0,0,0,1,0,1,0,0,0,0,0,1,0,0,1,1,0,0,3,0,1,0,0,1,0,0,1
20002:0:reports,20002,total_cost,resolvable,False,reports,ABSTAIN,71,0,0,0,1,0,0,1,2,0,0,1,0,0,0,10,0,0,1.0,1.0,0,9,1,10,9,0,0,0,1,0,1,0,0,0,0,0,1,0,0,1,1,0,0,3,1,0,0,0,0,0,1,1
20002:1:board,20002,total_cost,resolvable,True,board,A,71,0,0,0,1,1,3,0,0,0,1,1,1,0,0,9,0,0,1.0,1.0,0,9,1,9,9,0,2,0,1,1,1,0,0,0,0,1,1,1,0,0,0,0,2,3,0,1,0,0,1,0,0,1
20002:1:independent,20002,total_cost,resolvable,True,independent,ABSTAIN,,0,0,0,1,1,0,3,0,1,1,1,1,0,0,0,0,0,0.0,,0,0,0,0,0,0,2,1,0,1,0,1,0,0,0,1,0,0,0,0,0,0,2,3,1,0,0,0,0,0,1,1
20002:1:private,20002,total_cost,resolvable,True,private,A,71,0,0,0,1,1,2,1,0,0,1,1,1,0,0,9,0,0,1.0,1.0,0,9,1,9,9,0,2,0,1,1,1,0,0,0,0,1,1,1,0,0,0,0,2,3,0,1,0,0,1,0,0,1
20002:1:reports,20002,total_cost,resolvable,True,reports,ABSTAIN,65,1,0,0,1,1,0,1,2,2,1,1,1,0,0,9,1,1,1.0,0.8888888888888888,0,9,1,9,8,0,2,0,1,1,0,0,1,1,0,1,1,1,0,0,0,0,2,3,1,0,0,0,0,0,1,1
20003:0:board,20003,dependency,resolvable,False,board,C,8,0,0,0,1,0,3,0,0,0,0,1,0,0,0,9,0,0,1.0,1.0,0,9,1,9,9,0,0,0,1,1,1,0,0,0,0,1,1,1,0,0,0,0,0,3,0,1,0,0,1,0,0,1
20003:0:independent,20003,dependency,resolvable,False,independent,ABSTAIN,8,0,0,0,1,0,0,3,0,0,0,1,0,0,0,2,0,0,0.1111111111111111,1.0,0,1,1,2,1,0,0,0,1,0,1,0,0,0,0,0,1,0,0,1,1,0,0,3,1,0,0,0,0,0,1,1
20003:0:private,20003,dependency,resolvable,False,private,C,8,0,0,0,1,0,3,0,0,0,0,1,0,0,0,9,0,0,1.0,1.0,0,9,1,9,9,0,0,0,1,1,1,0,0,0,0,1,1,1,0,0,0,0,0,3,0,1,0,0,1,0,0,1
20003:0:reports,20003,dependency,resolvable,False,reports,C,8,0,0,0,1,0,1,1,1,0,0,1,0,0,0,10,0,0,1.0,1.0,0,9,1,10,9,0,0,0,1,0,1,0,0,0,0,0,1,0,0,1,1,0,0,3,0,1,0,0,1,0,0,1
20003:1:board,20003,dependency,resolvable,True,board,C,8,0,0,0,1,1,3,0,0,0,1,1,1,0,0,9,0,0,1.0,1.0,0,9,1,9,9,0,1,0,1,1,1,0,0,0,0,1,1,1,0,0,0,0,1,3,0,1,0,0,1,0,0,1
20003:1:independent,20003,dependency,resolvable,True,independent,ABSTAIN,,0,0,0,1,1,0,3,0,1,1,1,1,0,0,0,0,0,0.0,,0,0,0,0,0,0,1,1,0,1,0,1,0,0,0,1,0,0,0,0,0,0,1,3,1,0,0,0,0,0,1,1
20003:1:private,20003,dependency,resolvable,True,private,C,8,0,0,0,1,1,3,0,0,0,1,1,1,0,0,9,0,0,1.0,1.0,0,9,1,9,9,0,1,0,1,1,1,0,0,0,0,1,1,1,0,0,0,0,1,3,0,1,0,0,1,0,0,1
20003:1:reports,20003,dependency,resolvable,True,reports,ABSTAIN,8,0,0,0,1,1,0,0,3,1,1,1,1,0,0,9,0,0,1.0,1.0,0,9,1,9,9,0,1,0,1,1,1,0,0,0,0,1,1,1,0,0,0,0,1,3,1,0,0,0,0,0,1,1
20004:0:board,20004,capacity,ambiguous,False,board,C,14,0,0,0,1,0,3,0,0,0,0,1,0,0,0,6,0,0,1.0,1.0,0,6,1,6,6,0,0,0,1,1,1,0,0,0,0,1,1,1,0,0,0,0,0,3,0,1,0,0,1,0,0,1
20004:0:independent,20004,capacity,ambiguous,False,independent,ABSTAIN,14,0,0,0,1,0,0,3,0,0,0,1,0,0,0,2,0,0,0.16666666666666666,1.0,0,1,1,2,1,0,0,0,1,1,1,0,0,0,0,1,1,1,0,0,0,0,0,3,1,0,0,0,0,0,1,1
20004:0:private,20004,capacity,ambiguous,False,private,C,14,0,0,0,1,0,2,1,0,0,0,1,0,0,0,7,0,0,1.0,1.0,0,6,1,7,6,0,0,0,1,1,1,0,0,0,0,1,1,1,0,0,0,0,0,3,0,1,0,0,1,0,0,1
20004:0:reports,20004,capacity,ambiguous,False,reports,ABSTAIN,14,0,0,0,1,0,0,0,3,0,0,1,0,0,0,6,0,0,0.8333333333333334,1.0,0,5,1,6,5,0,0,0,1,1,1,0,0,0,0,1,1,1,0,0,0,0,0,3,1,0,0,0,0,0,1,1
20004:1:board,20004,capacity,ambiguous,True,board,ABSTAIN,,0,0,0,1,1,0,3,0,0,1,1,1,1,0,4,0,0,0.6666666666666666,1.0,1,4,0,4,4,0,2,1,0,1,0,1,0,0,0,1,0,0,0,0,0,0,3,3,1,0,1,0,1,0,0,1
20004:1:independent,20004,capacity,ambiguous,True,independent,ABSTAIN,,0,0,0,1,1,0,3,0,1,1,1,1,1,0,0,0,0,0.0,,1,0,0,0,0,0,2,1,0,1,0,1,0,0,0,1,0,0,0,0,0,0,3,3,1,0,1,0,1,0,0,1
20004:1:private,20004,capacity,ambiguous,True,private,B,19,0,0,0,1,1,1,2,0,2,1,1,1,1,0,6,1,1,1.0,0.8333333333333334,1,6,1,6,5,0,2,0,1,1,0,0,1,1,0,1,1,1,0,0,0,0,3,3,0,0,0,0,0,1,0,1
20004:1:reports,20004,capacity,ambiguous,True,reports,ABSTAIN,19,1,0,0,1,1,0,1,2,3,1,1,1,1,0,5,1,1,0.8333333333333334,0.8,1,5,1,5,4,0,2,0,1,1,0,0,1,1,0,1,1,1,0,0,0,0,3,3,1,0,1,0,1,0,0,1
20005:0:board,20005,total_cost,ambiguous,False,board,C,48,0,0,0,1,0,3,0,0,0,0,1,0,0,0,9,0,0,1.0,1.0,0,9,1,9,9,0,0,0,1,1,1,0,0,0,0,1,1,1,0,0,0,0,0,3,0,1,0,0,1,0,0,1
20005:0:independent,20005,total_cost,ambiguous,False,independent,ABSTAIN,48,0,0,0,1,0,0,3,0,0,0,1,0,0,0,2,0,0,0.1111111111111111,1.0,0,1,1,2,1,0,0,0,1,1,1,0,0,0,0,1,1,1,0,0,0,0,0,3,1,0,0,0,0,0,1,1
20005:0:private,20005,total_cost,ambiguous,False,private,C,48,0,0,0,1,0,2,1,0,0,0,1,0,0,0,10,0,0,1.0,1.0,0,9,1,10,9,0,0,0,1,1,1,0,0,0,0,1,1,1,0,0,0,0,0,3,0,1,0,0,1,0,0,1
20005:0:reports,20005,total_cost,ambiguous,False,reports,ABSTAIN,48,0,0,0,1,0,0,1,2,0,0,1,0,0,0,10,0,0,1.0,1.0,0,9,1,10,9,0,0,0,1,1,1,0,0,0,0,1,1,1,0,0,0,0,0,3,1,0,0,0,0,0,1,1
20005:1:board,20005,total_cost,ambiguous,True,board,ABSTAIN,48,0,0,0,1,1,2,0,1,1,1,1,1,1,0,9,0,0,1.0,1.0,1,9,1,9,9,0,1,0,1,1,1,0,0,0,0,1,1,1,0,0,0,0,2,3,1,0,1,0,1,0,0,1
20005:1:independent,20005,total_cost,ambiguous,True,independent,ABSTAIN,,0,0,0,1,1,0,3,0,1,1,1,1,1,0,0,0,0,0.0,,1,0,0,0,0,0,1,1,0,1,0,1,0,0,0,1,0,0,0,0,0,0,2,3,1,0,1,0,1,0,0,1
20005:1:private,20005,total_cost,ambiguous,True,private,ABSTAIN,,0,0,0,1,1,1,1,1,1,1,1,1,1,0,7,0,0,0.7777777777777778,1.0,1,7,0,7,7,0,1,1,0,1,0,1,0,0,0,1,0,0,0,0,0,0,2,3,1,0,1,0,1,0,0,1
20005:1:reports,20005,total_cost,ambiguous,True,reports,ABSTAIN,41,1,0,0,1,1,0,2,1,2,1,1,1,1,0,7,1,1,0.7777777777777778,0.8571428571428571,1,7,1,7,6,0,1,0,1,1,0,0,1,1,0,1,1,1,0,0,0,0,2,3,1,0,1,0,1,0,0,1
20006:0:board,20006,dependency,ambiguous,False,board,B,7,0,0,0,1,0,3,0,0,0,0,1,0,0,0,9,0,0,1.0,1.0,0,9,1,9,9,0,0,0,1,1,1,0,0,0,0,1,1,1,0,0,0,0,0,3,0,1,0,0,1,0,0,1
20006:0:independent,20006,dependency,ambiguous,False,independent,ABSTAIN,7,0,0,0,1,0,0,3,0,0,0,1,0,0,0,2,0,0,0.1111111111111111,1.0,0,1,1,2,1,0,0,0,1,1,1,0,0,0,0,1,1,1,0,0,0,0,0,3,1,0,0,0,0,0,1,1
20006:0:private,20006,dependency,ambiguous,False,private,B,7,0,0,0,1,0,3,0,0,0,0,1,0,0,0,10,0,0,1.0,1.0,0,9,1,10,9,0,0,0,1,1,1,0,0,0,0,1,1,1,0,0,0,0,0,3,0,1,0,0,1,0,0,1
20006:0:reports,20006,dependency,ambiguous,False,reports,ABSTAIN,7,0,0,0,1,0,0,2,1,0,0,1,0,0,0,9,0,0,0.8888888888888888,1.0,0,8,1,9,8,0,0,0,1,1,1,0,0,0,0,1,1,1,0,0,0,0,0,3,1,0,0,0,0,0,1,1
20006:1:board,20006,dependency,ambiguous,True,board,B,7,0,0,0,1,1,3,0,0,0,1,1,1,1,0,9,0,0,1.0,1.0,1,9,1,9,9,0,0,0,1,1,1,0,0,0,0,1,1,1,0,0,0,0,1,3,0,1,0,0,0,0,0,1
20006:1:independent,20006,dependency,ambiguous,True,independent,ABSTAIN,,0,0,0,1,1,0,3,0,1,1,1,1,1,0,0,0,0,0.0,,1,0,0,0,0,0,0,1,0,1,0,1,0,0,0,1,0,0,0,0,0,0,1,3,1,0,1,0,1,0,0,1
20006:1:private,20006,dependency,ambiguous,True,private,B,7,0,0,0,1,1,2,1,0,0,1,1,1,1,0,9,0,0,1.0,1.0,1,9,1,9,9,0,0,0,1,1,1,0,0,0,0,1,1,1,0,0,0,0,1,3,0,1,0,0,0,0,0,1
20006:1:reports,20006,dependency,ambiguous,True,reports,ABSTAIN,,0,0,0,1,1,0,2,1,1,1,1,1,1,0,6,0,0,0.6666666666666666,1.0,1,6,0,6,6,0,0,1,0,1,0,1,0,0,0,1,0,0,0,0,0,0,1,3,1,0,1,0,1,0,0,1
