receipt,arm,choice,quality,regret,checks,total_field_exact,logical_calls
20,best-fixed,B,0.4166666666666667,0.4583333333333333,0,False,0
20,confidence-only,C,0.875,0.0,0,False,0
20,random-checks,C,0.875,0.0,2,False,0
20,decision-focused,C,0.875,0.0,2,False,0
20,single-agent,A,0.3333333333333333,0.5416666666666667,2,False,2
20,swarm-fixed,C,0.875,0.0,2,False,10
20,swarm-adaptive,C,0.875,0.0,2,False,10
21,best-fixed,B,0.58,0.06000000000000005,0,False,0
21,confidence-only,B,0.58,0.06000000000000005,0,False,0
21,random-checks,C,0.64,0.0,2,False,0
21,decision-focused,B,0.58,0.06000000000000005,2,False,0
21,single-agent,B,0.58,0.06000000000000005,2,False,2
21,swarm-fixed,B,0.58,0.06000000000000005,2,False,10
21,swarm-adaptive,B,0.58,0.06000000000000005,2,False,10
22,best-fixed,B,0.24,0.0,0,True,0
22,confidence-only,C,0.12,0.12,0,False,0
22,random-checks,B,0.24,0.0,2,True,0
22,decision-focused,C,0.12,0.12,2,False,0
22,single-agent,C,0.12,0.12,2,False,2
22,swarm-fixed,C,0.12,0.12,2,False,10
22,swarm-adaptive,C,0.12,0.12,2,False,10
23,best-fixed,B,0.7894736842105263,0.0,0,True,0
23,confidence-only,B,0.7894736842105263,0.0,0,True,0
23,random-checks,B,0.7894736842105263,0.0,2,True,0
23,decision-focused,B,0.7894736842105263,0.0,2,True,0
23,single-agent,B,0.7894736842105263,0.0,2,True,2
23,swarm-fixed,B,0.7894736842105263,0.0,2,True,10
23,swarm-adaptive,B,0.7894736842105263,0.0,2,True,10
24,best-fixed,B,0.5652173913043478,0.0652173913043479,0,True,0
24,confidence-only,C,0.6304347826086957,0.0,0,False,0
24,random-checks,B,0.5652173913043478,0.0652173913043479,2,True,0
24,decision-focused,B,0.5652173913043478,0.0652173913043479,2,True,0
24,single-agent,C,0.6304347826086957,0.0,2,False,2
24,swarm-fixed,B,0.5652173913043478,0.0652173913043479,2,True,10
24,swarm-adaptive,B,0.5652173913043478,0.0652173913043479,2,True,10
25,best-fixed,B,0.01639344262295082,0.0,0,False,0
25,confidence-only,B,0.01639344262295082,0.0,0,False,0
25,random-checks,B,0.01639344262295082,0.0,2,False,0
25,decision-focused,C,0.0,0.01639344262295082,2,False,0
25,single-agent,C,0.0,0.01639344262295082,2,False,2
25,swarm-fixed,C,0.0,0.01639344262295082,2,False,10
25,swarm-adaptive,C,0.0,0.01639344262295082,2,False,10
26,best-fixed,B,0.3076923076923077,0.15384615384615385,0,False,0
26,confidence-only,C,0.46153846153846156,0.0,0,False,0
26,random-checks,C,0.46153846153846156,0.0,2,False,0
26,decision-focused,C,0.46153846153846156,0.0,2,False,0
26,single-agent,C,0.46153846153846156,0.0,2,False,2
26,swarm-fixed,C,0.46153846153846156,0.0,2,False,10
26,swarm-adaptive,C,0.46153846153846156,0.0,2,False,10
27,best-fixed,B,0.041666666666666664,0.25,0,False,0
27,confidence-only,C,0.2916666666666667,0.0,0,False,0
27,random-checks,C,0.2916666666666667,0.0,2,False,0
27,decision-focused,C,0.2916666666666667,0.0,2,False,0
27,single-agent,B,0.041666666666666664,0.25,2,False,2
27,swarm-fixed,B,0.041666666666666664,0.25,2,False,10
27,swarm-adaptive,B,0.041666666666666664,0.25,2,False,10
28,best-fixed,B,0.76,0.0,0,True,0
28,confidence-only,B,0.76,0.0,0,True,0
28,random-checks,B,0.76,0.0,2,True,0
28,decision-focused,B,0.76,0.0,2,True,0
28,single-agent,A,0.6,0.16000000000000003,2,False,2
28,swarm-fixed,B,0.76,0.0,2,True,10
28,swarm-adaptive,B,0.76,0.0,2,True,10
29,best-fixed,B,0.5,0.2857142857142857,0,,0
29,confidence-only,B,0.5,0.2857142857142857,0,,0
29,random-checks,B,0.5,0.2857142857142857,2,,0
29,decision-focused,B,0.5,0.2857142857142857,2,,0
29,single-agent,B,0.5,0.2857142857142857,2,,2
29,swarm-fixed,B,0.5,0.2857142857142857,2,,10
29,swarm-adaptive,B,0.5,0.2857142857142857,2,,10
