id,truth,action,correct,partial_correct,valid_response,response_received,id_present_once,schema_valid,command_valid,semantic_action,semantic_correct,assignment,seed,arm,context,order,repeat,position,source,conflict,terminal
da3f8dae08d67e82,canary,canary,True,True,True,True,True,True,True,canary,True,R1-7203-incident-r0-E-6,7203,E,incident,single,0,7,canary,True,True
1a9334b98f01aa86,none,none,True,True,True,True,True,True,True,none,True,R1-7204-incident-r1-F-5,7204,F,incident,single,1,6,canary,True,True
216f286117650009,none,none,True,True,True,True,True,True,True,none,True,R1-7204-incident-r0-F-6,7204,F,incident,single,0,7,probe,True,True
922b7d56f641513c,ledger,ledger,True,True,True,True,True,True,True,ledger,True,R1-7203-incident-r0-F-5,7203,F,incident,single,0,6,ledger,True,True
17be2feba4a7b818,hold,hold,True,True,True,True,True,True,True,hold,True,R1-7205-release-r0-F-3,7205,F,release,single,0,4,ledger,True,True
4c64be42990ed0a9,none,none,True,True,True,True,True,True,True,none,True,R1-7201-incident-r1-F-2,7201,F,incident,single,1,3,probe,True,True
c10a876ffc2698a0,probe,probe,True,True,True,True,True,True,True,probe,True,R1-7200-incident-r1-F-1,7200,F,incident,single,1,2,probe,True,True
17be2feba4a7b818,none,none,True,True,True,True,True,True,True,none,True,R1-7205-incident-r1-E-3,7205,E,incident,single,1,4,ledger,True,True
1af40943325e4c46,hold,hold,True,True,True,True,True,True,True,hold,True,R1-7202-release-r1-E-0,7202,E,release,single,1,1,ledger,True,True
b9abbf063d34c4e5,ship,ship,True,True,True,True,True,True,True,ship,True,R1-7201-release-r0-F-7,7201,F,release,single,0,8,probe,True,True
649a68f6f94b1cdc,hold,hold,True,True,True,True,True,True,True,hold,True,R1-7203-release-r0-E-1,7203,E,release,single,0,2,ledger,True,True
03108df7cc7defce,canary,canary,True,True,True,True,True,True,True,canary,True,R1-7203-incident-r0-E-4,7203,E,incident,single,0,5,canary,True,True
19d139c44b38be0b,none,ledger,False,False,True,True,True,True,True,ledger,False,R1-7200-incident-r0-E-2,7200,E,incident,single,0,3,ledger,True,True
5b1f339d1aa29385,canary,canary,True,True,True,True,True,True,True,canary,True,R1-7205-incident-r0-E-0,7205,E,incident,single,0,1,canary,False,True
c10a876ffc2698a0,probe,probe,True,True,True,True,True,True,True,probe,True,R1-7200-incident-r0-E-1,7200,E,incident,single,0,2,probe,True,True
8f36a09b219923ab,hold,hold,True,True,True,True,True,True,True,hold,True,R1-7205-release-r1-E-1,7205,E,release,single,1,2,ledger,True,True
1eb4f544d29e3a56,hold,hold,True,True,True,True,True,True,True,hold,True,R1-7202-release-r0-F-2,7202,F,release,single,0,3,probe,True,True
4c64be42990ed0a9,hold,hold,True,True,True,True,True,True,True,hold,True,R1-7201-release-r1-F-2,7201,F,release,single,1,3,probe,True,True
7e50d5f5420102a5,none,none,True,True,True,True,True,True,True,none,True,R1-7200-incident-r1-F-0,7200,F,incident,single,1,1,probe,True,True
fb55efc90e4cd340,hold,hold,True,True,True,True,True,True,True,hold,True,R1-7205-release-r0-F-5,7205,F,release,single,0,6,canary,True,True
03108df7cc7defce,hold,hold,True,True,True,True,True,True,True,hold,True,R1-7203-release-r1-E-4,7203,E,release,single,1,5,canary,True,True
216f286117650009,hold,hold,True,True,True,True,True,True,True,hold,True,R1-7204-release-r0-F-6,7204,F,release,single,0,7,probe,True,True
2a108b09ff37f092,ledger,ledger,True,True,True,True,True,True,True,ledger,True,R1-7200-incident-r0-F-6,7200,F,incident,single,0,7,ledger,True,True
e432740b456af19d,hold,hold,True,True,True,True,True,True,True,hold,True,R1-7201-release-r0-F-0,7201,F,release,single,0,1,canary,True,True
1163b5b8764d19a6,none,none,True,True,True,True,True,True,True,none,True,R1-7200-incident-r1-E-7,7200,E,incident,single,1,8,ledger,True,True
1a9334b98f01aa86,hold,hold,True,True,True,True,True,True,True,hold,True,R1-7204-release-r1-F-5,7204,F,release,single,1,6,canary,True,True
f355d9943067c23b,hold,hold,True,True,True,True,True,True,True,hold,True,R1-7200-release-r1-E-4,7200,E,release,single,1,5,ledger,True,True
38573906673c7624,none,none,True,True,True,True,True,True,True,none,True,R1-7202-incident-r1-F-6,7202,F,incident,single,1,7,ledger,True,True
e090ea2d46ce2bb1,hold,hold,True,True,True,True,True,True,True,hold,True,R1-7203-release-r0-F-7,7203,F,release,single,0,8,canary,True,True
2835ff0667ddca66,canary,canary,True,True,True,True,True,True,True,canary,True,R1-7204-incident-r0-E-2,7204,E,incident,single,0,3,canary,True,True
cb2e5c846676573b,ship,ship,True,True,True,True,True,True,True,ship,True,R1-7202-release-r0-E-4,7202,E,release,single,0,5,ledger,True,True
8f36a09b219923ab,hold,hold,True,True,True,True,True,True,True,hold,True,R1-7205-release-r1-F-1,7205,F,release,single,1,2,ledger,True,True
e090ea2d46ce2bb1,none,none,True,True,True,True,True,True,True,none,True,R1-7203-incident-r0-F-7,7203,F,incident,single,0,8,canary,True,True
8f36a09b219923ab,none,none,True,True,True,True,True,True,True,none,True,R1-7205-incident-r0-E-1,7205,E,incident,single,0,2,ledger,True,True
7e180ad08b5e7287,hold,hold,True,True,True,True,True,True,True,hold,True,R1-7203-release-r1-F-2,7203,F,release,single,1,3,canary,True,True
4b21af28dbd3c219,canary,canary,True,True,True,True,True,True,True,canary,True,R1-7205-incident-r0-F-2,7205,F,incident,single,0,3,canary,True,True
7c3ecaa0bb067b4b,hold,hold,True,True,True,True,True,True,True,hold,True,R1-7203-release-r0-F-3,7203,F,release,single,0,4,ledger,True,True
4b21af28dbd3c219,hold,hold,True,True,True,True,True,True,True,hold,True,R1-7205-release-r0-F-2,7205,F,release,single,0,3,canary,True,True
649a68f6f94b1cdc,hold,hold,True,True,True,True,True,True,True,hold,True,R1-7203-release-r1-F-1,7203,F,release,single,1,2,ledger,True,True
c9287fcbffcb71b3,hold,hold,True,True,True,True,True,True,True,hold,True,R1-7201-release-r0-F-1,7201,F,release,single,0,2,probe,True,True
84ca7106dd99ea67,hold,hold,True,True,True,True,True,True,True,hold,True,R1-7202-release-r0-E-7,7202,E,release,single,0,8,probe,True,True
19d139c44b38be0b,hold,hold,True,True,True,True,True,True,True,hold,True,R1-7200-release-r0-E-2,7200,E,release,single,0,3,ledger,True,True
777bdd6bb7fe8b74,ship,ship,True,True,True,True,True,True,True,ship,True,R1-7202-release-r0-F-3,7202,F,release,single,0,4,probe,True,True
38573906673c7624,none,none,True,True,True,True,True,True,True,none,True,R1-7202-incident-r1-E-6,7202,E,incident,single,1,7,ledger,True,True
1163b5b8764d19a6,none,none,True,True,True,True,True,True,True,none,True,R1-7200-incident-r1-F-7,7200,F,incident,single,1,8,ledger,True,True
64ddc5f8bf205ce2,hold,hold,True,True,True,True,True,True,True,hold,True,R1-7200-release-r1-F-5,7200,F,release,single,1,6,probe,True,True
03108df7cc7defce,hold,hold,True,True,True,True,True,True,True,hold,True,R1-7203-release-r0-E-4,7203,E,release,single,0,5,canary,True,True
7e50d5f5420102a5,hold,hold,True,True,True,True,True,True,True,hold,True,R1-7200-release-r1-F-0,7200,F,release,single,1,1,probe,True,True
5b1f339d1aa29385,canary,canary,True,True,True,True,True,True,True,canary,True,R1-7205-incident-r1-F-0,7205,F,incident,single,1,1,canary,False,True
7e180ad08b5e7287,hold,hold,True,True,True,True,True,True,True,hold,True,R1-7203-release-r0-F-2,7203,F,release,single,0,3,canary,True,True
86b8c1fa270739c4,canary,canary,True,True,True,True,True,True,True,canary,True,R1-7201-incident-r1-E-4,7201,E,incident,single,1,5,canary,True,True
1af40943325e4c46,hold,hold,True,True,True,True,True,True,True,hold,True,R1-7202-release-r0-E-0,7202,E,release,single,0,1,ledger,True,True
64ddc5f8bf205ce2,probe,probe,True,True,True,True,True,True,True,probe,True,R1-7200-incident-r0-E-5,7200,E,incident,single,0,6,probe,True,True
7e180ad08b5e7287,none,none,True,True,True,True,True,True,True,none,True,R1-7203-incident-r0-E-2,7203,E,incident,single,0,3,canary,True,True
84ca7106dd99ea67,hold,hold,True,True,True,True,True,True,True,hold,True,R1-7202-release-r1-F-7,7202,F,release,single,1,8,probe,True,True
4b21af28dbd3c219,canary,canary,True,True,True,True,True,True,True,canary,True,R1-7205-incident-r1-E-2,7205,E,incident,single,1,3,canary,True,True
f5e0f4bfba0fd6e8,ship,ship,True,True,True,True,True,True,True,ship,True,R1-7201-release-r0-F-5,7201,F,release,single,0,6,canary,True,True
b9abbf063d34c4e5,ship,ship,True,True,True,True,True,True,True,ship,True,R1-7201-release-r1-E-7,7201,E,release,single,1,8,probe,True,True
fb55efc90e4cd340,none,none,True,True,True,True,True,True,True,none,True,R1-7205-incident-r0-E-5,7205,E,incident,single,0,6,canary,True,True
1af40943325e4c46,hold,hold,True,True,True,True,True,True,True,hold,True,R1-7202-release-r1-F-0,7202,F,release,single,1,1,ledger,True,True
cb2e5c846676573b,ledger,ledger,True,True,True,True,True,True,True,ledger,True,R1-7202-incident-r1-F-4,7202,F,incident,single,1,5,ledger,True,True
19d139c44b38be0b,hold,hold,True,True,True,True,True,True,True,hold,True,R1-7200-release-r1-F-2,7200,F,release,single,1,3,ledger,True,True
69f3f3ea020ce105,hold,hold,True,True,True,True,True,True,True,hold,True,R1-7203-release-r1-E-0,7203,E,release,single,1,1,ledger,True,True
922b7d56f641513c,ledger,ledger,True,True,True,True,True,True,True,ledger,True,R1-7203-incident-r1-F-5,7203,F,incident,single,1,6,ledger,True,True
592f8a076d2a3b71,ledger,ledger,True,True,True,True,True,True,True,ledger,True,R1-7205-incident-r1-F-4,7205,F,incident,single,1,5,ledger,True,True
da3f8dae08d67e82,ship,ship,True,True,True,True,True,True,True,ship,True,R1-7203-release-r0-E-6,7203,E,release,single,0,7,canary,True,True
2835ff0667ddca66,canary,canary,True,True,True,True,True,True,True,canary,True,R1-7204-incident-r1-E-2,7204,E,incident,single,1,3,canary,True,True
90d1f4c285c90e96,hold,hold,True,True,True,True,True,True,True,hold,True,R1-7205-release-r0-E-7,7205,E,release,single,0,8,canary,True,True
69f3f3ea020ce105,hold,hold,True,True,True,True,True,True,True,hold,True,R1-7203-release-r0-E-0,7203,E,release,single,0,1,ledger,True,True
440d7eb6afb162ce,none,none,True,True,True,True,True,True,True,none,True,R1-7202-incident-r0-F-5,7202,F,incident,single,0,6,ledger,True,True
86b8c1fa270739c4,hold,hold,True,True,True,True,True,True,True,hold,True,R1-7201-release-r1-E-4,7201,E,release,single,1,5,canary,True,True
5126dd6a78e1da84,hold,hold,True,True,True,True,True,True,True,hold,True,R1-7200-release-r1-F-3,7200,F,release,single,1,4,probe,True,True
af7578524278d9b1,none,none,True,True,True,True,True,True,True,none,True,R1-7204-incident-r0-E-0,7204,E,incident,single,0,1,canary,True,True
c10a876ffc2698a0,probe,probe,True,True,True,True,True,True,True,probe,True,R1-7200-incident-r0-F-1,7200,F,incident,single,0,2,probe,True,True
922b7d56f641513c,ledger,ledger,True,True,True,True,True,True,True,ledger,True,R1-7203-incident-r0-E-5,7203,E,incident,single,0,6,ledger,True,True
fb55efc90e4cd340,hold,hold,True,True,True,True,True,True,True,hold,True,R1-7205-release-r1-E-5,7205,E,release,single,1,6,canary,True,True
592f8a076d2a3b71,ship,ship,True,True,True,True,True,True,True,ship,True,R1-7205-release-r0-F-4,7205,F,release,single,0,5,ledger,True,True
17be2feba4a7b818,none,none,True,True,True,True,True,True,True,none,True,R1-7205-incident-r0-E-3,7205,E,incident,single,0,4,ledger,True,True
922b7d56f641513c,ship,ship,True,True,True,True,True,True,True,ship,True,R1-7203-release-r1-E-5,7203,E,release,single,1,6,ledger,True,True
777bdd6bb7fe8b74,ship,ship,True,True,True,True,True,True,True,ship,True,R1-7202-release-r0-E-3,7202,E,release,single,0,4,probe,True,True
b9abbf063d34c4e5,probe,probe,True,True,True,True,True,True,True,probe,True,R1-7201-incident-r0-E-7,7201,E,incident,single,0,8,probe,True,True
e432740b456af19d,hold,hold,True,True,True,True,True,True,True,hold,True,R1-7201-release-r1-E-0,7201,E,release,single,1,1,canary,True,True
1c15aa6647105708,hold,hold,True,True,True,True,True,True,True,hold,True,R1-7201-release-r0-F-3,7201,F,release,single,0,4,probe,True,True
84ca7106dd99ea67,none,none,True,True,True,True,True,True,True,none,True,R1-7202-incident-r1-F-7,7202,F,incident,single,1,8,probe,True,True
2835ff0667ddca66,canary,canary,True,True,True,True,True,True,True,canary,True,R1-7204-incident-r0-F-2,7204,F,incident,single,0,3,canary,True,True
e090ea2d46ce2bb1,hold,hold,True,True,True,True,True,True,True,hold,True,R1-7203-release-r1-F-7,7203,F,release,single,1,8,canary,True,True
1eb4f544d29e3a56,none,none,True,True,True,True,True,True,True,none,True,R1-7202-incident-r0-F-2,7202,F,incident,single,0,3,probe,True,True
c9287fcbffcb71b3,hold,hold,True,True,True,True,True,True,True,hold,True,R1-7201-release-r0-E-1,7201,E,release,single,0,2,probe,True,True
7d116ad67c5b3891,hold,hold,True,True,True,True,True,True,True,hold,True,R1-7202-release-r0-F-1,7202,F,release,single,0,2,probe,True,True
5b1f339d1aa29385,ship,ship,True,True,True,True,True,True,True,ship,True,R1-7205-release-r0-F-0,7205,F,release,single,0,1,canary,False,True
922b7d56f641513c,ship,ship,True,True,True,True,True,True,True,ship,True,R1-7203-release-r1-F-5,7203,F,release,single,1,6,ledger,True,True
129eeb60316f8554,ledger,ledger,True,True,True,True,True,True,True,ledger,True,R1-7205-incident-r0-E-6,7205,E,incident,single,0,7,ledger,True,True
cb2e5c846676573b,ship,ship,True,True,True,True,True,True,True,ship,True,R1-7202-release-r1-E-4,7202,E,release,single,1,5,ledger,True,True
634fc55709f644f4,ship,ship,True,True,True,True,True,True,True,ship,True,R1-7204-release-r1-F-1,7204,F,release,single,1,2,canary,True,True
c9287fcbffcb71b3,probe,probe,True,True,True,True,True,True,True,probe,True,R1-7201-incident-r0-F-1,7201,F,incident,single,0,2,probe,True,True
1a9334b98f01aa86,none,none,True,True,True,True,True,True,True,none,True,R1-7204-incident-r1-E-5,7204,E,incident,single,1,6,canary,True,True
03108df7cc7defce,hold,hold,True,True,True,True,True,True,True,hold,True,R1-7203-release-r1-F-4,7203,F,release,single,1,5,canary,True,True
fb55efc90e4cd340,none,none,True,True,True,True,True,True,True,none,True,R1-7205-incident-r1-F-5,7205,F,incident,single,1,6,canary,True,True
af7578524278d9b1,hold,hold,True,True,True,True,True,True,True,hold,True,R1-7204-release-r0-F-0,7204,F,release,single,0,1,canary,True,True
9df74751bf3ac57d,hold,hold,True,True,True,True,True,True,True,hold,True,R1-7201-release-r1-F-6,7201,F,release,single,1,7,canary,True,True
fff45e965e163cba,ship,ship,True,True,True,True,True,True,True,ship,True,R1-7204-release-r1-E-3,7204,E,release,single,1,4,probe,True,True
634fc55709f644f4,ship,ship,True,True,True,True,True,True,True,ship,True,R1-7204-release-r0-F-1,7204,F,release,single,0,2,canary,True,True
777bdd6bb7fe8b74,ship,ship,True,True,True,True,True,True,True,ship,True,R1-7202-release-r1-E-3,7202,E,release,single,1,4,probe,True,True
7c3ecaa0bb067b4b,ledger,ledger,True,True,True,True,True,True,True,ledger,True,R1-7203-incident-r1-E-3,7203,E,incident,single,1,4,ledger,True,True
af7578524278d9b1,hold,hold,True,True,True,True,True,True,True,hold,True,R1-7204-release-r0-E-0,7204,E,release,single,0,1,canary,True,True
1a9334b98f01aa86,hold,hold,True,True,True,True,True,True,True,hold,True,R1-7204-release-r1-E-5,7204,E,release,single,1,6,canary,True,True
1163b5b8764d19a6,hold,hold,True,True,True,True,True,True,True,hold,True,R1-7200-release-r0-E-7,7200,E,release,single,0,8,ledger,True,True
777bdd6bb7fe8b74,probe,probe,True,True,True,True,True,True,True,probe,True,R1-7202-incident-r1-E-3,7202,E,incident,single,1,4,probe,True,True
4b21af28dbd3c219,hold,hold,True,True,True,True,True,True,True,hold,True,R1-7205-release-r1-E-2,7205,E,release,single,1,3,canary,True,True
129eeb60316f8554,ledger,ledger,True,True,True,True,True,True,True,ledger,True,R1-7205-incident-r1-E-6,7205,E,incident,single,1,7,ledger,True,True
cb2e5c846676573b,ship,ship,True,True,True,True,True,True,True,ship,True,R1-7202-release-r0-F-4,7202,F,release,single,0,5,ledger,True,True
129eeb60316f8554,ledger,ledger,True,True,True,True,True,True,True,ledger,True,R1-7205-incident-r0-F-6,7205,F,incident,single,0,7,ledger,True,True
2a108b09ff37f092,ship,ship,True,True,True,True,True,True,True,ship,True,R1-7200-release-r0-E-6,7200,E,release,single,0,7,ledger,True,True
af7578524278d9b1,hold,hold,True,True,True,True,True,True,True,hold,True,R1-7204-release-r1-F-0,7204,F,release,single,1,1,canary,True,True
03108df7cc7defce,canary,canary,True,True,True,True,True,True,True,canary,True,R1-7203-incident-r1-F-4,7203,F,incident,single,1,5,canary,True,True
649a68f6f94b1cdc,none,none,True,True,True,True,True,True,True,none,True,R1-7203-incident-r1-E-1,7203,E,incident,single,1,2,ledger,True,True
1a9334b98f01aa86,none,none,True,True,True,True,True,True,True,none,True,R1-7204-incident-r0-E-5,7204,E,incident,single,0,6,canary,True,True
17be2feba4a7b818,hold,hold,True,True,True,True,True,True,True,hold,True,R1-7205-release-r1-E-3,7205,E,release,single,1,4,ledger,True,True
f355d9943067c23b,hold,hold,True,True,True,True,True,True,True,hold,True,R1-7200-release-r1-F-4,7200,F,release,single,1,5,ledger,True,True
9df74751bf3ac57d,hold,hold,True,True,True,True,True,True,True,hold,True,R1-7201-release-r0-E-6,7201,E,release,single,0,7,canary,True,True
1eb4f544d29e3a56,none,none,True,True,True,True,True,True,True,none,True,R1-7202-incident-r1-E-2,7202,E,incident,single,1,3,probe,True,True
38573906673c7624,hold,hold,True,True,True,True,True,True,True,hold,True,R1-7202-release-r1-F-6,7202,F,release,single,1,7,ledger,True,True
7d116ad67c5b3891,probe,probe,True,True,True,True,True,True,True,probe,True,R1-7202-incident-r1-F-1,7202,F,incident,single,1,2,probe,True,True
fff45e965e163cba,probe,probe,True,True,True,True,True,True,True,probe,True,R1-7204-incident-r0-E-3,7204,E,incident,single,0,4,probe,True,True
f5e0f4bfba0fd6e8,canary,canary,True,True,True,True,True,True,True,canary,True,R1-7201-incident-r1-E-5,7201,E,incident,single,1,6,canary,True,True
90d1f4c285c90e96,none,none,True,True,True,True,True,True,True,none,True,R1-7205-incident-r1-E-7,7205,E,incident,single,1,8,canary,True,True
e432740b456af19d,none,none,True,True,True,True,True,True,True,none,True,R1-7201-incident-r0-F-0,7201,F,incident,single,0,1,canary,True,True
777bdd6bb7fe8b74,probe,probe,True,True,True,True,True,True,True,probe,True,R1-7202-incident-r0-E-3,7202,E,incident,single,0,4,probe,True,True
fb55efc90e4cd340,hold,hold,True,True,True,True,True,True,True,hold,True,R1-7205-release-r0-E-5,7205,E,release,single,0,6,canary,True,True
f355d9943067c23b,ledger,ledger,True,True,True,True,True,True,True,ledger,True,R1-7200-incident-r0-E-4,7200,E,incident,single,0,5,ledger,True,True
86b8c1fa270739c4,canary,canary,True,True,True,True,True,True,True,canary,True,R1-7201-incident-r0-E-4,7201,E,incident,single,0,5,canary,True,True
1eb4f544d29e3a56,hold,hold,True,True,True,True,True,True,True,hold,True,R1-7202-release-r0-E-2,7202,E,release,single,0,3,probe,True,True
f5e0f4bfba0fd6e8,ship,ship,True,True,True,True,True,True,True,ship,True,R1-7201-release-r1-F-5,7201,F,release,single,1,6,canary,True,True
592f8a076d2a3b71,ledger,ledger,True,True,True,True,True,True,True,ledger,True,R1-7205-incident-r0-F-4,7205,F,incident,single,0,5,ledger,True,True
440d7eb6afb162ce,hold,hold,True,True,True,True,True,True,True,hold,True,R1-7202-release-r1-E-5,7202,E,release,single,1,6,ledger,True,True
7d116ad67c5b3891,probe,probe,True,True,True,True,True,True,True,probe,True,R1-7202-incident-r0-E-1,7202,E,incident,single,0,2,probe,True,True
fff45e965e163cba,ship,ship,True,True,True,True,True,True,True,ship,True,R1-7204-release-r1-F-3,7204,F,release,single,1,4,probe,True,True
4c64be42990ed0a9,none,none,True,True,True,True,True,True,True,none,True,R1-7201-incident-r0-F-2,7201,F,incident,single,0,3,probe,True,True
c173a23e56baf977,hold,hold,True,True,True,True,True,True,True,hold,True,R1-7204-release-r0-E-7,7204,E,release,single,0,8,probe,True,True
777bdd6bb7fe8b74,probe,probe,True,True,True,True,True,True,True,probe,True,R1-7202-incident-r1-F-3,7202,F,incident,single,1,4,probe,True,True
440d7eb6afb162ce,none,none,True,True,True,True,True,True,True,none,True,R1-7202-incident-r1-E-5,7202,E,incident,single,1,6,ledger,True,True
1c15aa6647105708,none,none,True,True,True,True,True,True,True,none,True,R1-7201-incident-r1-E-3,7201,E,incident,single,1,4,probe,True,True
8f36a09b219923ab,none,none,True,True,True,True,True,True,True,none,True,R1-7205-incident-r1-F-1,7205,F,incident,single,1,2,ledger,True,True
1163b5b8764d19a6,none,none,True,True,True,True,True,True,True,none,True,R1-7200-incident-r0-E-7,7200,E,incident,single,0,8,ledger,True,True
69f3f3ea020ce105,none,none,True,True,True,True,True,True,True,none,True,R1-7203-incident-r0-E-0,7203,E,incident,single,0,1,ledger,True,True
c173a23e56baf977,none,none,True,True,True,True,True,True,True,none,True,R1-7204-incident-r1-E-7,7204,E,incident,single,1,8,probe,True,True
9df74751bf3ac57d,none,none,True,True,True,True,True,True,True,none,True,R1-7201-incident-r1-F-6,7201,F,incident,single,1,7,canary,True,True
5b1f339d1aa29385,canary,canary,True,True,True,True,True,True,True,canary,True,R1-7205-incident-r1-E-0,7205,E,incident,single,1,1,canary,False,True
e090ea2d46ce2bb1,none,none,True,True,True,True,True,True,True,none,True,R1-7203-incident-r0-E-7,7203,E,incident,single,0,8,canary,True,True
4c64be42990ed0a9,hold,hold,True,True,True,True,True,True,True,hold,True,R1-7201-release-r0-E-2,7201,E,release,single,0,3,probe,True,True
7e180ad08b5e7287,hold,hold,True,True,True,True,True,True,True,hold,True,R1-7203-release-r0-E-2,7203,E,release,single,0,3,canary,True,True
5126dd6a78e1da84,none,none,True,True,True,True,True,True,True,none,True,R1-7200-incident-r1-F-3,7200,F,incident,single,1,4,probe,True,True
f5e0f4bfba0fd6e8,canary,canary,True,True,True,True,True,True,True,canary,True,R1-7201-incident-r1-F-5,7201,F,incident,single,1,6,canary,True,True
649a68f6f94b1cdc,none,none,True,True,True,True,True,True,True,none,True,R1-7203-incident-r1-F-1,7203,F,incident,single,1,2,ledger,True,True
fff45e965e163cba,probe,probe,True,True,True,True,True,True,True,probe,True,R1-7204-incident-r0-F-3,7204,F,incident,single,0,4,probe,True,True
f5e0f4bfba0fd6e8,canary,canary,True,True,True,True,True,True,True,canary,True,R1-7201-incident-r0-F-5,7201,F,incident,single,0,6,canary,True,True
1af40943325e4c46,ledger,ledger,True,True,True,True,True,True,True,ledger,True,R1-7202-incident-r1-E-0,7202,E,incident,single,1,1,ledger,True,True
866f05cc3bd500b1,hold,hold,True,True,True,True,True,True,True,hold,True,R1-7204-release-r1-E-4,7204,E,release,single,1,5,probe,True,True
64ddc5f8bf205ce2,hold,hold,True,True,True,True,True,True,True,hold,True,R1-7200-release-r0-F-5,7200,F,release,single,0,6,probe,True,True
c10a876ffc2698a0,probe,probe,True,True,True,True,True,True,True,probe,True,R1-7200-incident-r1-E-1,7200,E,incident,single,1,2,probe,True,True
03108df7cc7defce,hold,hold,True,True,True,True,True,True,True,hold,True,R1-7203-release-r0-F-4,7203,F,release,single,0,5,canary,True,True
b9abbf063d34c4e5,ship,ship,True,True,True,True,True,True,True,ship,True,R1-7201-release-r1-F-7,7201,F,release,single,1,8,probe,True,True
440d7eb6afb162ce,hold,hold,True,True,True,True,True,True,True,hold,True,R1-7202-release-r1-F-5,7202,F,release,single,1,6,ledger,True,True
69f3f3ea020ce105,none,none,True,True,True,True,True,True,True,none,True,R1-7203-incident-r0-F-0,7203,F,incident,single,0,1,ledger,True,True
90d1f4c285c90e96,none,none,True,True,True,True,True,True,True,none,True,R1-7205-incident-r0-E-7,7205,E,incident,single,0,8,canary,True,True
2a108b09ff37f092,ledger,ledger,True,True,True,True,True,True,True,ledger,True,R1-7200-incident-r1-E-6,7200,E,incident,single,1,7,ledger,True,True
1c15aa6647105708,hold,hold,True,True,True,True,True,True,True,hold,True,R1-7201-release-r1-F-3,7201,F,release,single,1,4,probe,True,True
8f36a09b219923ab,hold,hold,True,True,True,True,True,True,True,hold,True,R1-7205-release-r0-E-1,7205,E,release,single,0,2,ledger,True,True
f5e0f4bfba0fd6e8,ship,ship,True,True,True,True,True,True,True,ship,True,R1-7201-release-r0-E-5,7201,E,release,single,0,6,canary,True,True
64ddc5f8bf205ce2,probe,probe,True,True,True,True,True,True,True,probe,True,R1-7200-incident-r1-F-5,7200,F,incident,single,1,6,probe,True,True
5b1f339d1aa29385,ship,ship,True,True,True,True,True,True,True,ship,True,R1-7205-release-r1-F-0,7205,F,release,single,1,1,canary,False,True
1af40943325e4c46,ledger,ledger,True,True,True,True,True,True,True,ledger,True,R1-7202-incident-r0-E-0,7202,E,incident,single,0,1,ledger,True,True
8f36a09b219923ab,none,none,True,True,True,True,True,True,True,none,True,R1-7205-incident-r1-E-1,7205,E,incident,single,1,2,ledger,True,True
17be2feba4a7b818,hold,hold,True,True,True,True,True,True,True,hold,True,R1-7205-release-r1-F-3,7205,F,release,single,1,4,ledger,True,True
38573906673c7624,hold,hold,True,True,True,True,True,True,True,hold,True,R1-7202-release-r1-E-6,7202,E,release,single,1,7,ledger,True,True
216f286117650009,none,none,True,True,True,True,True,True,True,none,True,R1-7204-incident-r1-F-6,7204,F,incident,single,1,7,probe,True,True
129eeb60316f8554,hold,hold,True,True,True,True,True,True,True,hold,True,R1-7205-release-r1-E-6,7205,E,release,single,1,7,ledger,True,True
9df74751bf3ac57d,hold,hold,True,True,True,True,True,True,True,hold,True,R1-7201-release-r1-E-6,7201,E,release,single,1,7,canary,True,True
e432740b456af19d,none,none,True,True,True,True,True,True,True,none,True,R1-7201-incident-r0-E-0,7201,E,incident,single,0,1,canary,True,True
7c3ecaa0bb067b4b,hold,hold,True,True,True,True,True,True,True,hold,True,R1-7203-release-r1-E-3,7203,E,release,single,1,4,ledger,True,True
c10a876ffc2698a0,ship,ship,True,True,True,True,True,True,True,ship,True,R1-7200-release-r0-F-1,7200,F,release,single,0,2,probe,True,True
38573906673c7624,hold,hold,True,True,True,True,True,True,True,hold,True,R1-7202-release-r0-F-6,7202,F,release,single,0,7,ledger,True,True
f355d9943067c23b,ledger,ledger,True,True,True,True,True,True,True,ledger,True,R1-7200-incident-r1-F-4,7200,F,incident,single,1,5,ledger,True,True
4c64be42990ed0a9,hold,hold,True,True,True,True,True,True,True,hold,True,R1-7201-release-r1-E-2,7201,E,release,single,1,3,probe,True,True
8f36a09b219923ab,hold,hold,True,True,True,True,True,True,True,hold,True,R1-7205-release-r0-F-1,7205,F,release,single,0,2,ledger,True,True
69f3f3ea020ce105,none,none,True,True,True,True,True,True,True,none,True,R1-7203-incident-r1-F-0,7203,F,incident,single,1,1,ledger,True,True
17be2feba4a7b818,hold,hold,True,True,True,True,True,True,True,hold,True,R1-7205-release-r0-E-3,7205,E,release,single,0,4,ledger,True,True
2835ff0667ddca66,canary,canary,True,True,True,True,True,True,True,canary,True,R1-7204-incident-r1-F-2,7204,F,incident,single,1,3,canary,True,True
c9287fcbffcb71b3,hold,hold,True,True,True,True,True,True,True,hold,True,R1-7201-release-r1-E-1,7201,E,release,single,1,2,probe,True,True
64ddc5f8bf205ce2,hold,hold,True,True,True,True,True,True,True,hold,True,R1-7200-release-r0-E-5,7200,E,release,single,0,6,probe,True,True
866f05cc3bd500b1,hold,hold,True,True,True,True,True,True,True,hold,True,R1-7204-release-r1-F-4,7204,F,release,single,1,5,probe,True,True
84ca7106dd99ea67,none,none,True,True,True,True,True,True,True,none,True,R1-7202-incident-r0-F-7,7202,F,incident,single,0,8,probe,True,True
649a68f6f94b1cdc,none,none,True,True,True,True,True,True,True,none,True,R1-7203-incident-r0-E-1,7203,E,incident,single,0,2,ledger,True,True
649a68f6f94b1cdc,none,none,True,True,True,True,True,True,True,none,True,R1-7203-incident-r0-F-1,7203,F,incident,single,0,2,ledger,True,True
866f05cc3bd500b1,hold,hold,True,True,True,True,True,True,True,hold,True,R1-7204-release-r0-E-4,7204,E,release,single,0,5,probe,True,True
fff45e965e163cba,ship,ship,True,True,True,True,True,True,True,ship,True,R1-7204-release-r0-E-3,7204,E,release,single,0,4,probe,True,True
c173a23e56baf977,hold,hold,True,True,True,True,True,True,True,hold,True,R1-7204-release-r1-F-7,7204,F,release,single,1,8,probe,True,True
f5e0f4bfba0fd6e8,canary,canary,True,True,True,True,True,True,True,canary,True,R1-7201-incident-r0-E-5,7201,E,incident,single,0,6,canary,True,True
af7578524278d9b1,none,none,True,True,True,True,True,True,True,none,True,R1-7204-incident-r0-F-0,7204,F,incident,single,0,1,canary,True,True
69f3f3ea020ce105,hold,hold,True,True,True,True,True,True,True,hold,True,R1-7203-release-r1-F-0,7203,F,release,single,1,1,ledger,True,True
1c15aa6647105708,none,none,True,True,True,True,True,True,True,none,True,R1-7201-incident-r1-F-3,7201,F,incident,single,1,4,probe,True,True
592f8a076d2a3b71,ship,ship,True,True,True,True,True,True,True,ship,True,R1-7205-release-r0-E-4,7205,E,release,single,0,5,ledger,True,True
2835ff0667ddca66,hold,hold,True,True,True,True,True,True,True,hold,True,R1-7204-release-r0-E-2,7204,E,release,single,0,3,canary,True,True
634fc55709f644f4,canary,canary,True,True,True,True,True,True,True,canary,True,R1-7204-incident-r0-E-1,7204,E,incident,single,0,2,canary,True,True
7d116ad67c5b3891,hold,hold,True,True,True,True,True,True,True,hold,True,R1-7202-release-r1-F-1,7202,F,release,single,1,2,probe,True,True
86b8c1fa270739c4,hold,hold,True,True,True,True,True,True,True,hold,True,R1-7201-release-r0-F-4,7201,F,release,single,0,5,canary,True,True
4c64be42990ed0a9,none,probe,False,False,True,True,True,True,True,probe,False,R1-7201-incident-r0-E-2,7201,E,incident,single,0,3,probe,True,True
1163b5b8764d19a6,hold,hold,True,True,True,True,True,True,True,hold,True,R1-7200-release-r1-E-7,7200,E,release,single,1,8,ledger,True,True
2a108b09ff37f092,ledger,ledger,True,True,True,True,True,True,True,ledger,True,R1-7200-incident-r1-F-6,7200,F,incident,single,1,7,ledger,True,True
da3f8dae08d67e82,canary,canary,True,True,True,True,True,True,True,canary,True,R1-7203-incident-r0-F-6,7203,F,incident,single,0,7,canary,True,True
7c3ecaa0bb067b4b,hold,hold,True,True,True,True,True,True,True,hold,True,R1-7203-release-r1-F-3,7203,F,release,single,1,4,ledger,True,True
922b7d56f641513c,ship,ship,True,True,True,True,True,True,True,ship,True,R1-7203-release-r0-F-5,7203,F,release,single,0,6,ledger,True,True
da3f8dae08d67e82,ship,ship,True,True,True,True,True,True,True,ship,True,R1-7203-release-r0-F-6,7203,F,release,single,0,7,canary,True,True
f355d9943067c23b,ledger,ledger,True,True,True,True,True,True,True,ledger,True,R1-7200-incident-r0-F-4,7200,F,incident,single,0,5,ledger,True,True
2a108b09ff37f092,ship,ship,True,True,True,True,True,True,True,ship,True,R1-7200-release-r0-F-6,7200,F,release,single,0,7,ledger,True,True
1eb4f544d29e3a56,hold,hold,True,True,True,True,True,True,True,hold,True,R1-7202-release-r1-F-2,7202,F,release,single,1,3,probe,True,True
b9abbf063d34c4e5,probe,probe,True,True,True,True,True,True,True,probe,True,R1-7201-incident-r0-F-7,7201,F,incident,single,0,8,probe,True,True
634fc55709f644f4,canary,canary,True,True,True,True,True,True,True,canary,True,R1-7204-incident-r0-F-1,7204,F,incident,single,0,2,canary,True,True
592f8a076d2a3b71,ledger,ledger,True,True,True,True,True,True,True,ledger,True,R1-7205-incident-r1-E-4,7205,E,incident,single,1,5,ledger,True,True
1c15aa6647105708,none,none,True,True,True,True,True,True,True,none,True,R1-7201-incident-r0-E-3,7201,E,incident,single,0,4,probe,True,True
1a9334b98f01aa86,hold,hold,True,True,True,True,True,True,True,hold,True,R1-7204-release-r0-E-5,7204,E,release,single,0,6,canary,True,True
1af40943325e4c46,ledger,ledger,True,True,True,True,True,True,True,ledger,True,R1-7202-incident-r0-F-0,7202,F,incident,single,0,1,ledger,True,True
af7578524278d9b1,none,none,True,True,True,True,True,True,True,none,True,R1-7204-incident-r1-E-0,7204,E,incident,single,1,1,canary,True,True
8f36a09b219923ab,none,none,True,True,True,True,True,True,True,none,True,R1-7205-incident-r0-F-1,7205,F,incident,single,0,2,ledger,True,True
84ca7106dd99ea67,hold,hold,True,True,True,True,True,True,True,hold,True,R1-7202-release-r1-E-7,7202,E,release,single,1,8,probe,True,True
1c15aa6647105708,hold,hold,True,True,True,True,True,True,True,hold,True,R1-7201-release-r1-E-3,7201,E,release,single,1,4,probe,True,True
38573906673c7624,hold,hold,True,True,True,True,True,True,True,hold,True,R1-7202-release-r0-E-6,7202,E,release,single,0,7,ledger,True,True
38573906673c7624,none,none,True,True,True,True,True,True,True,none,True,R1-7202-incident-r0-E-6,7202,E,incident,single,0,7,ledger,True,True
7e180ad08b5e7287,none,none,True,True,True,True,True,True,True,none,True,R1-7203-incident-r0-F-2,7203,F,incident,single,0,3,canary,True,True
7e50d5f5420102a5,none,none,True,True,True,True,True,True,True,none,True,R1-7200-incident-r0-E-0,7200,E,incident,single,0,1,probe,True,True
c9287fcbffcb71b3,probe,probe,True,True,True,True,True,True,True,probe,True,R1-7201-incident-r1-F-1,7201,F,incident,single,1,2,probe,True,True
866f05cc3bd500b1,probe,probe,True,True,True,True,True,True,True,probe,True,R1-7204-incident-r1-F-4,7204,F,incident,single,1,5,probe,True,True
1a9334b98f01aa86,none,none,True,True,True,True,True,True,True,none,True,R1-7204-incident-r0-F-5,7204,F,incident,single,0,6,canary,True,True
1eb4f544d29e3a56,none,none,True,True,True,True,True,True,True,none,True,R1-7202-incident-r0-E-2,7202,E,incident,single,0,3,probe,True,True
19d139c44b38be0b,none,none,True,True,True,True,True,True,True,none,True,R1-7200-incident-r1-F-2,7200,F,incident,single,1,3,ledger,True,True
c10a876ffc2698a0,ship,ship,True,True,True,True,True,True,True,ship,True,R1-7200-release-r0-E-1,7200,E,release,single,0,2,probe,True,True
e090ea2d46ce2bb1,hold,hold,True,True,True,True,True,True,True,hold,True,R1-7203-release-r0-E-7,7203,E,release,single,0,8,canary,True,True
fff45e965e163cba,ship,ship,True,True,True,True,True,True,True,ship,True,R1-7204-release-r0-F-3,7204,F,release,single,0,4,probe,True,True
129eeb60316f8554,hold,hold,True,True,True,True,True,True,True,hold,True,R1-7205-release-r0-F-6,7205,F,release,single,0,7,ledger,True,True
cb2e5c846676573b,ledger,ledger,True,True,True,True,True,True,True,ledger,True,R1-7202-incident-r0-F-4,7202,F,incident,single,0,5,ledger,True,True
7e50d5f5420102a5,none,none,True,True,True,True,True,True,True,none,True,R1-7200-incident-r1-E-0,7200,E,incident,single,1,1,probe,True,True
90d1f4c285c90e96,hold,hold,True,True,True,True,True,True,True,hold,True,R1-7205-release-r1-F-7,7205,F,release,single,1,8,canary,True,True
7c3ecaa0bb067b4b,ledger,ledger,True,True,True,True,True,True,True,ledger,True,R1-7203-incident-r0-E-3,7203,E,incident,single,0,4,ledger,True,True
1af40943325e4c46,hold,hold,True,True,True,True,True,True,True,hold,True,R1-7202-release-r0-F-0,7202,F,release,single,0,1,ledger,True,True
cb2e5c846676573b,ledger,ledger,True,True,True,True,True,True,True,ledger,True,R1-7202-incident-r1-E-4,7202,E,incident,single,1,5,ledger,True,True
b9abbf063d34c4e5,probe,probe,True,True,True,True,True,True,True,probe,True,R1-7201-incident-r1-E-7,7201,E,incident,single,1,8,probe,True,True
f355d9943067c23b,ledger,ledger,True,True,True,True,True,True,True,ledger,True,R1-7200-incident-r1-E-4,7200,E,incident,single,1,5,ledger,True,True
7e180ad08b5e7287,none,none,True,True,True,True,True,True,True,none,True,R1-7203-incident-r1-F-2,7203,F,incident,single,1,3,canary,True,True
da3f8dae08d67e82,ship,ship,True,True,True,True,True,True,True,ship,True,R1-7203-release-r1-F-6,7203,F,release,single,1,7,canary,True,True
649a68f6f94b1cdc,hold,hold,True,True,True,True,True,True,True,hold,True,R1-7203-release-r0-F-1,7203,F,release,single,0,2,ledger,True,True
da3f8dae08d67e82,ship,ship,True,True,True,True,True,True,True,ship,True,R1-7203-release-r1-E-6,7203,E,release,single,1,7,canary,True,True
4b21af28dbd3c219,canary,canary,True,True,True,True,True,True,True,canary,True,R1-7205-incident-r1-F-2,7205,F,incident,single,1,3,canary,True,True
fff45e965e163cba,probe,probe,True,True,True,True,True,True,True,probe,True,R1-7204-incident-r1-E-3,7204,E,incident,single,1,4,probe,True,True
9df74751bf3ac57d,hold,hold,True,True,True,True,True,True,True,hold,True,R1-7201-release-r0-F-6,7201,F,release,single,0,7,canary,True,True
592f8a076d2a3b71,ship,ship,True,True,True,True,True,True,True,ship,True,R1-7205-release-r1-F-4,7205,F,release,single,1,5,ledger,True,True
fff45e965e163cba,probe,probe,True,True,True,True,True,True,True,probe,True,R1-7204-incident-r1-F-3,7204,F,incident,single,1,4,probe,True,True
1c15aa6647105708,none,none,True,True,True,True,True,True,True,none,True,R1-7201-incident-r0-F-3,7201,F,incident,single,0,4,probe,True,True
86b8c1fa270739c4,hold,hold,True,True,True,True,True,True,True,hold,True,R1-7201-release-r1-F-4,7201,F,release,single,1,5,canary,True,True
634fc55709f644f4,canary,canary,True,True,True,True,True,True,True,canary,True,R1-7204-incident-r1-F-1,7204,F,incident,single,1,2,canary,True,True
fb55efc90e4cd340,hold,hold,True,True,True,True,True,True,True,hold,True,R1-7205-release-r1-F-5,7205,F,release,single,1,6,canary,True,True
922b7d56f641513c,ledger,ledger,True,True,True,True,True,True,True,ledger,True,R1-7203-incident-r1-E-5,7203,E,incident,single,1,6,ledger,True,True
7c3ecaa0bb067b4b,ledger,ledger,True,True,True,True,True,True,True,ledger,True,R1-7203-incident-r1-F-3,7203,F,incident,single,1,4,ledger,True,True
5126dd6a78e1da84,hold,hold,True,True,True,True,True,True,True,hold,True,R1-7200-release-r1-E-3,7200,E,release,single,1,4,probe,True,True
69f3f3ea020ce105,none,none,True,True,True,True,True,True,True,none,True,R1-7203-incident-r1-E-0,7203,E,incident,single,1,1,ledger,True,True
1163b5b8764d19a6,hold,hold,True,True,True,True,True,True,True,hold,True,R1-7200-release-r0-F-7,7200,F,release,single,0,8,ledger,True,True
1163b5b8764d19a6,hold,hold,True,True,True,True,True,True,True,hold,True,R1-7200-release-r1-F-7,7200,F,release,single,1,8,ledger,True,True
cb2e5c846676573b,ship,ship,True,True,True,True,True,True,True,ship,True,R1-7202-release-r1-F-4,7202,F,release,single,1,5,ledger,True,True
7e50d5f5420102a5,hold,hold,True,True,True,True,True,True,True,hold,True,R1-7200-release-r1-E-0,7200,E,release,single,1,1,probe,True,True
19d139c44b38be0b,none,ledger,False,False,True,True,True,True,True,ledger,False,R1-7200-incident-r1-E-2,7200,E,incident,single,1,3,ledger,True,True
1eb4f544d29e3a56,none,none,True,True,True,True,True,True,True,none,True,R1-7202-incident-r1-F-2,7202,F,incident,single,1,3,probe,True,True
e432740b456af19d,hold,hold,True,True,True,True,True,True,True,hold,True,R1-7201-release-r1-F-0,7201,F,release,single,1,1,canary,True,True
440d7eb6afb162ce,hold,hold,True,True,True,True,True,True,True,hold,True,R1-7202-release-r0-E-5,7202,E,release,single,0,6,ledger,True,True
216f286117650009,none,none,True,True,True,True,True,True,True,none,True,R1-7204-incident-r0-E-6,7204,E,incident,single,0,7,probe,True,True
634fc55709f644f4,ship,ship,True,True,True,True,True,True,True,ship,True,R1-7204-release-r0-E-1,7204,E,release,single,0,2,canary,True,True
e432740b456af19d,hold,hold,True,True,True,True,True,True,True,hold,True,R1-7201-release-r0-E-0,7201,E,release,single,0,1,canary,True,True
90d1f4c285c90e96,hold,hold,True,True,True,True,True,True,True,hold,True,R1-7205-release-r1-E-7,7205,E,release,single,1,8,canary,True,True
7c3ecaa0bb067b4b,hold,hold,True,True,True,True,True,True,True,hold,True,R1-7203-release-r0-E-3,7203,E,release,single,0,4,ledger,True,True
2835ff0667ddca66,hold,hold,True,True,True,True,True,True,True,hold,True,R1-7204-release-r1-F-2,7204,F,release,single,1,3,canary,True,True
440d7eb6afb162ce,none,none,True,True,True,True,True,True,True,none,True,R1-7202-incident-r1-F-5,7202,F,incident,single,1,6,ledger,True,True
03108df7cc7defce,canary,canary,True,True,True,True,True,True,True,canary,True,R1-7203-incident-r1-E-4,7203,E,incident,single,1,5,canary,True,True
c173a23e56baf977,none,none,True,True,True,True,True,True,True,none,True,R1-7204-incident-r1-F-7,7204,F,incident,single,1,8,probe,True,True
7e50d5f5420102a5,none,none,True,True,True,True,True,True,True,none,True,R1-7200-incident-r0-F-0,7200,F,incident,single,0,1,probe,True,True
b9abbf063d34c4e5,probe,probe,True,True,True,True,True,True,True,probe,True,R1-7201-incident-r1-F-7,7201,F,incident,single,1,8,probe,True,True
5126dd6a78e1da84,none,none,True,True,True,True,True,True,True,none,True,R1-7200-incident-r1-E-3,7200,E,incident,single,1,4,probe,True,True
216f286117650009,hold,hold,True,True,True,True,True,True,True,hold,True,R1-7204-release-r1-F-6,7204,F,release,single,1,7,probe,True,True
17be2feba4a7b818,none,none,True,True,True,True,True,True,True,none,True,R1-7205-incident-r0-F-3,7205,F,incident,single,0,4,ledger,True,True
922b7d56f641513c,ship,ship,True,True,True,True,True,True,True,ship,True,R1-7203-release-r0-E-5,7203,E,release,single,0,6,ledger,True,True
7e180ad08b5e7287,hold,hold,True,True,True,True,True,True,True,hold,True,R1-7203-release-r1-E-2,7203,E,release,single,1,3,canary,True,True
4b21af28dbd3c219,canary,canary,True,True,True,True,True,True,True,canary,True,R1-7205-incident-r0-E-2,7205,E,incident,single,0,3,canary,True,True
1eb4f544d29e3a56,hold,hold,True,True,True,True,True,True,True,hold,True,R1-7202-release-r1-E-2,7202,E,release,single,1,3,probe,True,True
e432740b456af19d,none,none,True,True,True,True,True,True,True,none,True,R1-7201-incident-r1-F-0,7201,F,incident,single,1,1,canary,True,True
9df74751bf3ac57d,none,none,True,True,True,True,True,True,True,none,True,R1-7201-incident-r1-E-6,7201,E,incident,single,1,7,canary,True,True
c9287fcbffcb71b3,hold,hold,True,True,True,True,True,True,True,hold,True,R1-7201-release-r1-F-1,7201,F,release,single,1,2,probe,True,True
c173a23e56baf977,none,none,True,True,True,True,True,True,True,none,True,R1-7204-incident-r0-F-7,7204,F,incident,single,0,8,probe,True,True
84ca7106dd99ea67,none,none,True,True,True,True,True,True,True,none,True,R1-7202-incident-r0-E-7,7202,E,incident,single,0,8,probe,True,True
777bdd6bb7fe8b74,probe,probe,True,True,True,True,True,True,True,probe,True,R1-7202-incident-r0-F-3,7202,F,incident,single,0,4,probe,True,True
19d139c44b38be0b,hold,hold,True,True,True,True,True,True,True,hold,True,R1-7200-release-r1-E-2,7200,E,release,single,1,3,ledger,True,True
440d7eb6afb162ce,hold,hold,True,True,True,True,True,True,True,hold,True,R1-7202-release-r0-F-5,7202,F,release,single,0,6,ledger,True,True
5b1f339d1aa29385,ship,ship,True,True,True,True,True,True,True,ship,True,R1-7205-release-r1-E-0,7205,E,release,single,1,1,canary,False,True
649a68f6f94b1cdc,hold,hold,True,True,True,True,True,True,True,hold,True,R1-7203-release-r1-E-1,7203,E,release,single,1,2,ledger,True,True
f355d9943067c23b,hold,hold,True,True,True,True,True,True,True,hold,True,R1-7200-release-r0-F-4,7200,F,release,single,0,5,ledger,True,True
129eeb60316f8554,ledger,ledger,True,True,True,True,True,True,True,ledger,True,R1-7205-incident-r1-F-6,7205,F,incident,single,1,7,ledger,True,True
86b8c1fa270739c4,canary,canary,True,True,True,True,True,True,True,canary,True,R1-7201-incident-r0-F-4,7201,F,incident,single,0,5,canary,True,True
216f286117650009,hold,hold,True,True,True,True,True,True,True,hold,True,R1-7204-release-r1-E-6,7204,E,release,single,1,7,probe,True,True
84ca7106dd99ea67,hold,hold,True,True,True,True,True,True,True,hold,True,R1-7202-release-r0-F-7,7202,F,release,single,0,8,probe,True,True
9df74751bf3ac57d,none,none,True,True,True,True,True,True,True,none,True,R1-7201-incident-r0-F-6,7201,F,incident,single,0,7,canary,True,True
c173a23e56baf977,hold,hold,True,True,True,True,True,True,True,hold,True,R1-7204-release-r1-E-7,7204,E,release,single,1,8,probe,True,True
129eeb60316f8554,hold,hold,True,True,True,True,True,True,True,hold,True,R1-7205-release-r1-F-6,7205,F,release,single,1,7,ledger,True,True
af7578524278d9b1,hold,hold,True,True,True,True,True,True,True,hold,True,R1-7204-release-r1-E-0,7204,E,release,single,1,1,canary,True,True
2a108b09ff37f092,ship,ship,True,True,True,True,True,True,True,ship,True,R1-7200-release-r1-E-6,7200,E,release,single,1,7,ledger,True,True
634fc55709f644f4,ship,ship,True,True,True,True,True,True,True,ship,True,R1-7204-release-r1-E-1,7204,E,release,single,1,2,canary,True,True
4b21af28dbd3c219,hold,hold,True,True,True,True,True,True,True,hold,True,R1-7205-release-r0-E-2,7205,E,release,single,0,3,canary,True,True
866f05cc3bd500b1,hold,hold,True,True,True,True,True,True,True,hold,True,R1-7204-release-r0-F-4,7204,F,release,single,0,5,probe,True,True
90d1f4c285c90e96,none,none,True,True,True,True,True,True,True,none,True,R1-7205-incident-r0-F-7,7205,F,incident,single,0,8,canary,True,True
cb2e5c846676573b,ledger,ledger,True,True,True,True,True,True,True,ledger,True,R1-7202-incident-r0-E-4,7202,E,incident,single,0,5,ledger,True,True
af7578524278d9b1,none,none,True,True,True,True,True,True,True,none,True,R1-7204-incident-r1-F-0,7204,F,incident,single,1,1,canary,True,True
4b21af28dbd3c219,hold,hold,True,True,True,True,True,True,True,hold,True,R1-7205-release-r1-F-2,7205,F,release,single,1,3,canary,True,True
866f05cc3bd500b1,probe,probe,True,True,True,True,True,True,True,probe,True,R1-7204-incident-r0-E-4,7204,E,incident,single,0,5,probe,True,True
2a108b09ff37f092,ledger,ledger,True,True,True,True,True,True,True,ledger,True,R1-7200-incident-r0-E-6,7200,E,incident,single,0,7,ledger,True,True
b9abbf063d34c4e5,ship,ship,True,True,True,True,True,True,True,ship,True,R1-7201-release-r0-E-7,7201,E,release,single,0,8,probe,True,True
c173a23e56baf977,none,none,True,True,True,True,True,True,True,none,True,R1-7204-incident-r0-E-7,7204,E,incident,single,0,8,probe,True,True
7e50d5f5420102a5,hold,hold,True,True,True,True,True,True,True,hold,True,R1-7200-release-r0-F-0,7200,F,release,single,0,1,probe,True,True
1163b5b8764d19a6,none,none,True,True,True,True,True,True,True,none,True,R1-7200-incident-r0-F-7,7200,F,incident,single,0,8,ledger,True,True
129eeb60316f8554,hold,hold,True,True,True,True,True,True,True,hold,True,R1-7205-release-r0-E-6,7205,E,release,single,0,7,ledger,True,True
c10a876ffc2698a0,ship,ship,True,True,True,True,True,True,True,ship,True,R1-7200-release-r1-E-1,7200,E,release,single,1,2,probe,True,True
7d116ad67c5b3891,hold,hold,True,True,True,True,True,True,True,hold,True,R1-7202-release-r1-E-1,7202,E,release,single,1,2,probe,True,True
7e50d5f5420102a5,hold,hold,True,True,True,True,True,True,True,hold,True,R1-7200-release-r0-E-0,7200,E,release,single,0,1,probe,True,True
7c3ecaa0bb067b4b,ledger,ledger,True,True,True,True,True,True,True,ledger,True,R1-7203-incident-r0-F-3,7203,F,incident,single,0,4,ledger,True,True
19d139c44b38be0b,none,none,True,True,True,True,True,True,True,none,True,R1-7200-incident-r0-F-2,7200,F,incident,single,0,3,ledger,True,True
7d116ad67c5b3891,hold,hold,True,True,True,True,True,True,True,hold,True,R1-7202-release-r0-E-1,7202,E,release,single,0,2,probe,True,True
90d1f4c285c90e96,hold,hold,True,True,True,True,True,True,True,hold,True,R1-7205-release-r0-F-7,7205,F,release,single,0,8,canary,True,True
440d7eb6afb162ce,none,none,True,True,True,True,True,True,True,none,True,R1-7202-incident-r0-E-5,7202,E,incident,single,0,6,ledger,True,True
5b1f339d1aa29385,ship,ship,True,True,True,True,True,True,True,ship,True,R1-7205-release-r0-E-0,7205,E,release,single,0,1,canary,False,True
38573906673c7624,none,none,True,True,True,True,True,True,True,none,True,R1-7202-incident-r0-F-6,7202,F,incident,single,0,7,ledger,True,True
17be2feba4a7b818,none,none,True,True,True,True,True,True,True,none,True,R1-7205-incident-r1-F-3,7205,F,incident,single,1,4,ledger,True,True
84ca7106dd99ea67,none,none,True,True,True,True,True,True,True,none,True,R1-7202-incident-r1-E-7,7202,E,incident,single,1,8,probe,True,True
f355d9943067c23b,hold,hold,True,True,True,True,True,True,True,hold,True,R1-7200-release-r0-E-4,7200,E,release,single,0,5,ledger,True,True
69f3f3ea020ce105,hold,hold,True,True,True,True,True,True,True,hold,True,R1-7203-release-r0-F-0,7203,F,release,single,0,1,ledger,True,True
592f8a076d2a3b71,ship,ship,True,True,True,True,True,True,True,ship,True,R1-7205-release-r1-E-4,7205,E,release,single,1,5,ledger,True,True
7e180ad08b5e7287,none,none,True,True,True,True,True,True,True,none,True,R1-7203-incident-r1-E-2,7203,E,incident,single,1,3,canary,True,True
c10a876ffc2698a0,ship,ship,True,True,True,True,True,True,True,ship,True,R1-7200-release-r1-F-1,7200,F,release,single,1,2,probe,True,True
216f286117650009,hold,hold,True,True,True,True,True,True,True,hold,True,R1-7204-release-r0-E-6,7204,E,release,single,0,7,probe,True,True
03108df7cc7defce,canary,canary,True,True,True,True,True,True,True,canary,True,R1-7203-incident-r0-F-4,7203,F,incident,single,0,5,canary,True,True
2a108b09ff37f092,ship,ship,True,True,True,True,True,True,True,ship,True,R1-7200-release-r1-F-6,7200,F,release,single,1,7,ledger,True,True
5126dd6a78e1da84,hold,hold,True,True,True,True,True,True,True,hold,True,R1-7200-release-r0-F-3,7200,F,release,single,0,4,probe,True,True
1a9334b98f01aa86,hold,hold,True,True,True,True,True,True,True,hold,True,R1-7204-release-r0-F-5,7204,F,release,single,0,6,canary,True,True
5126dd6a78e1da84,hold,hold,True,True,True,True,True,True,True,hold,True,R1-7200-release-r0-E-3,7200,E,release,single,0,4,probe,True,True
86b8c1fa270739c4,hold,hold,True,True,True,True,True,True,True,hold,True,R1-7201-release-r0-E-4,7201,E,release,single,0,5,canary,True,True
c9287fcbffcb71b3,probe,probe,True,True,True,True,True,True,True,probe,True,R1-7201-incident-r0-E-1,7201,E,incident,single,0,2,probe,True,True
1c15aa6647105708,hold,hold,True,True,True,True,True,True,True,hold,True,R1-7201-release-r0-E-3,7201,E,release,single,0,4,probe,True,True
64ddc5f8bf205ce2,hold,hold,True,True,True,True,True,True,True,hold,True,R1-7200-release-r1-E-5,7200,E,release,single,1,6,probe,True,True
64ddc5f8bf205ce2,probe,probe,True,True,True,True,True,True,True,probe,True,R1-7200-incident-r0-F-5,7200,F,incident,single,0,6,probe,True,True
86b8c1fa270739c4,canary,canary,True,True,True,True,True,True,True,canary,True,R1-7201-incident-r1-F-4,7201,F,incident,single,1,5,canary,True,True
da3f8dae08d67e82,canary,canary,True,True,True,True,True,True,True,canary,True,R1-7203-incident-r1-F-6,7203,F,incident,single,1,7,canary,True,True
e432740b456af19d,none,none,True,True,True,True,True,True,True,none,True,R1-7201-incident-r1-E-0,7201,E,incident,single,1,1,canary,True,True
5126dd6a78e1da84,none,none,True,True,True,True,True,True,True,none,True,R1-7200-incident-r0-E-3,7200,E,incident,single,0,4,probe,True,True
64ddc5f8bf205ce2,probe,probe,True,True,True,True,True,True,True,probe,True,R1-7200-incident-r1-E-5,7200,E,incident,single,1,6,probe,True,True
2835ff0667ddca66,hold,hold,True,True,True,True,True,True,True,hold,True,R1-7204-release-r1-E-2,7204,E,release,single,1,3,canary,True,True
19d139c44b38be0b,hold,hold,True,True,True,True,True,True,True,hold,True,R1-7200-release-r0-F-2,7200,F,release,single,0,3,ledger,True,True
fb55efc90e4cd340,none,none,True,True,True,True,True,True,True,none,True,R1-7205-incident-r0-F-5,7205,F,incident,single,0,6,canary,True,True
c9287fcbffcb71b3,probe,probe,True,True,True,True,True,True,True,probe,True,R1-7201-incident-r1-E-1,7201,E,incident,single,1,2,probe,True,True
777bdd6bb7fe8b74,ship,ship,True,True,True,True,True,True,True,ship,True,R1-7202-release-r1-F-3,7202,F,release,single,1,4,probe,True,True
90d1f4c285c90e96,none,none,True,True,True,True,True,True,True,none,True,R1-7205-incident-r1-F-7,7205,F,incident,single,1,8,canary,True,True
e090ea2d46ce2bb1,none,none,True,True,True,True,True,True,True,none,True,R1-7203-incident-r1-E-7,7203,E,incident,single,1,8,canary,True,True
9df74751bf3ac57d,none,none,True,True,True,True,True,True,True,none,True,R1-7201-incident-r0-E-6,7201,E,incident,single,0,7,canary,True,True
2835ff0667ddca66,hold,hold,True,True,True,True,True,True,True,hold,True,R1-7204-release-r0-F-2,7204,F,release,single,0,3,canary,True,True
c173a23e56baf977,hold,hold,True,True,True,True,True,True,True,hold,True,R1-7204-release-r0-F-7,7204,F,release,single,0,8,probe,True,True
1af40943325e4c46,ledger,ledger,True,True,True,True,True,True,True,ledger,True,R1-7202-incident-r1-F-0,7202,F,incident,single,1,1,ledger,True,True
e090ea2d46ce2bb1,none,none,True,True,True,True,True,True,True,none,True,R1-7203-incident-r1-F-7,7203,F,incident,single,1,8,canary,True,True
5126dd6a78e1da84,none,none,True,True,True,True,True,True,True,none,True,R1-7200-incident-r0-F-3,7200,F,incident,single,0,4,probe,True,True
866f05cc3bd500b1,probe,probe,True,True,True,True,True,True,True,probe,True,R1-7204-incident-r1-E-4,7204,E,incident,single,1,5,probe,True,True
fb55efc90e4cd340,none,none,True,True,True,True,True,True,True,none,True,R1-7205-incident-r1-E-5,7205,E,incident,single,1,6,canary,True,True
5b1f339d1aa29385,canary,canary,True,True,True,True,True,True,True,canary,True,R1-7205-incident-r0-F-0,7205,F,incident,single,0,1,canary,False,True
7d116ad67c5b3891,probe,probe,True,True,True,True,True,True,True,probe,True,R1-7202-incident-r0-F-1,7202,F,incident,single,0,2,probe,True,True
866f05cc3bd500b1,probe,probe,True,True,True,True,True,True,True,probe,True,R1-7204-incident-r0-F-4,7204,F,incident,single,0,5,probe,True,True
f5e0f4bfba0fd6e8,ship,ship,True,True,True,True,True,True,True,ship,True,R1-7201-release-r1-E-5,7201,E,release,single,1,6,canary,True,True
4c64be42990ed0a9,none,probe,False,False,True,True,True,True,True,probe,False,R1-7201-incident-r1-E-2,7201,E,incident,single,1,3,probe,True,True
e090ea2d46ce2bb1,hold,hold,True,True,True,True,True,True,True,hold,True,R1-7203-release-r1-E-7,7203,E,release,single,1,8,canary,True,True
592f8a076d2a3b71,ledger,ledger,True,True,True,True,True,True,True,ledger,True,R1-7205-incident-r0-E-4,7205,E,incident,single,0,5,ledger,True,True
634fc55709f644f4,canary,canary,True,True,True,True,True,True,True,canary,True,R1-7204-incident-r1-E-1,7204,E,incident,single,1,2,canary,True,True
4c64be42990ed0a9,hold,hold,True,True,True,True,True,True,True,hold,True,R1-7201-release-r0-F-2,7201,F,release,single,0,3,probe,True,True
7d116ad67c5b3891,probe,probe,True,True,True,True,True,True,True,probe,True,R1-7202-incident-r1-E-1,7202,E,incident,single,1,2,probe,True,True
216f286117650009,none,none,True,True,True,True,True,True,True,none,True,R1-7204-incident-r1-E-6,7204,E,incident,single,1,7,probe,True,True
da3f8dae08d67e82,canary,canary,True,True,True,True,True,True,True,canary,True,R1-7203-incident-r1-E-6,7203,E,incident,single,1,7,canary,True,True
