n,arm,checks,attacker_pass,visibility,assigned,valid,observed_joint_target,interval_envelope_target,cost_usd,scripted_accuracy,rare_accuracy,rare_accuracy_low,rare_accuracy_high,task_accuracy,task_accuracy_low,task_accuracy_high,bad_seat_share,bad_seat_share_low,bad_seat_share_high,specialist_retention,specialist_retention_low,specialist_retention_high,malicious_admission,malicious_admission_low,malicious_admission_high
324,coverage,4,0.1,visible,24,24,False,False,0.173782,0.2638888888888889,0.20833333333333334,0.125,0.3055555555555555,0.6041666666666666,0.5624999999999999,0.6527777777777778,0.0853909465020576,0.07510288065843622,0.09619341563786006,0.15534979423868314,0.12242798353909468,0.18775720164609055,0.1707818930041152,0.15020576131687244,0.19238683127572012
324,coverage,4,0.3,visible,24,24,False,False,0.173782,0.26388888888888884,0.20833333333333334,0.1111111111111111,0.3055555555555555,0.6041666666666666,0.5555555555555555,0.6527777777777778,0.0853909465020576,0.0751028806584362,0.09619341563786009,0.15534979423868314,0.12294238683127574,0.18724279835390947,0.1707818930041152,0.1502057613168724,0.19238683127572018
324,coverage,4,0.5,visible,24,24,False,False,0.173782,0.2638888888888889,0.20833333333333334,0.125,0.3055555555555555,0.6041666666666666,0.5625,0.6527777777777778,0.0853909465020576,0.07510288065843622,0.09593621399176955,0.15534979423868314,0.12242798353909468,0.18724279835390947,0.1707818930041152,0.15020576131687244,0.1918724279835391
324,coverage,4,0.7,visible,24,24,False,False,0.173782,0.2638888888888889,0.20833333333333334,0.12499999999999999,0.3055555555555555,0.6041666666666666,0.5624999999999999,0.6527777777777778,0.08539094650205763,0.07510288065843622,0.09645061728395062,0.15534979423868314,0.12242798353909468,0.18775720164609058,0.17078189300411525,0.15020576131687244,0.19290123456790123
324,coverage,4,0.9,visible,24,24,False,False,0.173782,0.2638888888888889,0.20833333333333334,0.12499999999999999,0.3055555555555555,0.6041666666666666,0.5624999999999999,0.6527777777777778,0.08539094650205763,0.07484567901234568,0.09619984567901226,0.15534979423868314,0.12139917695473253,0.18725565843621386,0.17078189300411525,0.14969135802469136,0.1923996913580245
324,coverage,8,0.1,visible,24,24,False,False,0.173561,0.2638888888888889,0.3611111111111111,0.19444444444444442,0.5416666666666666,0.6805555555555557,0.5972222222222222,0.7708333333333334,0.05272633744855967,0.04526748971193415,0.06147119341563786,0.09104938271604938,0.06635802469135803,0.11779835390946503,0.10545267489711933,0.0905349794238683,0.12294238683127572
324,coverage,8,0.3,visible,24,24,False,False,0.173561,0.2638888888888889,0.3611111111111111,0.19444444444444442,0.5277777777777778,0.6805555555555557,0.5972222222222222,0.763888888888889,0.05272633744855967,0.04526748971193415,0.06147119341563786,0.09104938271604938,0.06635802469135803,0.11779835390946503,0.10545267489711933,0.0905349794238683,0.12294238683127572
324,coverage,8,0.5,visible,24,24,False,False,0.173561,0.2638888888888889,0.361111111111111,0.19444444444444442,0.5416666666666666,0.6805555555555557,0.5972222222222222,0.7708333333333334,0.05272633744855967,0.04501028806584362,0.06172839506172839,0.0910493827160494,0.06635802469135803,0.11779835390946503,0.10545267489711933,0.09002057613168724,0.12345679012345678
324,coverage,8,0.7,visible,24,24,False,False,0.173561,0.2638888888888889,0.3611111111111111,0.19444444444444442,0.5277777777777778,0.6805555555555557,0.5972222222222222,0.763888888888889,0.05272633744855967,0.04501028806584362,0.06172839506172839,0.09104938271604938,0.06584362139917696,0.11728395061728396,0.10545267489711933,0.09002057613168724,0.12345679012345678
324,coverage,8,0.9,visible,24,24,False,False,0.173561,0.2638888888888889,0.3611111111111111,0.19444444444444442,0.5277777777777778,0.6805555555555557,0.5972222222222222,0.763888888888889,0.05272633744855967,0.04526748971193415,0.06172839506172839,0.0910493827160494,0.06635802469135804,0.11882716049382717,0.10545267489711933,0.0905349794238683,0.12345679012345678
324,coverage,16,0.1,visible,24,24,False,False,0.173189,0.3611111111111111,0.34722222222222215,0.23611111111111108,0.4583333333333333,0.673611111111111,0.6180555555555555,0.7291666666666666,0.0102880658436214,0.00874485596707819,0.011831275720164609,0.023148148148148164,0.01954732510288067,0.02674897119341566,0.0205761316872428,0.01748971193415638,0.023662551440329218
324,coverage,16,0.3,visible,24,24,False,False,0.173179,0.3611111111111111,0.3333333333333333,0.2222222222222222,0.4444444444444444,0.6666666666666666,0.611111111111111,0.7222222222222222,0.0102880658436214,0.00874485596707819,0.011831275720164609,0.023148148148148164,0.01954732510288067,0.027263374485596712,0.0205761316872428,0.01748971193415638,0.023662551440329218
324,coverage,16,0.5,visible,24,24,False,False,0.173179,0.3611111111111111,0.3333333333333333,0.2222222222222222,0.4444444444444444,0.6666666666666666,0.6111111111111112,0.7222222222222223,0.0102880658436214,0.00874485596707819,0.011831275720164609,0.023148148148148164,0.019547325102880667,0.027263374485596712,0.0205761316872428,0.01748971193415638,0.023662551440329218
324,coverage,16,0.7,visible,24,24,False,False,0.173194,0.3611111111111111,0.3611111111111111,0.25,0.47222222222222215,0.6805555555555555,0.625,0.736111111111111,0.0102880658436214,0.00874485596707819,0.011831275720164609,0.023148148148148164,0.01954732510288067,0.027263374485596712,0.0205761316872428,0.01748971193415638,0.023662551440329218
324,coverage,16,0.9,visible,24,24,False,False,0.173194,0.3611111111111111,0.3611111111111111,0.25,0.47222222222222215,0.6805555555555557,0.625,0.736111111111111,0.0102880658436214,0.00874485596707819,0.011831275720164609,0.023148148148148164,0.01954732510288067,0.02726337448559672,0.0205761316872428,0.01748971193415638,0.023662551440329218
324,coverage,32,0.1,visible,24,24,True,True,0.172874,1.0,0.9722222222222222,0.9305555555555555,1.0,0.9861111111111112,0.9652777777777778,1.0,0.019804526748971193,0.011574074074074075,0.02854938271604938,0.3384773662551441,0.29886831275720166,0.37808641975308643,0.03960905349794239,0.02314814814814815,0.05709876543209876
324,coverage,32,0.3,visible,24,24,False,False,0.172788,0.9166666666666666,0.875,0.7638888888888888,0.9583333333333334,0.9375,0.8819444444444445,0.9791666666666666,0.06069958847736625,0.04963991769547325,0.07330246913580246,0.36008230452674894,0.31790123456790126,0.4012345679012346,0.1213991769547325,0.0992798353909465,0.14660493827160492
324,coverage,32,0.5,visible,24,24,False,False,0.172714,0.875,0.7777777777777777,0.6388888888888888,0.9027777777777777,0.888888888888889,0.8194444444444445,0.951388888888889,0.1015946502057613,0.08950617283950617,0.11471193415637859,0.360082304526749,0.3168724279835391,0.3996913580246913,0.2031893004115226,0.17901234567901234,0.22942386831275718
324,coverage,32,0.7,visible,24,24,False,False,0.172593,0.6805555555555555,0.5972222222222222,0.4444444444444444,0.75,0.7986111111111112,0.7222222222222222,0.875,0.14017489711934156,0.1265432098765432,0.15380658436213993,0.36059670781893005,0.3173868312757202,0.4012345679012346,0.2803497942386831,0.2530864197530864,0.30761316872427985
324,coverage,32,0.9,visible,24,24,False,False,0.172586,0.47222222222222215,0.5277777777777778,0.38888888888888884,0.6527777777777778,0.763888888888889,0.6944444444444445,0.826388888888889,0.17695473251028804,0.16075102880658435,0.1926504629629629,0.36008230452674894,0.31893004115226337,0.39814814814814814,0.3539094650205761,0.3215020576131687,0.3853009259259258
324,coverage,64,0.1,visible,24,24,False,False,0.172432,1.0,0.986111111111111,0.9583333333333334,1.0,0.9930555555555557,0.9791666666666666,1.0,0.08513374485596707,0.06893004115226337,0.10262345679012345,0.6460905349794239,0.617283950617284,0.6743827160493826,0.17026748971193414,0.13786008230452673,0.2052469135802469
324,coverage,64,0.3,visible,24,24,False,False,0.171865,0.9722222222222222,0.8333333333333334,0.736111111111111,0.9166666666666666,0.9166666666666666,0.8680555555555555,0.9583333333333334,0.21347736625514405,0.19161522633744854,0.23533950617283952,0.6903292181069959,0.6640946502057613,0.7155349794238685,0.4269547325102881,0.3832304526748971,0.47067901234567905
324,coverage,64,0.5,visible,24,24,False,False,0.17166599999999999,0.75,0.5694444444444444,0.4166666666666667,0.7222222222222222,0.7847222222222223,0.7083333333333334,0.8611111111111112,0.2767489711934156,0.2574524176954732,0.2957818930041152,0.6759259259259259,0.6481481481481483,0.7026748971193416,0.5534979423868313,0.5149048353909464,0.5915637860082305
324,coverage,64,0.7,visible,24,24,False,False,0.171351,0.6527777777777778,0.5138888888888888,0.375,0.6388888888888888,0.7569444444444445,0.6875,0.8194444444444445,0.31147119341563784,0.29835390946502055,0.3251028806584362,0.6810699588477366,0.6486625514403292,0.7119341563786007,0.6229423868312757,0.5967078189300411,0.6502057613168724
324,coverage,64,0.9,visible,24,24,False,False,0.171106,0.5138888888888888,0.3611111111111111,0.23611111111111108,0.4861111111111111,0.6805555555555557,0.6180555555555555,0.7430555555555557,0.3323045267489712,0.31893004115226337,0.3454218106995885,0.6805555555555557,0.6445473251028807,0.7139917695473251,0.6646090534979424,0.6378600823045267,0.690843621399177
324,coverage,108,0.1,visible,24,24,False,False,0.171671,1.0,1.0,1.0,1.0,1.0,1.0,1.0,0.10699588477366255,0.095679012345679,0.11805555555555554,0.8004115226337448,0.7741769547325102,0.8251028806584362,0.2139917695473251,0.191358024691358,0.23611111111111108
324,coverage,108,0.3,visible,24,24,False,False,0.170661,0.9166666666666666,0.7777777777777777,0.6527777777777778,0.8888888888888888,0.888888888888889,0.826388888888889,0.9444444444444445,0.23173868312757198,0.21887860082304525,0.24459876543209877,0.7294238683127571,0.690843621399177,0.7649176954732511,0.46347736625514396,0.4377572016460905,0.48919753086419754
324,coverage,108,0.5,visible,24,24,False,False,0.16997299999999999,0.5277777777777777,0.5277777777777777,0.3888888888888889,0.6666666666666666,0.7638888888888888,0.6944444444444445,0.8333333333333334,0.2857510288065843,0.2718621399176955,0.29835390946502055,0.6090534979423868,0.5843621399176956,0.6352880658436214,0.5715020576131686,0.543724279835391,0.5967078189300411
324,coverage,108,0.7,visible,24,24,False,False,0.169606,0.3333333333333333,0.3194444444444444,0.19444444444444442,0.4583333333333333,0.6597222222222222,0.5972222222222222,0.7291666666666666,0.30195473251028804,0.28420781893004116,0.31841563786008226,0.5534979423868313,0.5190329218106996,0.5905349794238685,0.6039094650205761,0.5684156378600823,0.6368312757201645
324,coverage,108,0.9,visible,24,24,False,False,0.169344,0.4444444444444444,0.3333333333333333,0.2222222222222222,0.4444444444444444,0.6666666666666666,0.611111111111111,0.7222222222222222,0.28497942386831276,0.26491769547325106,0.3045267489711934,0.5823045267489713,0.5519547325102881,0.6131687242798355,0.5699588477366255,0.5298353909465021,0.6090534979423868
324,random,4,0.1,visible,24,24,False,False,0.173818,0.736111111111111,0.625,0.4583333333333333,0.7777777777777777,0.8125,0.7291666666666666,0.888888888888889,0.10262345679012345,0.07896090534979423,0.12525720164609053,0.3786008230452675,0.3045267489711934,0.45834619341563776,0.2052469135802469,0.15792181069958847,0.25051440329218105
324,random,4,0.3,visible,24,24,False,False,0.173806,0.6805555555555555,0.5694444444444444,0.40277777777777773,0.736111111111111,0.7847222222222223,0.701388888888889,0.8680555555555557,0.12602880658436214,0.0949074074074074,0.15792181069958847,0.36316872427983543,0.2947530864197531,0.43672839506172845,0.25205761316872427,0.1898148148148148,0.31584362139917693
324,random,4,0.5,visible,24,24,False,False,0.173798,0.6249999999999999,0.5138888888888888,0.34722222222222215,0.6805555555555555,0.7569444444444445,0.673611111111111,0.8402777777777778,0.13863168724279837,0.10699588477366255,0.17027391975308634,0.35596707818930046,0.2854809670781893,0.4279835390946502,0.27726337448559674,0.2139917695473251,0.3405478395061727
324,random,4,0.7,visible,24,24,False,False,0.173786,0.5555555555555555,0.4861111111111111,0.3055555555555555,0.6527777777777778,0.7430555555555557,0.6527777777777778,0.826388888888889,0.16177983539094648,0.12525720164609053,0.19959490740740732,0.3415637860082305,0.27366255144032925,0.40740740740740744,0.32355967078189296,0.25051440329218105,0.39918981481481464
324,random,4,0.9,visible,24,24,False,False,0.173778,0.4861111111111111,0.4305555555555555,0.27777777777777773,0.5972222222222222,0.7152777777777777,0.6388888888888888,0.7986111111111112,0.17772633744855967,0.14403292181069957,0.21270576131687244,0.3333333333333333,0.2664609053497942,0.40483539094650206,0.35545267489711935,0.28806584362139914,0.4254115226337449
324,random,8,0.1,visible,24,24,False,False,0.17368,0.875,0.7777777777777777,0.625,0.9027777777777777,0.888888888888889,0.8125,0.951388888888889,0.08770576131687242,0.06790123456790122,0.10751028806584362,0.41409465020576136,0.34927983539094654,0.4845679012345679,0.17541152263374485,0.13580246913580243,0.21502057613168724
324,random,8,0.3,visible,24,24,False,False,0.17366399999999999,0.7777777777777777,0.6527777777777778,0.5,0.8055555555555555,0.8263888888888888,0.75,0.9027777777777778,0.10905349794238683,0.08512731481481481,0.13117283950617284,0.4012345679012346,0.33641975308641975,0.46965020576131683,0.21810699588477367,0.17025462962962962,0.2623456790123457
324,random,8,0.5,visible,24,24,False,False,0.173636,0.5416666666666666,0.5416666666666666,0.375,0.7083333333333334,0.7708333333333334,0.6875,0.8541666666666666,0.14609053497942384,0.1219071502057613,0.1718106995884774,0.3822016460905349,0.31841563786008237,0.44960133744855957,0.2921810699588477,0.2438143004115226,0.3436213991769548
324,random,8,0.7,visible,24,24,False,False,0.17362,0.5,0.5277777777777778,0.36111111111111116,0.6809027777777729,0.7638888888888888,0.6805555555555557,0.8404513888888864,0.1625514403292181,0.13631687242798354,0.19007201646090532,0.37345679012345684,0.31121399176954734,0.4398148148148148,0.3251028806584362,0.2726337448559671,0.38014403292181065
324,random,8,0.9,visible,24,24,False,False,0.173598,0.4444444444444444,0.5,0.3333333333333333,0.6666666666666666,0.75,0.6666666666666666,0.8333333333333334,0.1831275720164609,0.15457818930041153,0.21296296296296294,0.360082304526749,0.29732510288065844,0.4264403292181071,0.3662551440329218,0.30915637860082307,0.4259259259259259
324,random,16,0.1,visible,24,24,False,False,0.173414,0.9722222222222223,0.9027777777777777,0.8194444444444443,0.9722222222222222,0.951388888888889,0.9097222222222222,0.9861111111111112,0.05915637860082304,0.04038065843621399,0.07844650205761317,0.4686213991769548,0.41872427983539096,0.5231481481481483,0.11831275720164608,0.08076131687242798,0.15689300411522633
324,random,16,0.3,visible,24,24,False,False,0.173384,0.9027777777777777,0.8055555555555555,0.6805555555555555,0.9166666666666666,0.9027777777777777,0.8402777777777777,0.9583333333333334,0.09207818930041152,0.07150205761316873,0.11136831275720165,0.4573045267489712,0.4084362139917696,0.5092592592592592,0.18415637860082304,0.14300411522633746,0.2227366255144033
324,random,16,0.5,visible,24,24,False,False,0.173326,0.75,0.6527777777777778,0.5,0.8055555555555555,0.826388888888889,0.75,0.9027777777777777,0.14223251028806583,0.11754115226337448,0.1646090534979424,0.42746913580246915,0.3816872427983539,0.4753086419753087,0.28446502057613166,0.23508230452674897,0.3292181069958848
324,random,16,0.7,visible,24,24,False,False,0.173282,0.5833333333333334,0.5277777777777778,0.3611111111111111,0.6944444444444443,0.7638888888888888,0.6805555555555555,0.8472222222222222,0.17901234567901234,0.15200617283950615,0.20396090534979425,0.4110082304526748,0.36574074074074076,0.455761316872428,0.35802469135802467,0.3040123456790123,0.4079218106995885
324,random,16,0.9,visible,24,24,False,False,0.173246,0.4583333333333333,0.4305555555555555,0.29166666666666663,0.5694444444444444,0.7152777777777778,0.6458333333333334,0.7847222222222223,0.2075617283950617,0.18414994855967076,0.2296810699588477,0.4007201646090535,0.35648148148148145,0.4459876543209877,0.4151234567901234,0.3682998971193415,0.4593621399176954
324,random,32,0.1,visible,24,24,True,False,0.172876,1.0,0.986111111111111,0.9583333333333334,1.0,0.9930555555555557,0.9791666666666666,1.0,0.04063786008230452,0.028292181069958844,0.05478395061728395,0.5421810699588477,0.488670267489712,0.5941358024691358,0.08127572016460904,0.05658436213991769,0.1095679012345679
324,random,32,0.3,visible,24,24,False,False,0.17281,0.986111111111111,0.875,0.7638888888888888,0.9583333333333334,0.9375,0.8819444444444445,0.9791666666666666,0.08564814814814814,0.07227366255144033,0.0992798353909465,0.5164609053497943,0.4645061728395062,0.5684156378600823,0.17129629629629628,0.14454732510288065,0.198559670781893
324,random,32,0.5,visible,24,24,False,False,0.172712,0.9027777777777777,0.75,0.6388888888888888,0.8472222222222222,0.875,0.8194444444444445,0.9236111111111112,0.14326131687242796,0.12525720164609053,0.1612654320987654,0.4758230452674897,0.43004115226337447,0.5231481481481483,0.2865226337448559,0.25051440329218105,0.3225308641975308
324,random,32,0.7,visible,24,24,False,False,0.172634,0.6666666666666666,0.611111111111111,0.486111111111111,0.736111111111111,0.8055555555555555,0.7430555555555555,0.8680555555555557,0.18569958847736623,0.1664094650205761,0.20551054526748963,0.4537037037037037,0.4094650205761317,0.49948559670781895,0.37139917695473246,0.3328189300411522,0.41102109053497926
324,random,32,0.9,visible,24,24,False,False,0.172558,0.4444444444444445,0.4305555555555556,0.3055555555555555,0.5555555555555556,0.7152777777777777,0.6527777777777777,0.7777777777777778,0.22170781893004113,0.20241769547325103,0.2417695473251029,0.4377572016460906,0.39351851851851855,0.4835390946502058,0.44341563786008226,0.40483539094650206,0.4835390946502058
324,random,64,0.1,visible,24,24,True,True,0.17178,1.0,0.9722222222222222,0.9305555555555555,1.0,0.9861111111111112,0.9652777777777778,1.0,0.028034979423868314,0.019547325102880656,0.03729423868312757,0.5385802469135802,0.4799382716049383,0.5941358024691358,0.05606995884773663,0.03909465020576131,0.07458847736625514
324,random,64,0.3,visible,24,24,False,False,0.171575,0.9583333333333334,0.8888888888888888,0.8055555555555555,0.9583333333333334,0.9444444444444445,0.9027777777777778,0.9791666666666666,0.0779320987654321,0.06172839506172839,0.09387860082304526,0.507201646090535,0.4459876543209877,0.5663580246913581,0.1558641975308642,0.12345679012345678,0.18775720164609053
324,random,64,0.5,visible,24,24,False,False,0.171403,0.7777777777777777,0.7777777777777777,0.6666666666666666,0.875,0.888888888888889,0.8333333333333334,0.9375,0.13425925925925927,0.11522633744855966,0.15432098765432098,0.4737654320987655,0.41460905349794236,0.5308641975308642,0.26851851851851855,0.23045267489711932,0.30864197530864196
324,random,64,0.7,visible,24,24,False,False,0.171314,0.5,0.5555555555555555,0.4166666666666667,0.6805555555555555,0.7777777777777777,0.7083333333333334,0.8402777777777778,0.18261316872427988,0.16332304526748972,0.2037037037037037,0.44495884773662553,0.38734567901234573,0.5015432098765432,0.36522633744855976,0.32664609053497945,0.4074074074074074
324,random,64,0.9,visible,24,24,False,False,0.171078,0.3333333333333333,0.4861111111111111,0.34722222222222215,0.625,0.7430555555555555,0.673611111111111,0.8125,0.2175925925925926,0.1983024691358025,0.2373971193415638,0.42335390946502055,0.36522633744855976,0.4825102880658436,0.4351851851851852,0.396604938271605,0.4747942386831276
324,random,108,0.1,visible,24,24,True,True,0.170272,1.0,0.986111111111111,0.9583333333333334,1.0,0.9930555555555557,0.9791666666666666,1.0,0.024948559670781894,0.018004115226337446,0.03292181069958847,0.5997942386831276,0.5565843621399177,0.6455761316872428,0.04989711934156379,0.03600823045267489,0.06584362139917695
324,random,108,0.3,visible,24,24,False,False,0.170025,0.986111111111111,0.9166666666666666,0.8333333333333334,0.986111111111111,0.9583333333333334,0.9166666666666666,0.9930555555555557,0.08616255144032921,0.07304526748971192,0.0995434670781892,0.565843621399177,0.5190329218106996,0.6136959876543209,0.17232510288065842,0.14609053497942384,0.1990869341563784
324,random,108,0.5,visible,24,24,False,False,0.16967,0.8472222222222222,0.7083333333333334,0.5555555555555555,0.8333333333333334,0.8541666666666666,0.7777777777777778,0.9166666666666666,0.15046296296296294,0.13297325102880658,0.16898148148148148,0.5308641975308642,0.4840534979423869,0.5776748971193416,0.3009259259259259,0.26594650205761317,0.33796296296296297
324,random,108,0.7,visible,24,24,False,False,0.169489,0.6805555555555555,0.611111111111111,0.4861111111111111,0.7222222222222222,0.8055555555555555,0.7430555555555557,0.8611111111111112,0.19753086419753085,0.1787551440329218,0.21810699588477367,0.5092592592592593,0.4645061728395062,0.5519675925925925,0.3950617283950617,0.3575102880658436,0.43621399176954734
324,random,108,0.9,visible,24,24,False,False,0.169261,0.45833333333333326,0.4444444444444444,0.3055555555555555,0.5833333333333334,0.7222222222222223,0.6527777777777778,0.7916666666666666,0.24254115226337447,0.22376543209876543,0.2620884773662551,0.47890946502057613,0.4377572016460905,0.5216049382716049,0.48508230452674894,0.44753086419753085,0.5241769547325102
972,coverage,4,0.1,visible,24,24,False,False,0.484714,0.23611111111111108,0.40277777777777773,0.2638888888888889,0.5416666666666666,0.7013888888888888,0.6319444444444444,0.7708333333333334,0.11531207133058985,0.10468106995884774,0.1262002743484225,0.2318244170096022,0.20987654320987656,0.25445816186556924,0.2306241426611797,0.20936213991769548,0.252400548696845
972,coverage,4,0.3,visible,24,24,False,False,0.484714,0.23611111111111108,0.38888888888888884,0.25,0.5277777777777778,0.6944444444444443,0.625,0.763888888888889,0.11531207133058985,0.10459533607681755,0.1262860082304527,0.23182441700960219,0.209872256515775,0.25446244855967076,0.2306241426611797,0.2091906721536351,0.2525720164609054
972,coverage,4,0.5,visible,24,24,False,False,0.484714,0.23611111111111108,0.44444444444444436,0.3194444444444444,0.5833333333333333,0.7222222222222223,0.6597222222222222,0.7916666666666666,0.11531207133058985,0.1044238683127572,0.12637174211248284,0.2318244170096022,0.20935785322359396,0.2546296296296296,0.2306241426611797,0.2088477366255144,0.2527434842249657
972,coverage,4,0.7,visible,24,24,False,False,0.484714,0.23611111111111108,0.40277777777777773,0.2638888888888889,0.5416666666666666,0.7013888888888888,0.6319444444444445,0.7708333333333334,0.11531207133058985,0.10459533607681755,0.1262860082304527,0.2318244170096022,0.2095336076817558,0.2544581618655693,0.2306241426611797,0.2091906721536351,0.2525720164609054
972,coverage,4,0.9,visible,24,24,False,False,0.484714,0.23611111111111108,0.4305555555555555,0.2916666666666667,0.5694444444444444,0.7152777777777777,0.6458333333333334,0.7847222222222223,0.11531207133058985,0.10450960219478737,0.12637174211248284,0.23182441700960219,0.20970507544581615,0.25480109739369,0.2306241426611797,0.20901920438957475,0.2527434842249657
972,coverage,8,0.1,visible,24,24,False,False,0.48455000000000004,0.3055555555555555,0.40277777777777773,0.2638888888888889,0.5416666666666666,0.7013888888888888,0.6319444444444445,0.7708333333333334,0.0973079561042524,0.08856310013717421,0.1063957475994513,0.1958161865569273,0.17798353909465017,0.21382030178326475,0.1946159122085048,0.17712620027434842,0.2127914951989026
972,coverage,8,0.3,visible,24,24,False,False,0.48455000000000004,0.3055555555555555,0.40277777777777773,0.2638888888888889,0.5416666666666666,0.701388888888889,0.6319444444444444,0.7708333333333334,0.0973079561042524,0.08873456790123457,0.10656721536351166,0.1958161865569273,0.17866941015089163,0.21416323731138545,0.1946159122085048,0.17746913580246915,0.21313443072702332
972,coverage,8,0.5,visible,24,24,False,False,0.484495,0.3055555555555555,0.40277777777777773,0.2638888888888889,0.5416666666666666,0.701388888888889,0.6319444444444445,0.7708333333333334,0.0973079561042524,0.08873456790123457,0.10682656035665293,0.1958161865569273,0.17866941015089166,0.21451045953360764,0.1946159122085048,0.17746913580246915,0.21365312071330586
972,coverage,8,0.7,visible,24,24,False,False,0.484495,0.3055555555555555,0.4305555555555555,0.2916666666666667,0.5694444444444443,0.7152777777777778,0.6458333333333334,0.7847222222222222,0.0973079561042524,0.08882030178326474,0.10665294924554185,0.1958161865569273,0.17849794238683128,0.21433470507544583,0.1946159122085048,0.17764060356652947,0.2133058984910837
972,coverage,8,0.9,visible,24,24,False,False,0.48455000000000004,0.3055555555555556,0.4166666666666667,0.27777777777777773,0.5555555555555555,0.7083333333333334,0.6388888888888888,0.7777777777777778,0.09730795610425241,0.08881815843621399,0.10648148148148147,0.1958161865569273,0.17832647462277093,0.21416323731138545,0.19461591220850483,0.17763631687242798,0.21296296296296294
972,coverage,16,0.1,visible,24,24,False,False,0.48419,0.4444444444444444,0.5138888888888888,0.3611111111111111,0.6666666666666666,0.7569444444444445,0.6805555555555557,0.8333333333333334,0.06944444444444443,0.06069958847736626,0.07724622770919067,0.14454732510288065,0.1313443072702332,0.1574074074074074,0.13888888888888887,0.12139917695473253,0.15449245541838133
972,coverage,16,0.3,visible,24,24,False,False,0.484135,0.4444444444444444,0.513888888888889,0.3611111111111111,0.6666666666666666,0.7569444444444443,0.6805555555555555,0.8333333333333334,0.06944444444444445,0.06061385459533608,0.07733196159122085,0.14454732510288065,0.1310013717421125,0.1574074074074074,0.1388888888888889,0.12122770919067216,0.1546639231824417
972,coverage,16,0.5,visible,24,24,False,False,0.484135,0.4444444444444444,0.5138888888888888,0.36111111111111116,0.6666666666666666,0.7569444444444443,0.6805555555555557,0.8333333333333334,0.06944444444444443,0.060699588477366256,0.07716049382716049,0.14454732510288068,0.1313443072702332,0.15757887517146776,0.13888888888888887,0.12139917695473251,0.15432098765432098
972,coverage,16,0.7,visible,24,24,False,False,0.48419,0.4444444444444444,0.486111111111111,0.34722222222222215,0.6388888888888888,0.7430555555555555,0.673611111111111,0.8194444444444443,0.06944444444444445,0.06078532235939643,0.07733196159122085,0.14454732510288068,0.1313443072702332,0.15775034293552812,0.1388888888888889,0.12157064471879286,0.1546639231824417
972,coverage,16,0.9,visible,24,24,False,False,0.484135,0.44444444444444436,0.486111111111111,0.34722222222222215,0.625,0.7430555555555555,0.673611111111111,0.8125,0.06944444444444445,0.06061385459533608,0.07724622770919067,0.14454732510288065,0.13116855281207132,0.1570644718792867,0.1388888888888889,0.12122770919067216,0.15449245541838133
972,coverage,32,0.1,visible,24,24,False,False,0.483522,0.5,0.5,0.34722222222222215,0.6527777777777777,0.75,0.673611111111111,0.826388888888889,0.036865569272976684,0.03317686899862826,0.040723593964334705,0.08161865569272979,0.06909722222222223,0.0949931412894376,0.07373113854595337,0.06635373799725652,0.08144718792866941
972,coverage,32,0.3,visible,24,24,False,False,0.483577,0.5,0.5,0.34722222222222215,0.6527777777777778,0.75,0.673611111111111,0.826388888888889,0.036865569272976684,0.033179012345679014,0.04063786008230453,0.08161865569272979,0.06893004115226338,0.09516460905349795,0.07373113854595337,0.06635802469135803,0.08127572016460906
972,coverage,32,0.5,visible,24,24,False,False,0.483467,0.5,0.5,0.34722222222222215,0.6527777777777778,0.75,0.673611111111111,0.826388888888889,0.036865569272976684,0.033179012345679014,0.040552126200274353,0.08161865569272979,0.06910150891632376,0.0951688957475994,0.07373113854595337,0.06635802469135803,0.08110425240054871
972,coverage,32,0.7,visible,24,24,False,False,0.483412,0.5,0.5,0.34722222222222215,0.6527777777777777,0.75,0.673611111111111,0.826388888888889,0.036865569272976684,0.03309113511659808,0.04063786008230453,0.08161865569272979,0.06910150891632373,0.0951688957475994,0.07373113854595337,0.06618227023319616,0.08127572016460906
972,coverage,32,0.9,visible,24,24,False,False,0.483412,0.5,0.5,0.3333333333333333,0.6527777777777778,0.75,0.6666666666666666,0.826388888888889,0.03686556927297668,0.033179012345679014,0.04063786008230453,0.08161865569272979,0.06910150891632376,0.09516460905349795,0.07373113854595335,0.06635802469135803,0.08127572016460906
972,coverage,64,0.1,visible,24,24,False,False,0.482253,0.861111111111111,0.861111111111111,0.75,0.9583333333333334,0.9305555555555555,0.875,0.9791666666666666,0.006258573388203017,0.004372427983539095,0.00823045267489712,0.05915637860082306,0.0462962962962963,0.07321673525377231,0.012517146776406035,0.00874485596707819,0.01646090534979424
972,coverage,64,0.3,visible,24,24,False,False,0.482129,0.7916666666666666,0.8194444444444443,0.7083333333333334,0.9166666666666666,0.9097222222222223,0.8541666666666666,0.9583333333333334,0.009430727023319615,0.006515775034293553,0.012517146776406037,0.0577846364883402,0.04492455418381345,0.07150205761316873,0.01886145404663923,0.013031550068587106,0.025034293552812073
972,coverage,64,0.5,visible,24,24,False,False,0.482109,0.6805555555555555,0.7083333333333334,0.5555555555555555,0.8472222222222222,0.8541666666666666,0.7777777777777778,0.923611111111111,0.013203017832647462,0.010030864197530865,0.016460905349794237,0.05486968449931414,0.04200960219478739,0.06910150891632373,0.026406035665294925,0.02006172839506173,0.03292181069958847
972,coverage,64,0.7,visible,24,24,False,False,0.482093,0.5694444444444445,0.6249999999999999,0.4857638888888891,0.7638888888888888,0.8125,0.7428819444444446,0.8819444444444445,0.017146776406035666,0.01277434842249657,0.021519204389574758,0.052812071330589856,0.04012345679012347,0.06704818244170092,0.03429355281207133,0.02554869684499314,0.043038408779149516
972,coverage,64,0.9,visible,24,24,False,False,0.482065,0.4861111111111111,0.47222222222222215,0.3055555555555555,0.6388888888888888,0.736111111111111,0.6527777777777777,0.8194444444444445,0.023233882030178326,0.01748971193415638,0.02914951989026063,0.052297668038408796,0.03943758573388204,0.06670096021947876,0.04646776406035665,0.03497942386831276,0.05829903978052126
972,coverage,108,0.1,visible,24,24,True,True,0.481356,1.0,0.9722222222222222,0.9305555555555555,1.0,0.9861111111111112,0.9652777777777778,1.0,0.028806584362139915,0.021604938271604937,0.03635116598079561,0.37448559670781895,0.3551097393689986,0.39351851851851843,0.05761316872427983,0.043209876543209874,0.07270233196159122
972,coverage,108,0.3,visible,24,24,False,False,0.480885,1.0,0.9166666666666666,0.861111111111111,0.9722222222222222,0.9583333333333334,0.9305555555555557,0.9861111111111112,0.0830761316872428,0.07210005144032922,0.09353566529492456,0.39231824417009603,0.3737997256515775,0.409122085048011,0.1661522633744856,0.14420010288065843,0.18707133058984912
972,coverage,108,0.5,visible,24,24,False,False,0.480654,0.9583333333333334,0.7777777777777777,0.6805555555555555,0.875,0.888888888888889,0.8402777777777777,0.9375,0.13477366255144033,0.12431412894375855,0.1455761316872428,0.40209190672153633,0.38271604938271603,0.4209533607681755,0.26954732510288065,0.2486282578875171,0.2911522633744856
972,coverage,108,0.7,visible,24,24,False,False,0.480182,0.861111111111111,0.6388888888888888,0.49999999999999994,0.7777777777777777,0.8194444444444443,0.75,0.888888888888889,0.17704046639231827,0.1684670781893004,0.18527091906721535,0.4151234567901234,0.3955761316872428,0.43484224965706453,0.35408093278463654,0.3369341563786008,0.3705418381344307
972,coverage,108,0.9,visible,24,24,False,False,0.480139,0.513888888888889,0.4305555555555555,0.2916666666666667,0.5833333333333333,0.7152777777777777,0.6458333333333333,0.7916666666666666,0.210562414266118,0.199502743484225,0.22153635116598078,0.42472565157750347,0.4063786008230453,0.4425582990397805,0.421124828532236,0.39900548696845,0.44307270233196155
972,random,4,0.1,visible,24,24,False,False,0.484754,0.611111111111111,0.5972222222222222,0.4440972222222225,0.75,0.7986111111111112,0.7220486111111113,0.875,0.1266289437585734,0.10228052126200275,0.1526063100137174,0.4158093278463649,0.3401920438957476,0.49194101508916327,0.2532578875171468,0.2045610425240055,0.3052126200274348
972,random,4,0.3,visible,24,24,False,False,0.48475,0.611111111111111,0.5972222222222222,0.4305555555555555,0.75,0.7986111111111112,0.7152777777777778,0.875,0.12980109739368997,0.10605066872427983,0.15560699588477364,0.4166666666666667,0.34207390260631,0.49074074074074076,0.25960219478737995,0.21210133744855966,0.3112139917695473
972,random,4,0.5,visible,24,24,False,False,0.484797,0.5555555555555555,0.5694444444444444,0.4166666666666667,0.7222222222222222,0.7847222222222223,0.7083333333333334,0.861111111111111,0.14454732510288065,0.12088477366255145,0.1718106995884774,0.4092935528120713,0.3355581275720164,0.4840534979423869,0.2890946502057613,0.2417695473251029,0.3436213991769548
972,random,4,0.7,visible,24,24,False,False,0.48479099999999997,0.5277777777777778,0.5555555555555555,0.38888888888888884,0.7083333333333334,0.7777777777777777,0.6944444444444443,0.8541666666666666,0.1526063100137174,0.12637174211248284,0.18046982167352535,0.4056927297668038,0.33384773662551437,0.48165294924554186,0.3052126200274348,0.2527434842249657,0.3609396433470507
972,random,4,0.9,visible,24,24,False,False,0.484777,0.5277777777777778,0.5,0.3333333333333333,0.6805555555555555,0.75,0.6666666666666666,0.8402777777777777,0.1795267489711934,0.14943201303155004,0.21167695473251028,0.39283264746227714,0.3098422496570645,0.4723979766803841,0.3590534979423868,0.2988640260631001,0.42335390946502055
972,random,8,0.1,visible,24,24,False,False,0.484677,0.7222222222222222,0.6944444444444443,0.5416666666666666,0.8333333333333334,0.8472222222222222,0.7708333333333334,0.9166666666666666,0.11779835390946503,0.0992798353909465,0.140860768175583,0.43347050754458155,0.35459533607681765,0.5168081275720164,0.23559670781893005,0.198559670781893,0.281721536351166
972,random,8,0.3,visible,24,24,False,False,0.484555,0.7222222222222223,0.6805555555555555,0.5277777777777778,0.8194444444444443,0.8402777777777778,0.763888888888889,0.9097222222222223,0.12954389574759945,0.10733882030178327,0.15577846364883402,0.4290123456790124,0.34721793552812075,0.5121742112482853,0.2590877914951989,0.21467764060356653,0.31155692729766804
972,random,8,0.5,visible,24,24,False,False,0.484535,0.6666666666666666,0.6527777777777778,0.5,0.7916666666666666,0.826388888888889,0.75,0.8958333333333334,0.1478909465020576,0.12054183813443071,0.1807291666666667,0.4180384087791495,0.3431069958847736,0.4984610768175583,0.2957818930041152,0.24108367626886143,0.3614583333333334
972,random,8,0.7,visible,24,24,False,False,0.484574,0.5972222222222222,0.6388888888888888,0.47222222222222215,0.7777777777777777,0.8194444444444445,0.7361111111111112,0.888888888888889,0.15809327846364885,0.1305727023319616,0.19152949245541837,0.4171810699588478,0.3429312414266118,0.49434585048010965,0.3161865569272977,0.2611454046639232,0.38305898491083673
972,random,8,0.9,visible,24,24,False,False,0.484603,0.5,0.47222222222222215,0.2916666666666667,0.6527777777777778,0.7361111111111112,0.6458333333333334,0.826388888888889,0.18801440329218108,0.15843621399176955,0.22016460905349797,0.39883401920438954,0.3221793552812071,0.4780521262002743,0.37602880658436216,0.3168724279835391,0.44032921810699593
972,random,16,0.1,visible,24,24,False,False,0.484293,0.9722222222222222,0.875,0.7638888888888888,0.9583333333333334,0.9375,0.8819444444444445,0.9791666666666666,0.08573388203017833,0.07210219478737998,0.10176611796982167,0.4272976680384087,0.3779149519890261,0.4765089163237311,0.17146776406035666,0.14420438957475995,0.20353223593964334
972,random,16,0.3,visible,24,24,False,False,0.484257,0.9305555555555555,0.7638888888888888,0.6388888888888888,0.875,0.8819444444444445,0.8194444444444443,0.9375,0.11213991769547325,0.09370713305898493,0.13228952331961588,0.41220850480109744,0.3657407407407407,0.4591906721536351,0.2242798353909465,0.18741426611796985,0.26457904663923176
972,random,16,0.5,visible,24,24,False,False,0.484172,0.7222222222222223,0.7222222222222222,0.5833333333333334,0.8472222222222222,0.8611111111111112,0.7916666666666666,0.9236111111111112,0.12920096021947874,0.10579561042524005,0.15458033264746227,0.40003429355281206,0.3556241426611797,0.4451303155006858,0.2584019204389575,0.2115912208504801,0.30916066529492453
972,random,16,0.7,visible,24,24,False,False,0.484303,0.6805555555555555,0.6388888888888888,0.5,0.7777777777777777,0.8194444444444445,0.75,0.888888888888889,0.14506172839506173,0.12157064471879286,0.1704389574759945,0.3883744855967078,0.3449931412894376,0.43209876543209874,0.29012345679012347,0.24314128943758573,0.340877914951989
972,random,16,0.9,visible,24,24,False,False,0.484204,0.5138888888888888,0.4444444444444444,0.2916666666666667,0.5972222222222222,0.7222222222222223,0.6458333333333334,0.7986111111111112,0.17704046639231827,0.1522633744855967,0.2031078532235939,0.37139917695473246,0.32750342935528115,0.4171810699588477,0.35408093278463654,0.3045267489711934,0.4062157064471878
972,random,32,0.1,visible,24,24,False,False,0.483828,1.0,0.986111111111111,0.9583333333333334,1.0,0.9930555555555557,0.9791666666666666,1.0,0.06978737997256516,0.05821330589849108,0.08196159122085048,0.45970507544581624,0.41375171467764066,0.5032621742112483,0.13957475994513033,0.11642661179698216,0.16392318244170095
972,random,32,0.3,visible,24,24,False,False,0.48386,0.9583333333333334,0.8472222222222222,0.7222222222222222,0.9444444444444443,0.9236111111111112,0.8611111111111112,0.9722222222222223,0.10390946502057614,0.08607681755829903,0.1213991769547325,0.4370713305898491,0.39283264746227714,0.4787379972565158,0.2078189300411523,0.17215363511659806,0.242798353909465
972,random,32,0.5,visible,24,24,False,False,0.483696,0.8888888888888888,0.7777777777777777,0.6527777777777778,0.8888888888888888,0.8888888888888888,0.8263888888888888,0.9444444444444445,0.12457133058984911,0.1056241426611797,0.14343492798353907,0.4255829903978052,0.3804869684499314,0.4696544924554184,0.24914266117969822,0.2112482853223594,0.28686985596707815
972,random,32,0.7,visible,24,24,False,False,0.48345899999999997,0.8194444444444443,0.6388888888888888,0.4861111111111111,0.7777777777777778,0.8194444444444445,0.7430555555555557,0.888888888888889,0.15217764060356653,0.13117283950617284,0.1729273834019204,0.40877914951989025,0.36471193415637854,0.4518175582990398,0.30435528120713307,0.2623456790123457,0.3458547668038408
972,random,32,0.9,visible,24,24,False,False,0.483526,0.5555555555555556,0.4444444444444444,0.3194444444444444,0.5697916666666617,0.7222222222222223,0.6597222222222222,0.7848958333333309,0.19007201646090535,0.16983882030178324,0.21184842249657065,0.3873456790123457,0.34602194787379975,0.4259259259259259,0.3801440329218107,0.3396776406035665,0.4236968449931413
972,random,64,0.1,visible,24,24,True,False,0.482626,1.0,1.0,1.0,1.0,1.0,1.0,1.0,0.04818244170096022,0.03737997256515775,0.05881344307270233,0.5288065843621399,0.4967421124828532,0.5631044238683128,0.09636488340192044,0.0747599451303155,0.11762688614540466
972,random,64,0.3,visible,24,24,False,False,0.48259399999999997,1.0,0.9305555555555555,0.861111111111111,0.986111111111111,0.9652777777777778,0.9305555555555555,0.9930555555555557,0.09190672153635117,0.07698688271604938,0.1068244170096022,0.502400548696845,0.47085048010973934,0.5348079561042524,0.18381344307270234,0.15397376543209876,0.2136488340192044
972,random,64,0.5,visible,24,24,False,False,0.482409,0.986111111111111,0.8055555555555555,0.6805555555555555,0.9166666666666666,0.9027777777777778,0.8402777777777778,0.9583333333333334,0.12594307270233196,0.11136831275720165,0.14111796982167354,0.48199588477366256,0.45096021947873804,0.5135459533607681,0.2518861454046639,0.2227366255144033,0.2822359396433471
972,random,64,0.7,visible,24,24,False,False,0.4822,0.875,0.75,0.6111111111111112,0.875,0.875,0.8055555555555557,0.9375,0.16323731138545955,0.14857681755829905,0.17866941015089163,0.46262002743484226,0.43329903978052126,0.49502743484224965,0.3264746227709191,0.2971536351165981,0.35733882030178327
972,random,64,0.9,visible,24,24,False,False,0.482128,0.5416666666666666,0.5277777777777778,0.3611111111111111,0.6944444444444443,0.763888888888889,0.6805555555555555,0.8472222222222223,0.20679012345679015,0.1925582990397805,0.22076474622770917,0.4394718792866941,0.4130658436213992,0.46708247599451297,0.4135802469135803,0.385116598079561,0.44152949245541834
972,random,108,0.1,visible,24,24,True,True,0.481321,1.0,1.0,1.0,1.0,1.0,1.0,1.0,0.03395061728395062,0.026920438957475996,0.04158093278463649,0.5236625514403292,0.49211248285322357,0.5571030521262003,0.06790123456790124,0.05384087791495199,0.08316186556927298
972,random,108,0.3,visible,24,24,False,False,0.480951,1.0,0.9444444444444443,0.875,1.0,0.9722222222222223,0.9375,1.0,0.08410493827160492,0.07398619684499314,0.09362139917695474,0.4933127572016461,0.46159122085048016,0.5252057613168724,0.16820987654320985,0.14797239368998627,0.18724279835390947
972,random,108,0.5,visible,24,24,False,False,0.480528,1.0,0.8055555555555555,0.6805555555555555,0.9166666666666666,0.9027777777777778,0.8402777777777777,0.9583333333333334,0.12988683127572018,0.11728395061728396,0.14291838134430726,0.465877914951989,0.43741426611796985,0.4948602537722908,0.25977366255144035,0.23456790123456792,0.2858367626886145
972,random,108,0.7,visible,24,24,False,False,0.4804,0.9027777777777777,0.7222222222222222,0.6527777777777777,0.7916666666666666,0.8611111111111112,0.8263888888888888,0.8958333333333334,0.17146776406035666,0.1603202160493827,0.18209876543209877,0.4482167352537723,0.419238683127572,0.4780521262002743,0.3429355281207133,0.3206404320987654,0.36419753086419754
972,random,108,0.9,visible,24,24,False,False,0.480197,0.5138888888888888,0.5,0.3611111111111111,0.6388888888888888,0.75,0.6805555555555555,0.8194444444444445,0.21313443072702332,0.20130101165980793,0.223079561042524,0.4284979423868312,0.4002057613168725,0.457480281207133,0.42626886145404663,0.40260202331961586,0.446159122085048
