attempt,id,stage,started,terminal,valid,status
v1,Q0-summary-shuffled,S0,True,True,False,invalid
v1,Q1-summary-shuffled,S0,False,False,False,unstarted
v1,Q0-raw-reversed,S0,False,False,False,unstarted
v1,Q1-raw-shuffled,S0,False,False,False,unstarted
v1,Q0-summary-reversed,S0,False,False,False,unstarted
v1,Q1-summary-chronological,S0,False,False,False,unstarted
v1,Q1-summary-reversed,S0,False,False,False,unstarted
v1,Q0-raw-chronological,S0,False,False,False,unstarted
v1,Q1-raw-chronological,S0,False,False,False,unstarted
v1,Q0-summary-chronological,S0,False,False,False,unstarted
v1,Q0-raw-shuffled,S0,False,False,False,unstarted
v1,Q1-raw-reversed,S0,False,False,False,unstarted
v1,H02-summary-reversed,S1,False,False,False,unstarted
v1,H21-summary-chronological,S1,False,False,False,unstarted
v1,H14-raw-reversed,S1,False,False,False,unstarted
v1,H00-raw-shuffled,S1,False,False,False,unstarted
v1,H03-summary-chronological,S1,False,False,False,unstarted
v1,H07-summary-reversed,S1,False,False,False,unstarted
v1,H21-summary-shuffled,S1,False,False,False,unstarted
v1,H03-summary-reversed,S1,False,False,False,unstarted
v1,H17-summary-chronological,S1,False,False,False,unstarted
v1,H20-raw-chronological,S1,False,False,False,unstarted
v1,H23-raw-chronological,S1,False,False,False,unstarted
v1,H16-summary-shuffled,S1,False,False,False,unstarted
v1,H14-summary-chronological,S1,False,False,False,unstarted
v1,H08-raw-shuffled,S1,False,False,False,unstarted
v1,H21-raw-chronological,S1,False,False,False,unstarted
v1,H18-raw-chronological,S1,False,False,False,unstarted
v1,H06-summary-reversed,S1,False,False,False,unstarted
v1,H14-raw-chronological,S1,False,False,False,unstarted
v1,H13-raw-chronological,S1,False,False,False,unstarted
v1,H08-raw-reversed,S1,False,False,False,unstarted
v1,H11-raw-reversed,S1,False,False,False,unstarted
v1,H07-summary-chronological,S1,False,False,False,unstarted
v1,H17-raw-reversed,S1,False,False,False,unstarted
v1,H12-summary-shuffled,S1,False,False,False,unstarted
v1,H02-raw-reversed,S1,False,False,False,unstarted
v1,H10-raw-reversed,S1,False,False,False,unstarted
v1,H13-raw-reversed,S1,False,False,False,unstarted
v1,H20-summary-reversed,S1,False,False,False,unstarted
v1,H00-raw-chronological,S1,False,False,False,unstarted
v1,H11-raw-shuffled,S1,False,False,False,unstarted
v1,H03-raw-reversed,S1,False,False,False,unstarted
v1,H05-raw-reversed,S1,False,False,False,unstarted
v1,H03-raw-chronological,S1,False,False,False,unstarted
v1,H07-summary-shuffled,S1,False,False,False,unstarted
v1,H09-summary-shuffled,S1,False,False,False,unstarted
v1,H23-summary-reversed,S1,False,False,False,unstarted
v1,H00-summary-shuffled,S1,False,False,False,unstarted
v1,H16-summary-reversed,S1,False,False,False,unstarted
v1,H14-raw-shuffled,S1,False,False,False,unstarted
v1,H01-summary-reversed,S1,False,False,False,unstarted
v1,H01-raw-shuffled,S1,False,False,False,unstarted
v1,H12-raw-reversed,S1,False,False,False,unstarted
v1,H20-summary-chronological,S1,False,False,False,unstarted
v1,H17-raw-shuffled,S1,False,False,False,unstarted
v1,H04-raw-shuffled,S1,False,False,False,unstarted
v1,H12-raw-chronological,S1,False,False,False,unstarted
v1,H01-summary-chronological,S1,False,False,False,unstarted
v1,H23-summary-shuffled,S1,False,False,False,unstarted
v1,H11-summary-chronological,S1,False,False,False,unstarted
v1,H04-raw-chronological,S1,False,False,False,unstarted
v1,H17-raw-chronological,S1,False,False,False,unstarted
v1,H05-summary-reversed,S1,False,False,False,unstarted
v1,H01-raw-reversed,S1,False,False,False,unstarted
v1,H20-summary-shuffled,S1,False,False,False,unstarted
v1,H18-summary-reversed,S1,False,False,False,unstarted
v1,H16-summary-chronological,S1,False,False,False,unstarted
v1,H22-raw-reversed,S1,False,False,False,unstarted
v1,H12-summary-chronological,S1,False,False,False,unstarted
v1,H08-summary-shuffled,S1,False,False,False,unstarted
v1,H21-summary-reversed,S1,False,False,False,unstarted
v1,H11-summary-shuffled,S1,False,False,False,unstarted
v1,H22-raw-chronological,S1,False,False,False,unstarted
v1,H06-raw-shuffled,S1,False,False,False,unstarted
v1,H19-raw-reversed,S1,False,False,False,unstarted
v1,H13-summary-shuffled,S1,False,False,False,unstarted
v1,H15-raw-chronological,S1,False,False,False,unstarted
v1,H08-raw-chronological,S1,False,False,False,unstarted
v1,H22-summary-chronological,S1,False,False,False,unstarted
v1,H06-summary-chronological,S1,False,False,False,unstarted
v1,H10-raw-chronological,S1,False,False,False,unstarted
v1,H19-summary-reversed,S1,False,False,False,unstarted
v1,H08-summary-reversed,S1,False,False,False,unstarted
v1,H20-raw-shuffled,S1,False,False,False,unstarted
v1,H09-raw-reversed,S1,False,False,False,unstarted
v1,H04-summary-reversed,S1,False,False,False,unstarted
v1,H10-raw-shuffled,S1,False,False,False,unstarted
v1,H15-summary-reversed,S1,False,False,False,unstarted
v1,H18-raw-shuffled,S1,False,False,False,unstarted
v1,H18-summary-shuffled,S1,False,False,False,unstarted
v1,H02-raw-shuffled,S1,False,False,False,unstarted
v1,H17-summary-reversed,S1,False,False,False,unstarted
v1,H23-raw-reversed,S1,False,False,False,unstarted
v1,H19-raw-chronological,S1,False,False,False,unstarted
v1,H19-raw-shuffled,S1,False,False,False,unstarted
v1,H15-raw-reversed,S1,False,False,False,unstarted
v1,H11-summary-reversed,S1,False,False,False,unstarted
v1,H21-raw-reversed,S1,False,False,False,unstarted
v1,H15-raw-shuffled,S1,False,False,False,unstarted
v1,H02-summary-chronological,S1,False,False,False,unstarted
v1,H00-summary-chronological,S1,False,False,False,unstarted
v1,H07-raw-reversed,S1,False,False,False,unstarted
v1,H23-summary-chronological,S1,False,False,False,unstarted
v1,H09-summary-chronological,S1,False,False,False,unstarted
v1,H19-summary-shuffled,S1,False,False,False,unstarted
v1,H00-summary-reversed,S1,False,False,False,unstarted
v1,H01-summary-shuffled,S1,False,False,False,unstarted
v1,H10-summary-chronological,S1,False,False,False,unstarted
v1,H05-raw-chronological,S1,False,False,False,unstarted
v1,H11-raw-chronological,S1,False,False,False,unstarted
v1,H16-raw-shuffled,S1,False,False,False,unstarted
v1,H12-raw-shuffled,S1,False,False,False,unstarted
v1,H04-summary-shuffled,S1,False,False,False,unstarted
v1,H10-summary-reversed,S1,False,False,False,unstarted
v1,H18-summary-chronological,S1,False,False,False,unstarted
v1,H15-summary-chronological,S1,False,False,False,unstarted
v1,H22-summary-reversed,S1,False,False,False,unstarted
v1,H19-summary-chronological,S1,False,False,False,unstarted
v1,H05-summary-shuffled,S1,False,False,False,unstarted
v1,H12-summary-reversed,S1,False,False,False,unstarted
v1,H06-raw-reversed,S1,False,False,False,unstarted
v1,H13-summary-chronological,S1,False,False,False,unstarted
v1,H16-raw-chronological,S1,False,False,False,unstarted
v1,H03-summary-shuffled,S1,False,False,False,unstarted
v1,H02-summary-shuffled,S1,False,False,False,unstarted
v1,H17-summary-shuffled,S1,False,False,False,unstarted
v1,H13-summary-reversed,S1,False,False,False,unstarted
v1,H07-raw-shuffled,S1,False,False,False,unstarted
v1,H16-raw-reversed,S1,False,False,False,unstarted
v1,H15-summary-shuffled,S1,False,False,False,unstarted
v1,H22-raw-shuffled,S1,False,False,False,unstarted
v1,H01-raw-chronological,S1,False,False,False,unstarted
v1,H21-raw-shuffled,S1,False,False,False,unstarted
v1,H04-summary-chronological,S1,False,False,False,unstarted
v1,H22-summary-shuffled,S1,False,False,False,unstarted
v1,H09-raw-chronological,S1,False,False,False,unstarted
v1,H14-summary-shuffled,S1,False,False,False,unstarted
v1,H09-raw-shuffled,S1,False,False,False,unstarted
v1,H05-summary-chronological,S1,False,False,False,unstarted
v1,H08-summary-chronological,S1,False,False,False,unstarted
v1,H02-raw-chronological,S1,False,False,False,unstarted
v1,H07-raw-chronological,S1,False,False,False,unstarted
v1,H06-summary-shuffled,S1,False,False,False,unstarted
v1,H13-raw-shuffled,S1,False,False,False,unstarted
v1,H23-raw-shuffled,S1,False,False,False,unstarted
v1,H04-raw-reversed,S1,False,False,False,unstarted
v1,H18-raw-reversed,S1,False,False,False,unstarted
v1,H03-raw-shuffled,S1,False,False,False,unstarted
v1,H06-raw-chronological,S1,False,False,False,unstarted
v1,H20-raw-reversed,S1,False,False,False,unstarted
v1,H09-summary-reversed,S1,False,False,False,unstarted
v1,H14-summary-reversed,S1,False,False,False,unstarted
v1,H10-summary-shuffled,S1,False,False,False,unstarted
v1,H00-raw-reversed,S1,False,False,False,unstarted
v1,H05-raw-shuffled,S1,False,False,False,unstarted
R2,Q0-summary-shuffled,S0,True,True,True,valid
R2,Q1-summary-shuffled,S0,True,True,True,valid
R2,Q0-raw-reversed,S0,True,True,True,valid
R2,Q1-raw-shuffled,S0,True,True,True,valid
R2,Q0-summary-reversed,S0,True,True,True,valid
R2,Q1-summary-chronological,S0,True,True,True,valid
R2,Q1-summary-reversed,S0,True,True,True,valid
R2,Q0-raw-chronological,S0,True,True,True,valid
R2,Q1-raw-chronological,S0,True,True,True,valid
R2,Q0-summary-chronological,S0,True,True,True,valid
R2,Q0-raw-shuffled,S0,True,True,True,valid
R2,Q1-raw-reversed,S0,True,True,True,valid
R2,H02-summary-reversed,S1,True,True,True,valid
R2,H21-summary-chronological,S1,True,True,True,valid
R2,H14-raw-reversed,S1,True,True,True,valid
R2,H00-raw-shuffled,S1,True,True,True,valid
R2,H03-summary-chronological,S1,True,True,True,valid
R2,H07-summary-reversed,S1,True,True,True,valid
R2,H21-summary-shuffled,S1,True,True,True,valid
R2,H03-summary-reversed,S1,True,True,True,valid
R2,H17-summary-chronological,S1,True,True,True,valid
R2,H20-raw-chronological,S1,True,True,True,valid
R2,H23-raw-chronological,S1,True,True,True,valid
R2,H16-summary-shuffled,S1,True,True,True,valid
R2,H14-summary-chronological,S1,True,True,True,valid
R2,H08-raw-shuffled,S1,True,True,True,valid
R2,H21-raw-chronological,S1,True,True,True,valid
R2,H18-raw-chronological,S1,True,True,True,valid
R2,H06-summary-reversed,S1,True,True,True,valid
R2,H14-raw-chronological,S1,True,True,True,valid
R2,H13-raw-chronological,S1,True,True,True,valid
R2,H08-raw-reversed,S1,True,True,True,valid
R2,H11-raw-reversed,S1,True,True,True,valid
R2,H07-summary-chronological,S1,True,True,True,valid
R2,H17-raw-reversed,S1,True,True,True,valid
R2,H12-summary-shuffled,S1,True,True,True,valid
R2,H02-raw-reversed,S1,True,True,True,valid
R2,H10-raw-reversed,S1,True,True,True,valid
R2,H13-raw-reversed,S1,True,True,True,valid
R2,H20-summary-reversed,S1,True,True,True,valid
R2,H00-raw-chronological,S1,True,True,True,valid
R2,H11-raw-shuffled,S1,True,True,True,valid
R2,H03-raw-reversed,S1,True,True,True,valid
R2,H05-raw-reversed,S1,True,True,True,valid
R2,H03-raw-chronological,S1,True,True,True,valid
R2,H07-summary-shuffled,S1,True,True,True,valid
R2,H09-summary-shuffled,S1,True,True,True,valid
R2,H23-summary-reversed,S1,True,True,True,valid
R2,H00-summary-shuffled,S1,True,True,True,valid
R2,H16-summary-reversed,S1,True,True,True,valid
R2,H14-raw-shuffled,S1,True,True,True,valid
R2,H01-summary-reversed,S1,True,True,True,valid
R2,H01-raw-shuffled,S1,True,True,True,valid
R2,H12-raw-reversed,S1,True,True,True,valid
R2,H20-summary-chronological,S1,True,True,True,valid
R2,H17-raw-shuffled,S1,True,True,True,valid
R2,H04-raw-shuffled,S1,True,True,True,valid
R2,H12-raw-chronological,S1,True,True,True,valid
R2,H01-summary-chronological,S1,True,True,True,valid
R2,H23-summary-shuffled,S1,True,True,True,valid
R2,H11-summary-chronological,S1,True,True,True,valid
R2,H04-raw-chronological,S1,True,True,True,valid
R2,H17-raw-chronological,S1,True,True,True,valid
R2,H05-summary-reversed,S1,True,True,True,valid
R2,H01-raw-reversed,S1,True,True,True,valid
R2,H20-summary-shuffled,S1,True,True,True,valid
R2,H18-summary-reversed,S1,True,True,True,valid
R2,H16-summary-chronological,S1,True,True,True,valid
R2,H22-raw-reversed,S1,True,True,True,valid
R2,H12-summary-chronological,S1,True,True,True,valid
R2,H08-summary-shuffled,S1,True,True,True,valid
R2,H21-summary-reversed,S1,True,True,True,valid
R2,H11-summary-shuffled,S1,True,True,True,valid
R2,H22-raw-chronological,S1,True,True,True,valid
R2,H06-raw-shuffled,S1,True,True,True,valid
R2,H19-raw-reversed,S1,True,True,True,valid
R2,H13-summary-shuffled,S1,True,True,True,valid
R2,H15-raw-chronological,S1,True,True,True,valid
R2,H08-raw-chronological,S1,True,True,True,valid
R2,H22-summary-chronological,S1,True,True,True,valid
R2,H06-summary-chronological,S1,True,True,True,valid
R2,H10-raw-chronological,S1,True,True,True,valid
R2,H19-summary-reversed,S1,True,True,True,valid
R2,H08-summary-reversed,S1,True,True,True,valid
R2,H20-raw-shuffled,S1,True,True,True,valid
R2,H09-raw-reversed,S1,True,True,True,valid
R2,H04-summary-reversed,S1,True,True,True,valid
R2,H10-raw-shuffled,S1,True,True,True,valid
R2,H15-summary-reversed,S1,True,True,True,valid
R2,H18-raw-shuffled,S1,True,True,True,valid
R2,H18-summary-shuffled,S1,True,True,True,valid
R2,H02-raw-shuffled,S1,True,True,True,valid
R2,H17-summary-reversed,S1,True,True,True,valid
R2,H23-raw-reversed,S1,True,True,True,valid
R2,H19-raw-chronological,S1,True,True,True,valid
R2,H19-raw-shuffled,S1,True,True,True,valid
R2,H15-raw-reversed,S1,True,True,True,valid
R2,H11-summary-reversed,S1,True,True,True,valid
R2,H21-raw-reversed,S1,True,True,True,valid
R2,H15-raw-shuffled,S1,True,True,True,valid
R2,H02-summary-chronological,S1,True,True,True,valid
R2,H00-summary-chronological,S1,True,True,True,valid
R2,H07-raw-reversed,S1,True,True,True,valid
R2,H23-summary-chronological,S1,True,True,True,valid
R2,H09-summary-chronological,S1,True,True,True,valid
R2,H19-summary-shuffled,S1,True,True,True,valid
R2,H00-summary-reversed,S1,True,True,True,valid
R2,H01-summary-shuffled,S1,True,True,True,valid
R2,H10-summary-chronological,S1,True,True,True,valid
R2,H05-raw-chronological,S1,True,True,True,valid
R2,H11-raw-chronological,S1,True,True,True,valid
R2,H16-raw-shuffled,S1,True,True,True,valid
R2,H12-raw-shuffled,S1,True,True,True,valid
R2,H04-summary-shuffled,S1,True,True,True,valid
R2,H10-summary-reversed,S1,True,True,True,valid
R2,H18-summary-chronological,S1,True,True,True,valid
R2,H15-summary-chronological,S1,True,True,True,valid
R2,H22-summary-reversed,S1,True,True,True,valid
R2,H19-summary-chronological,S1,True,True,True,valid
R2,H05-summary-shuffled,S1,True,True,True,valid
R2,H12-summary-reversed,S1,True,True,True,valid
R2,H06-raw-reversed,S1,True,True,True,valid
R2,H13-summary-chronological,S1,True,True,True,valid
R2,H16-raw-chronological,S1,True,True,True,valid
R2,H03-summary-shuffled,S1,True,True,True,valid
R2,H02-summary-shuffled,S1,True,True,True,valid
R2,H17-summary-shuffled,S1,True,True,True,valid
R2,H13-summary-reversed,S1,True,True,True,valid
R2,H07-raw-shuffled,S1,True,True,True,valid
R2,H16-raw-reversed,S1,True,True,True,valid
R2,H15-summary-shuffled,S1,True,True,True,valid
R2,H22-raw-shuffled,S1,True,True,True,valid
R2,H01-raw-chronological,S1,True,True,True,valid
R2,H21-raw-shuffled,S1,True,True,True,valid
R2,H04-summary-chronological,S1,True,True,True,valid
R2,H22-summary-shuffled,S1,True,True,True,valid
R2,H09-raw-chronological,S1,True,True,True,valid
R2,H14-summary-shuffled,S1,True,True,True,valid
R2,H09-raw-shuffled,S1,True,True,True,valid
R2,H05-summary-chronological,S1,True,True,True,valid
R2,H08-summary-chronological,S1,True,True,True,valid
R2,H02-raw-chronological,S1,True,True,True,valid
R2,H07-raw-chronological,S1,True,True,True,valid
R2,H06-summary-shuffled,S1,True,True,True,valid
R2,H13-raw-shuffled,S1,True,True,True,valid
R2,H23-raw-shuffled,S1,True,True,True,valid
R2,H04-raw-reversed,S1,True,True,True,valid
R2,H18-raw-reversed,S1,True,True,True,valid
R2,H03-raw-shuffled,S1,True,True,True,valid
R2,H06-raw-chronological,S1,True,True,True,valid
R2,H20-raw-reversed,S1,True,True,True,valid
R2,H09-summary-reversed,S1,True,True,True,valid
R2,H14-summary-reversed,S1,True,True,True,valid
R2,H10-summary-shuffled,S1,True,True,True,valid
R2,H00-raw-reversed,S1,True,True,True,valid
R2,H05-raw-shuffled,S1,True,True,True,valid
