stage,regulator,threshold,registration_fee,arm,attempted,valid,invalid,market_clusters,evasion_lower,evasion_upper,evasion_valid,fragmentation_lower,fragmentation_upper,mean_profit,mean_fines,mean_firm_count
S1,firm,0.38,20,merged,12,12,0,6,0.0,0.0,0.0,0.0,0.0,33050.63854645782,17835.266909631137,1
S1,firm,0.38,20,profit_search,12,12,0,6,1.0,1.0,1.0,1.0,1.0,50793.905456088956,0.0,2
S1,firm,0.38,20,split_control,12,12,0,6,1.0,1.0,1.0,1.0,1.0,48501.14071593766,2221.7647401512986,3
S1,firm,0.38,2500,merged,12,12,0,6,0.0,0.0,0.0,0.0,0.0,33050.63854645782,17835.266909631137,1
S1,firm,0.38,2500,profit_search,12,12,0,6,0.16666666666666666,0.16666666666666666,0.16666666666666666,0.16666666666666666,0.16666666666666666,42444.26309071393,0.0,1.1666666666666667
S1,firm,0.38,2500,split_control,12,12,0,6,1.0,1.0,1.0,1.0,1.0,43541.14071593766,2221.7647401512986,3
S1,firm,0.46,20,merged,12,12,0,6,0.0,0.0,0.0,0.0,0.0,39371.596476305924,11514.308979783033,1
S1,firm,0.46,20,profit_search,12,12,0,6,0.8333333333333334,0.8333333333333334,0.8333333333333334,0.8333333333333334,0.8333333333333334,50809.23878942229,0.0,1.8333333333333333
S1,firm,0.46,20,split_control,12,12,0,6,0.8333333333333334,0.8333333333333334,0.8333333333333334,0.8333333333333334,0.8333333333333334,49287.7830387361,1435.1224173528528,3
S1,firm,0.46,2500,merged,12,12,0,6,0.0,0.0,0.0,0.0,0.0,39371.596476305924,11514.308979783033,1
S1,firm,0.46,2500,profit_search,12,12,0,6,0.0,0.0,0.0,0.0,0.0,49820.19306539091,0.0,1
S1,firm,0.46,2500,split_control,12,12,0,6,0.8333333333333334,0.8333333333333334,0.8333333333333334,0.8333333333333334,0.8333333333333334,44327.7830387361,1435.1224173528528,3
S1,none,0.38,20,merged,12,12,0,6,0.0,0.0,0.0,0.0,0.0,50885.905456088956,0.0,1
S1,none,0.38,20,profit_search,12,12,0,6,0.0,0.0,0.0,0.0,0.0,50885.905456088956,0.0,1
S1,none,0.38,20,split_control,12,12,0,6,0.0,0.0,0.0,1.0,1.0,50722.905456088956,0.0,3
S1,none,0.38,2500,merged,12,12,0,6,0.0,0.0,0.0,0.0,0.0,50885.905456088956,0.0,1
S1,none,0.38,2500,profit_search,12,12,0,6,0.0,0.0,0.0,0.0,0.0,50885.905456088956,0.0,1
S1,none,0.38,2500,split_control,12,12,0,6,0.0,0.0,0.0,1.0,1.0,45762.905456088956,0.0,3
S1,none,0.46,20,merged,12,12,0,6,0.0,0.0,0.0,0.0,0.0,50885.905456088956,0.0,1
S1,none,0.46,20,profit_search,12,12,0,6,0.0,0.0,0.0,0.0,0.0,50885.905456088956,0.0,1
S1,none,0.46,20,split_control,12,12,0,6,0.0,0.0,0.0,0.8333333333333334,0.8333333333333334,50722.905456088956,0.0,3
S1,none,0.46,2500,merged,12,12,0,6,0.0,0.0,0.0,0.0,0.0,50885.905456088956,0.0,1
S1,none,0.46,2500,profit_search,12,12,0,6,0.0,0.0,0.0,0.0,0.0,50885.905456088956,0.0,1
S1,none,0.46,2500,split_control,12,12,0,6,0.0,0.0,0.0,0.8333333333333334,0.8333333333333334,45762.905456088956,0.0,3
S1,owner,0.38,20,merged,12,12,0,6,0.0,0.0,0.0,0.0,0.0,33050.63854645782,17835.266909631137,1
S1,owner,0.38,20,profit_search,12,12,0,6,0.0,0.0,0.0,0.0,0.0,39935.14750273947,1713.4682651790877,1
S1,owner,0.38,20,split_control,12,12,0,6,0.0,0.0,0.0,1.0,1.0,32887.63854645782,17835.266909631137,3
S1,owner,0.38,2500,merged,12,12,0,6,0.0,0.0,0.0,0.0,0.0,33050.63854645782,17835.266909631137,1
S1,owner,0.38,2500,profit_search,12,12,0,6,0.0,0.0,0.0,0.0,0.0,39935.14750273947,1713.4682651790877,1
S1,owner,0.38,2500,split_control,12,12,0,6,0.0,0.0,0.0,1.0,1.0,27927.638546457823,17835.266909631137,3
S1,owner,0.46,20,merged,12,12,0,6,0.0,0.0,0.0,0.0,0.0,39371.596476305924,11514.308979783033,1
S1,owner,0.46,20,profit_search,12,12,0,6,0.0,0.0,0.0,0.0,0.0,49820.19306539091,0.0,1
S1,owner,0.46,20,split_control,12,12,0,6,0.0,0.0,0.0,0.8333333333333334,0.8333333333333334,39208.596476305924,11514.308979783033,3
S1,owner,0.46,2500,merged,12,12,0,6,0.0,0.0,0.0,0.0,0.0,39371.596476305924,11514.308979783033,1
S1,owner,0.46,2500,profit_search,12,12,0,6,0.0,0.0,0.0,0.0,0.0,49820.19306539091,0.0,1
S1,owner,0.46,2500,split_control,12,12,0,6,0.0,0.0,0.0,0.8333333333333334,0.8333333333333334,34248.596476305924,11514.308979783033,3
