invocation,expected_MAP,status,choice
q65-000-r1,ZERO,complete,ZERO
q65-001-r1,ZERO,complete,ZERO
q65-010-r1,ZERO,complete,ZERO
q65-011-r1,ONE,complete,ZERO
q65-100-r1,ZERO,complete,ZERO
q65-101-r1,ONE,complete,ONE
q65-110-r1,ONE,complete,ONE
q65-111-r1,ONE,complete,ONE
q80-000-r1,ZERO,complete,ZERO
q80-001-r1,ZERO,complete,ZERO
q80-010-r1,ZERO,complete,ZERO
q80-011-r1,ONE,complete,ONE
q80-100-r1,ZERO,complete,ZERO
q80-101-r1,ONE,complete,ONE
q80-110-r1,ONE,complete,ONE
q80-111-r1,ONE,complete,ONE
q65-000-r2,ZERO,complete,ZERO
q65-001-r2,ZERO,complete,ZERO
q65-010-r2,ZERO,complete,ZERO
q65-011-r2,ONE,complete,DEFER
q65-100-r2,ZERO,complete,ZERO
q65-101-r2,ONE,complete,ONE
q65-110-r2,ONE,complete,ONE
q65-111-r2,ONE,complete,ONE
q80-000-r2,ZERO,complete,ZERO
q80-001-r2,ZERO,complete,ZERO
q80-010-r2,ZERO,complete,ZERO
q80-011-r2,ONE,complete,ONE
q80-100-r2,ZERO,complete,ONE
q80-101-r2,ONE,complete,ONE
q80-110-r2,ONE,complete,ONE
q80-111-r2,ONE,complete,ONE
