swarm,graph,indegree,outdegree,identities
wiki,snapshot,0,0,1315
wiki,snapshot,0,1,536
wiki,snapshot,0,2,189
wiki,snapshot,0,3,101
wiki,snapshot,0,4,50
wiki,snapshot,0,5,42
wiki,snapshot,0,6,26
wiki,snapshot,0,7,14
wiki,snapshot,0,8,7
wiki,snapshot,0,9,6
wiki,snapshot,0,10,12
wiki,snapshot,0,11,8
wiki,snapshot,0,12,11
wiki,snapshot,0,13,5
wiki,snapshot,0,14,3
wiki,snapshot,0,15,10
wiki,snapshot,0,16,6
wiki,snapshot,0,17,2
wiki,snapshot,0,18,2
wiki,snapshot,0,19,4
wiki,snapshot,0,20,2
wiki,snapshot,0,21,2
wiki,snapshot,0,22,2
wiki,snapshot,0,24,2
wiki,snapshot,0,25,2
wiki,snapshot,0,27,1
wiki,snapshot,0,31,1
wiki,snapshot,0,32,1
wiki,snapshot,0,33,1
wiki,snapshot,0,36,1
wiki,snapshot,0,49,1
wiki,snapshot,0,51,1
wiki,snapshot,0,57,1
wiki,snapshot,1,0,30
wiki,snapshot,1,1,11
wiki,snapshot,1,2,7
wiki,snapshot,1,3,4
wiki,snapshot,1,4,4
wiki,snapshot,1,5,1
wiki,snapshot,1,6,2
wiki,snapshot,1,7,2
wiki,snapshot,1,8,1
wiki,snapshot,1,9,1
wiki,snapshot,1,10,1
wiki,snapshot,1,11,1
wiki,snapshot,1,12,1
wiki,snapshot,1,13,1
wiki,snapshot,1,14,2
wiki,snapshot,1,16,1
wiki,snapshot,1,17,1
wiki,snapshot,1,20,1
wiki,snapshot,1,25,1
wiki,snapshot,2,0,11
wiki,snapshot,2,1,11
wiki,snapshot,2,2,8
wiki,snapshot,2,3,4
wiki,snapshot,2,4,5
wiki,snapshot,2,5,2
wiki,snapshot,2,6,1
wiki,snapshot,2,7,3
wiki,snapshot,2,9,3
wiki,snapshot,2,10,1
wiki,snapshot,2,14,2
wiki,snapshot,2,15,2
wiki,snapshot,2,17,1
wiki,snapshot,2,21,1
wiki,snapshot,2,22,1
wiki,snapshot,3,0,6
wiki,snapshot,3,2,10
wiki,snapshot,3,3,1
wiki,snapshot,3,4,2
wiki,snapshot,3,5,2
wiki,snapshot,3,6,2
wiki,snapshot,3,8,3
wiki,snapshot,3,9,4
wiki,snapshot,3,10,1
wiki,snapshot,3,12,1
wiki,snapshot,3,15,2
wiki,snapshot,3,16,1
wiki,snapshot,3,19,1
wiki,snapshot,3,20,2
wiki,snapshot,3,21,2
wiki,snapshot,3,25,1
wiki,snapshot,4,0,3
wiki,snapshot,4,1,5
wiki,snapshot,4,2,2
wiki,snapshot,4,3,1
wiki,snapshot,4,4,1
wiki,snapshot,4,5,1
wiki,snapshot,4,6,3
wiki,snapshot,4,7,3
wiki,snapshot,4,8,1
wiki,snapshot,4,9,1
wiki,snapshot,4,10,1
wiki,snapshot,4,12,1
wiki,snapshot,4,13,1
wiki,snapshot,4,22,1
wiki,snapshot,4,30,1
wiki,snapshot,5,0,3
wiki,snapshot,5,1,6
wiki,snapshot,5,2,3
wiki,snapshot,5,3,1
wiki,snapshot,5,4,1
wiki,snapshot,5,5,6
wiki,snapshot,5,6,4
wiki,snapshot,5,7,3
wiki,snapshot,5,8,1
wiki,snapshot,5,9,1
wiki,snapshot,5,12,2
wiki,snapshot,5,16,1
wiki,snapshot,5,21,1
wiki,snapshot,6,0,3
wiki,snapshot,6,1,2
wiki,snapshot,6,2,2
wiki,snapshot,6,3,4
wiki,snapshot,6,4,2
wiki,snapshot,6,5,6
wiki,snapshot,6,6,5
wiki,snapshot,6,8,1
wiki,snapshot,6,10,1
wiki,snapshot,6,11,1
wiki,snapshot,6,12,1
wiki,snapshot,6,14,2
wiki,snapshot,6,18,3
wiki,snapshot,6,21,1
wiki,snapshot,6,24,1
wiki,snapshot,6,25,1
wiki,snapshot,6,32,1
wiki,snapshot,7,0,3
wiki,snapshot,7,1,5
wiki,snapshot,7,2,2
wiki,snapshot,7,3,3
wiki,snapshot,7,4,1
wiki,snapshot,7,5,1
wiki,snapshot,7,6,1
wiki,snapshot,7,7,1
wiki,snapshot,7,8,3
wiki,snapshot,7,10,4
wiki,snapshot,7,12,2
wiki,snapshot,7,13,2
wiki,snapshot,7,14,1
wiki,snapshot,7,15,1
wiki,snapshot,7,20,1
wiki,snapshot,7,22,1
wiki,snapshot,7,29,1
wiki,snapshot,7,33,1
wiki,snapshot,7,40,1
wiki,snapshot,8,0,1
wiki,snapshot,8,1,3
wiki,snapshot,8,2,1
wiki,snapshot,8,3,1
wiki,snapshot,8,5,4
wiki,snapshot,8,6,4
wiki,snapshot,8,8,4
wiki,snapshot,8,9,3
wiki,snapshot,8,10,2
wiki,snapshot,8,11,2
wiki,snapshot,8,12,2
wiki,snapshot,8,13,3
wiki,snapshot,8,14,2
wiki,snapshot,8,16,1
wiki,snapshot,8,17,1
wiki,snapshot,8,19,1
wiki,snapshot,8,21,1
wiki,snapshot,8,26,1
wiki,snapshot,9,0,3
wiki,snapshot,9,3,4
wiki,snapshot,9,4,1
wiki,snapshot,9,5,2
wiki,snapshot,9,7,1
wiki,snapshot,9,8,4
wiki,snapshot,9,9,1
wiki,snapshot,9,10,1
wiki,snapshot,9,11,1
wiki,snapshot,9,13,1
wiki,snapshot,9,14,2
wiki,snapshot,9,16,2
wiki,snapshot,9,17,1
wiki,snapshot,9,19,3
wiki,snapshot,9,20,2
wiki,snapshot,9,21,1
wiki,snapshot,9,23,1
wiki,snapshot,9,29,1
wiki,snapshot,9,52,1
wiki,snapshot,10,0,2
wiki,snapshot,10,2,1
wiki,snapshot,10,4,1
wiki,snapshot,10,6,1
wiki,snapshot,10,7,1
wiki,snapshot,10,8,1
wiki,snapshot,10,11,1
wiki,snapshot,10,12,1
wiki,snapshot,10,13,2
wiki,snapshot,10,16,1
wiki,snapshot,10,17,1
wiki,snapshot,10,19,1
wiki,snapshot,10,36,1
wiki,snapshot,11,0,2
wiki,snapshot,11,2,2
wiki,snapshot,11,3,1
wiki,snapshot,11,4,2
wiki,snapshot,11,7,2
wiki,snapshot,11,8,2
wiki,snapshot,11,9,3
wiki,snapshot,11,11,1
wiki,snapshot,11,12,1
wiki,snapshot,11,16,1
wiki,snapshot,11,18,2
wiki,snapshot,11,57,1
wiki,snapshot,12,2,2
wiki,snapshot,12,4,1
wiki,snapshot,12,5,2
wiki,snapshot,12,6,2
wiki,snapshot,12,7,1
wiki,snapshot,12,8,1
wiki,snapshot,12,9,3
wiki,snapshot,12,10,1
wiki,snapshot,12,11,1
wiki,snapshot,12,14,2
wiki,snapshot,12,16,1
wiki,snapshot,12,17,1
wiki,snapshot,12,18,1
wiki,snapshot,12,19,1
wiki,snapshot,12,25,1
wiki,snapshot,12,34,1
wiki,snapshot,13,0,2
wiki,snapshot,13,2,1
wiki,snapshot,13,3,1
wiki,snapshot,13,4,1
wiki,snapshot,13,5,2
wiki,snapshot,13,6,2
wiki,snapshot,13,7,3
wiki,snapshot,13,8,2
wiki,snapshot,13,9,1
wiki,snapshot,13,10,3
wiki,snapshot,13,12,2
wiki,snapshot,13,13,2
wiki,snapshot,13,16,1
wiki,snapshot,13,25,1
wiki,snapshot,13,34,1
wiki,snapshot,14,0,1
wiki,snapshot,14,1,2
wiki,snapshot,14,3,1
wiki,snapshot,14,4,2
wiki,snapshot,14,10,1
wiki,snapshot,14,14,1
wiki,snapshot,14,15,1
wiki,snapshot,14,16,2
wiki,snapshot,14,17,4
wiki,snapshot,14,28,1
wiki,snapshot,15,0,1
wiki,snapshot,15,1,1
wiki,snapshot,15,2,1
wiki,snapshot,15,4,1
wiki,snapshot,15,7,2
wiki,snapshot,15,8,2
wiki,snapshot,15,11,1
wiki,snapshot,15,14,2
wiki,snapshot,15,17,1
wiki,snapshot,15,19,1
wiki,snapshot,15,20,1
wiki,snapshot,15,21,2
wiki,snapshot,15,23,1
wiki,snapshot,15,26,1
wiki,snapshot,16,0,1
wiki,snapshot,16,1,2
wiki,snapshot,16,3,1
wiki,snapshot,16,5,2
wiki,snapshot,16,6,2
wiki,snapshot,16,7,2
wiki,snapshot,16,10,1
wiki,snapshot,16,11,1
wiki,snapshot,16,15,1
wiki,snapshot,16,17,1
wiki,snapshot,16,44,1
wiki,snapshot,17,0,1
wiki,snapshot,17,1,1
wiki,snapshot,17,5,1
wiki,snapshot,17,6,1
wiki,snapshot,17,8,1
wiki,snapshot,17,9,2
wiki,snapshot,17,11,2
wiki,snapshot,17,17,1
wiki,snapshot,17,41,1
wiki,snapshot,17,67,1
wiki,snapshot,18,0,1
wiki,snapshot,18,6,2
wiki,snapshot,18,10,1
wiki,snapshot,18,11,2
wiki,snapshot,18,12,1
wiki,snapshot,18,17,1
wiki,snapshot,18,31,1
wiki,snapshot,18,37,1
wiki,snapshot,19,0,1
wiki,snapshot,19,2,2
wiki,snapshot,19,4,1
wiki,snapshot,19,5,1
wiki,snapshot,19,6,1
wiki,snapshot,19,7,2
wiki,snapshot,19,8,1
wiki,snapshot,19,9,1
wiki,snapshot,19,11,1
wiki,snapshot,19,12,2
wiki,snapshot,19,14,2
wiki,snapshot,19,18,1
wiki,snapshot,19,19,1
wiki,snapshot,19,20,1
wiki,snapshot,20,1,1
wiki,snapshot,20,2,1
wiki,snapshot,20,7,2
wiki,snapshot,20,13,2
wiki,snapshot,20,15,1
wiki,snapshot,20,19,1
wiki,snapshot,20,31,1
wiki,snapshot,21,0,1
wiki,snapshot,21,2,1
wiki,snapshot,21,8,1
wiki,snapshot,21,12,2
wiki,snapshot,21,13,1
wiki,snapshot,21,16,1
wiki,snapshot,21,17,1
wiki,snapshot,22,0,1
wiki,snapshot,22,3,2
wiki,snapshot,22,8,2
wiki,snapshot,22,10,1
wiki,snapshot,22,11,1
wiki,snapshot,22,13,3
wiki,snapshot,22,15,1
wiki,snapshot,22,16,1
wiki,snapshot,22,18,1
wiki,snapshot,22,19,3
wiki,snapshot,22,20,1
wiki,snapshot,22,22,1
wiki,snapshot,23,0,1
wiki,snapshot,23,2,1
wiki,snapshot,23,4,1
wiki,snapshot,23,5,1
wiki,snapshot,23,8,2
wiki,snapshot,23,10,1
wiki,snapshot,23,12,1
wiki,snapshot,23,14,1
wiki,snapshot,23,22,1
wiki,snapshot,23,23,1
wiki,snapshot,23,25,1
wiki,snapshot,24,1,1
wiki,snapshot,24,5,2
wiki,snapshot,24,6,1
wiki,snapshot,24,8,1
wiki,snapshot,24,12,2
wiki,snapshot,24,15,1
wiki,snapshot,24,19,1
wiki,snapshot,24,22,2
wiki,snapshot,24,24,1
wiki,snapshot,24,25,1
wiki,snapshot,24,31,1
wiki,snapshot,24,37,1
wiki,snapshot,25,0,1
wiki,snapshot,25,3,1
wiki,snapshot,25,4,1
wiki,snapshot,25,9,1
wiki,snapshot,25,12,1
wiki,snapshot,25,16,1
wiki,snapshot,25,17,1
wiki,snapshot,25,19,1
wiki,snapshot,25,26,2
wiki,snapshot,25,33,1
wiki,snapshot,25,39,1
wiki,snapshot,25,42,1
wiki,snapshot,25,46,1
wiki,snapshot,26,0,1
wiki,snapshot,26,2,1
wiki,snapshot,26,3,1
wiki,snapshot,26,4,3
wiki,snapshot,26,9,1
wiki,snapshot,26,10,2
wiki,snapshot,26,17,2
wiki,snapshot,26,25,1
wiki,snapshot,26,33,1
wiki,snapshot,26,34,1
wiki,snapshot,27,7,1
wiki,snapshot,27,9,2
wiki,snapshot,27,10,1
wiki,snapshot,27,13,1
wiki,snapshot,27,17,2
wiki,snapshot,27,18,1
wiki,snapshot,27,19,1
wiki,snapshot,27,20,1
wiki,snapshot,27,37,1
wiki,snapshot,27,39,1
wiki,snapshot,27,47,1
wiki,snapshot,28,5,1
wiki,snapshot,28,13,1
wiki,snapshot,28,15,1
wiki,snapshot,28,22,1
wiki,snapshot,29,6,1
wiki,snapshot,29,7,1
wiki,snapshot,29,8,1
wiki,snapshot,29,10,1
wiki,snapshot,29,21,1
wiki,snapshot,29,41,1
wiki,snapshot,30,0,1
wiki,snapshot,30,5,1
wiki,snapshot,30,7,1
wiki,snapshot,30,18,3
wiki,snapshot,30,25,1
wiki,snapshot,30,27,1
wiki,snapshot,31,1,1
wiki,snapshot,31,4,1
wiki,snapshot,31,5,1
wiki,snapshot,31,6,1
wiki,snapshot,31,7,1
wiki,snapshot,31,20,1
wiki,snapshot,31,22,1
wiki,snapshot,32,1,1
wiki,snapshot,32,8,1
wiki,snapshot,32,9,2
wiki,snapshot,32,68,1
wiki,snapshot,33,4,1
wiki,snapshot,33,7,1
wiki,snapshot,33,13,1
wiki,snapshot,33,14,1
wiki,snapshot,33,22,1
wiki,snapshot,33,24,1
wiki,snapshot,33,27,1
wiki,snapshot,33,31,1
wiki,snapshot,33,32,1
wiki,snapshot,34,9,1
wiki,snapshot,34,13,2
wiki,snapshot,34,18,1
wiki,snapshot,34,30,2
wiki,snapshot,34,45,1
wiki,snapshot,35,1,1
wiki,snapshot,35,32,1
wiki,snapshot,36,11,1
wiki,snapshot,36,14,1
wiki,snapshot,36,16,1
wiki,snapshot,36,25,1
wiki,snapshot,36,27,1
wiki,snapshot,36,31,1
wiki,snapshot,36,35,1
wiki,snapshot,37,5,1
wiki,snapshot,37,13,1
wiki,snapshot,37,15,1
wiki,snapshot,37,18,1
wiki,snapshot,37,19,1
wiki,snapshot,39,21,1
wiki,snapshot,39,38,1
wiki,snapshot,40,13,1
wiki,snapshot,40,27,1
wiki,snapshot,42,13,1
wiki,snapshot,42,45,1
wiki,snapshot,43,22,1
wiki,snapshot,44,21,1
wiki,snapshot,46,36,1
wiki,snapshot,47,29,1
wiki,snapshot,47,45,1
wiki,snapshot,49,4,1
wiki,snapshot,49,42,1
wiki,snapshot,50,13,1
wiki,snapshot,50,19,1
wiki,snapshot,50,40,1
wiki,snapshot,51,36,1
wiki,snapshot,53,58,1
wiki,snapshot,55,9,1
wiki,snapshot,58,38,1
wiki,snapshot,59,65,1
wiki,snapshot,69,2,1
wiki,snapshot,70,54,1
wiki,snapshot,73,0,1
wiki,snapshot,86,24,1
wiki,snapshot,136,5,1
wiki,snapshot,209,0,1
wiki,snapshot,246,1,1
wiki,snapshot,333,0,1
wiki,snapshot,392,0,1
wiki,fresh,0,0,1922
wiki,fresh,0,1,577
wiki,fresh,0,2,174
wiki,fresh,0,3,66
wiki,fresh,0,4,29
wiki,fresh,0,5,8
wiki,fresh,0,6,3
wiki,fresh,0,8,1
wiki,fresh,0,9,1
wiki,fresh,1,0,106
wiki,fresh,1,1,37
wiki,fresh,1,2,15
wiki,fresh,1,3,8
wiki,fresh,1,4,2
wiki,fresh,1,5,2
wiki,fresh,1,9,1
wiki,fresh,1,10,1
wiki,fresh,2,0,36
wiki,fresh,2,1,13
wiki,fresh,2,2,11
wiki,fresh,2,3,5
wiki,fresh,2,4,1
wiki,fresh,2,5,3
wiki,fresh,2,6,1
wiki,fresh,2,11,1
wiki,fresh,3,0,14
wiki,fresh,3,1,7
wiki,fresh,3,2,3
wiki,fresh,3,3,1
wiki,fresh,3,4,1
wiki,fresh,3,5,1
wiki,fresh,4,0,5
wiki,fresh,4,1,8
wiki,fresh,4,2,5
wiki,fresh,4,4,1
wiki,fresh,5,0,3
wiki,fresh,5,1,1
wiki,fresh,5,2,2
wiki,fresh,5,3,1
wiki,fresh,6,0,4
wiki,fresh,6,3,1
wiki,fresh,7,0,2
wiki,fresh,7,1,3
wiki,fresh,7,3,1
wiki,fresh,8,0,1
wiki,fresh,9,0,1
wiki,fresh,10,2,1
wiki,fresh,11,0,1
wiki,fresh,14,1,1
wiki,fresh,15,1,1
wiki,fresh,16,0,1
wiki,fresh,28,2,1
wiki,fresh,45,0,1
wiki,fresh,50,3,1
wiki,fresh,110,0,1
wiki,fresh,191,1,1
wiki,fresh,258,0,1
wiki,fresh,259,0,1
swarm_lab,snapshot,0,0,141
swarm_lab,snapshot,0,1,7
swarm_lab,snapshot,0,2,2
swarm_lab,snapshot,1,0,5
swarm_lab,snapshot,1,1,2
swarm_lab,snapshot,1,2,1
swarm_lab,snapshot,2,0,2
swarm_lab,snapshot,4,1,1
swarm_lab,fresh,0,0,141
swarm_lab,fresh,0,1,7
swarm_lab,fresh,0,2,2
swarm_lab,fresh,1,0,5
swarm_lab,fresh,1,1,2
swarm_lab,fresh,1,2,1
swarm_lab,fresh,2,0,2
swarm_lab,fresh,4,1,1
