n,arm,checks,attacker_pass,visibility,rare_accuracy_sonnet,rare_accuracy_haiku,rare_accuracy_diff,rare_accuracy_diff_low,rare_accuracy_diff_high,clusters,task_accuracy_sonnet,task_accuracy_haiku,task_accuracy_diff,task_accuracy_diff_low,task_accuracy_diff_high
36,coverage,4,0.1,masked,0.8333333333333334,0.8194444444444445,0.013888888888888893,-0.041666666666666664,0.08333333333333333,24,0.9166666666666666,0.9097222222222222,0.006944444444444443,-0.020833333333333343,0.041666666666666664
36,coverage,4,0.1,visible,0.7638888888888888,0.8194444444444445,-0.05555555555555555,-0.16666666666666666,0.013888888888888895,24,0.8819444444444445,0.9097222222222222,-0.027777777777777787,-0.08333333333333333,0.006944444444444443
36,coverage,4,0.9,masked,0.5277777777777778,0.47222222222222227,0.05555555555555556,-0.08333333333333333,0.20833333333333334,24,0.6319444444444444,0.6041666666666666,0.027777777777777776,-0.041666666666666664,0.10416666666666667
36,coverage,4,0.9,visible,0.4444444444444444,0.5694444444444444,-0.125,-0.2638888888888889,4.625929269271485e-18,24,0.5902777777777778,0.6527777777777778,-0.0625,-0.13194444444444445,0.0
36,degree,4,0.1,masked,0.041666666666666664,0.041666666666666664,0.0,0.0,0.0,24,0.5208333333333334,0.5208333333333334,0.0,0.0,0.0
36,degree,4,0.1,visible,0.041666666666666664,0.041666666666666664,0.0,0.0,0.0,24,0.5208333333333334,0.5208333333333334,0.0,0.0,0.0
36,degree,4,0.9,masked,0.041666666666666664,0.041666666666666664,0.0,0.0,0.0,24,0.5208333333333334,0.5208333333333334,0.0,0.0,0.0
36,degree,4,0.9,visible,0.041666666666666664,0.041666666666666664,0.0,0.0,0.0,24,0.513888888888889,0.5208333333333334,-0.006944444444444445,-0.020833333333333332,0.0
36,no_verification,0,0.1,masked,0.0,0.0,0.0,0.0,0.0,24,0.5,0.5,0.0,0.0,0.0
36,no_verification,0,0.1,visible,0.0,0.0,0.0,0.0,0.0,24,0.5,0.5,0.0,0.0,0.0
36,no_verification,0,0.9,masked,0.0,0.0,0.0,0.0,0.0,24,0.5,0.5,0.0,0.0,0.0
36,no_verification,0,0.9,visible,0.0,0.0,0.0,0.0,0.0,24,0.4861111111111111,0.5,-0.01388888888888889,-0.041666666666666664,0.0
36,random,4,0.1,masked,0.5277777777777778,0.5277777777777778,0.0,0.0,0.0,24,0.7638888888888888,0.7638888888888888,0.0,0.0,0.0
36,random,4,0.1,visible,0.5277777777777778,0.5277777777777778,0.0,0.0,0.0,24,0.7638888888888888,0.7638888888888888,0.0,0.0,0.0
36,random,4,0.9,masked,0.4444444444444444,0.4583333333333333,-0.013888888888888888,-0.041666666666666664,0.0,24,0.7222222222222222,0.7291666666666666,-0.006944444444444443,-0.02083333333333333,0.0
36,random,4,0.9,visible,0.4305555555555556,0.47222222222222227,-0.041666666666666664,-0.09722222222222221,0.0,24,0.7152777777777778,0.7361111111111112,-0.02083333333333333,-0.048611111111111105,0.0
108,coverage,4,0.1,masked,0.06944444444444443,0.06944444444444443,0.0,0.0,0.0,24,0.5347222222222222,0.5347222222222222,0.0,0.0,0.0
108,coverage,4,0.1,visible,0.06944444444444443,0.06944444444444443,0.0,0.0,0.0,24,0.5347222222222222,0.5347222222222222,0.0,0.0,0.0
108,coverage,4,0.9,masked,0.06944444444444443,0.06944444444444443,0.0,0.0,0.0,24,0.5347222222222222,0.5347222222222222,0.0,0.0,0.0
108,coverage,4,0.9,visible,0.06944444444444443,0.06944444444444443,0.0,0.0,0.0,24,0.5347222222222222,0.5347222222222222,0.0,0.0,0.0
108,coverage,12,0.1,masked,0.9166666666666666,0.9583333333333334,-0.041666666666666664,-0.08333333333333333,0.0,24,0.9583333333333334,0.9791666666666666,-0.02083333333333334,-0.041666666666666685,0.0
108,coverage,12,0.1,visible,0.9027777777777778,0.9583333333333334,-0.05555555555555556,-0.11111111111111112,-0.013888888888888888,24,0.9513888888888888,0.9791666666666666,-0.02777777777777778,-0.05555555555555556,-0.006944444444444443
108,coverage,12,0.9,masked,0.638888888888889,0.5,0.13888888888888892,-0.055555555555555546,0.3333333333333333,24,0.8194444444444445,0.75,0.06944444444444443,-0.02777777777777778,0.16666666666666666
108,coverage,12,0.9,visible,0.611111111111111,0.5416666666666666,0.06944444444444445,-0.06944444444444443,0.2222222222222222,24,0.8055555555555555,0.7708333333333334,0.03472222222222222,-0.03472222222222224,0.1111111111111111
108,degree,4,0.1,masked,0.19444444444444442,0.19444444444444442,0.0,0.0,0.0,24,0.5972222222222222,0.5972222222222222,0.0,0.0,0.0
108,degree,4,0.1,visible,0.19444444444444442,0.20833333333333334,-0.013888888888888888,-0.041666666666666664,0.0,24,0.5833333333333334,0.6041666666666666,-0.020833333333333332,-0.05555555555555556,0.0
108,degree,4,0.9,masked,0.19444444444444442,0.19444444444444442,0.0,0.0,0.0,24,0.5972222222222222,0.5972222222222222,0.0,0.0,0.0
108,degree,4,0.9,visible,0.19444444444444442,0.19444444444444442,0.0,0.0,0.0,24,0.5833333333333334,0.5972222222222222,-0.01388888888888889,-0.041666666666666664,0.0
108,degree,12,0.1,masked,0.13888888888888887,0.13888888888888887,0.0,-0.041666666666666664,0.041666666666666664,24,0.5694444444444444,0.5694444444444444,0.0,-0.02083333333333333,0.02083333333333333
108,degree,12,0.1,visible,0.125,0.13888888888888887,-0.013888888888888888,-0.041666666666666664,0.0,24,0.5625,0.5694444444444444,-0.006944444444444443,-0.02083333333333333,0.0
108,degree,12,0.9,masked,0.125,0.13888888888888887,-0.013888888888888888,-0.041666666666666664,0.0,24,0.5625,0.5694444444444444,-0.006944444444444443,-0.02083333333333333,0.0
108,degree,12,0.9,visible,0.125,0.13888888888888887,-0.013888888888888888,-0.041666666666666664,0.0,24,0.5625,0.5694444444444444,-0.006944444444444443,-0.02083333333333333,0.0
108,no_verification,0,0.1,masked,0.1111111111111111,0.3055555555555555,-0.19444444444444442,-0.361111111111111,-0.02777777777777778,24,0.5347222222222222,0.6527777777777778,-0.11805555555555557,-0.20138888888888892,-0.027777777777777787
108,no_verification,0,0.1,visible,0.0,0.27777777777777773,-0.27777777777777773,-0.40277777777777773,-0.15277777777777776,24,0.5,0.638888888888889,-0.1388888888888889,-0.20138888888888892,-0.07638888888888888
108,no_verification,0,0.9,masked,0.08333333333333333,0.25,-0.16666666666666666,-0.3194444444444444,-0.013888888888888881,24,0.5208333333333334,0.625,-0.10416666666666667,-0.1875,-0.02083333333333333
108,no_verification,0,0.9,visible,0.0,0.2222222222222222,-0.2222222222222222,-0.34722222222222215,-0.1111111111111111,24,0.4861111111111111,0.611111111111111,-0.125,-0.20138888888888892,-0.05555555555555555
108,random,4,0.1,masked,0.6527777777777778,0.6666666666666666,-0.013888888888888888,-0.041666666666666664,0.0,24,0.8263888888888888,0.8333333333333334,-0.006944444444444443,-0.02083333333333333,0.0
108,random,4,0.1,visible,0.611111111111111,0.7083333333333334,-0.09722222222222221,-0.20833333333333334,-0.013888888888888888,24,0.8055555555555555,0.8541666666666666,-0.048611111111111105,-0.10416666666666667,-0.006944444444444443
108,random,4,0.9,masked,0.5,0.5416666666666666,-0.041666666666666664,-0.1111111111111111,0.0,24,0.75,0.7708333333333334,-0.02083333333333334,-0.05555555555555556,0.0
108,random,4,0.9,visible,0.5277777777777778,0.513888888888889,0.013888888888888888,-0.06944444444444443,0.09722222222222221,24,0.7638888888888888,0.7569444444444445,0.0069444444444444475,-0.034722222222222224,0.048611111111111126
108,random,12,0.1,masked,0.8333333333333334,0.8611111111111112,-0.027777777777777776,-0.08333333333333333,0.0,24,0.9166666666666666,0.9305555555555555,-0.01388888888888889,-0.041666666666666664,0.0
108,random,12,0.1,visible,0.8611111111111112,0.8472222222222222,0.013888888888888888,0.0,0.041666666666666664,24,0.9305555555555555,0.9236111111111112,0.0069444444444444475,0.0,0.020833333333333343
108,random,12,0.9,masked,0.40277777777777773,0.4861111111111111,-0.08333333333333333,-0.23611111111111108,0.05555555555555557,24,0.7013888888888888,0.7430555555555555,-0.041666666666666664,-0.11805555555555557,0.027777777777777776
108,random,12,0.9,visible,0.4444444444444444,0.4444444444444444,-2.3129646346357427e-18,-0.09722222222222222,0.09722222222222222,24,0.7222222222222222,0.7222222222222222,0.0,-0.048611111111111126,0.048611111111111126
324,coverage,4,0.1,masked,0.2916666666666667,0.4166666666666667,-0.12499999999999999,-0.27777777777777773,0.02777777777777779,24,0.6458333333333334,0.7083333333333334,-0.0625,-0.1388888888888889,0.01388888888888889
324,coverage,4,0.1,visible,0.23611111111111113,0.4305555555555556,-0.19444444444444442,-0.3611111111111111,-0.04166666666666666,24,0.6180555555555556,0.7152777777777778,-0.09722222222222222,-0.18055555555555555,-0.02083333333333333
324,coverage,4,0.9,masked,0.2777777777777778,0.4444444444444444,-0.16666666666666666,-0.34722222222222215,0.013888888888888904,24,0.6180555555555556,0.7222222222222222,-0.10416666666666667,-0.20833333333333334,-9.25185853854297e-18
324,coverage,4,0.9,visible,0.20833333333333334,0.4444444444444444,-0.23611111111111108,-0.38888888888888884,-0.09722222222222221,24,0.6041666666666666,0.7222222222222222,-0.11805555555555557,-0.19444444444444442,-0.04861111111111111
324,coverage,36,0.1,masked,0.9583333333333334,0.9583333333333334,0.0,0.0,0.0,24,0.9791666666666666,0.9791666666666666,0.0,0.0,0.0
324,coverage,36,0.1,visible,0.9444444444444445,0.9722222222222222,-0.02777777777777778,-0.06944444444444445,0.0,24,0.9722222222222222,0.9861111111111112,-0.013888888888888886,-0.03472222222222222,0.0
324,coverage,36,0.9,masked,0.47222222222222227,0.513888888888889,-0.041666666666666664,-0.1388888888888889,0.06944444444444443,24,0.7361111111111112,0.7569444444444445,-0.02083333333333332,-0.06944444444444443,0.03472222222222223
324,coverage,36,0.9,visible,0.5,0.5555555555555555,-0.05555555555555555,-0.19444444444444442,0.08333333333333333,24,0.75,0.7777777777777778,-0.027777777777777776,-0.09722222222222222,0.04166666666666668
324,degree,4,0.1,masked,0.19444444444444445,0.611111111111111,-0.4166666666666667,-0.5694444444444444,-0.25,24,0.576388888888889,0.8055555555555555,-0.22916666666666666,-0.3055555555555556,-0.14583333333333331
324,degree,4,0.1,visible,0.20833333333333334,0.5833333333333334,-0.375,-0.5,-0.25,24,0.6041666666666666,0.7916666666666666,-0.1875,-0.25,-0.125
324,degree,4,0.9,masked,0.19444444444444445,0.611111111111111,-0.4166666666666667,-0.5694444444444444,-0.25,24,0.576388888888889,0.8055555555555555,-0.22916666666666666,-0.3055555555555556,-0.14583333333333331
324,degree,4,0.9,visible,0.20833333333333334,0.5972222222222222,-0.38888888888888884,-0.5138888888888888,-0.2638888888888889,24,0.6041666666666666,0.7986111111111112,-0.19444444444444442,-0.2569444444444445,-0.13194444444444445
324,degree,36,0.1,masked,0.3333333333333333,0.4444444444444444,-0.1111111111111111,-0.20833333333333334,-0.02777777777777778,24,0.6666666666666666,0.7222222222222222,-0.05555555555555555,-0.10416666666666667,-0.01388888888888889
324,degree,36,0.1,visible,0.375,0.4583333333333333,-0.08333333333333333,-0.19444444444444445,0.041666666666666664,24,0.6875,0.7291666666666666,-0.041666666666666664,-0.09722222222222225,0.020833333333333325
324,degree,36,0.9,masked,0.3611111111111111,0.4583333333333333,-0.09722222222222222,-0.16666666666666666,-0.041666666666666664,24,0.6805555555555555,0.7291666666666666,-0.048611111111111105,-0.08333333333333331,-0.02083333333333333
324,degree,36,0.9,visible,0.3333333333333333,0.47222222222222215,-0.13888888888888887,-0.22222222222222224,-0.05555555555555555,24,0.6666666666666666,0.7361111111111112,-0.06944444444444445,-0.11111111111111112,-0.02777777777777778
324,no_verification,0,0.1,masked,0.05555555555555555,0.4166666666666667,-0.3611111111111111,-0.5138888888888888,-0.22222222222222218,24,0.5277777777777778,0.7083333333333334,-0.18055555555555555,-0.2569444444444444,-0.1111111111111111
324,no_verification,0,0.1,visible,0.0,0.4861111111111111,-0.4861111111111111,-0.6249999999999999,-0.3611111111111111,24,0.5,0.7430555555555555,-0.24305555555555555,-0.3125,-0.18055555555555555
324,no_verification,0,0.9,masked,0.0,0.4305555555555555,-0.4305555555555555,-0.5694444444444443,-0.3055555555555555,24,0.5,0.7152777777777778,-0.2152777777777778,-0.2847222222222222,-0.15277777777777776
324,no_verification,0,0.9,visible,0.0,0.5,-0.5,-0.625,-0.375,24,0.5,0.75,-0.25,-0.3125,-0.1875
324,random,4,0.1,masked,0.5416666666666666,0.5416666666666666,4.625929269271485e-18,-0.08333333333333333,0.08333333333333336,24,0.7708333333333334,0.7708333333333334,4.625929269271485e-18,-0.04166666666666666,0.041666666666666685
324,random,4,0.1,visible,0.5694444444444444,0.6527777777777778,-0.08333333333333333,-0.22222222222222218,0.041666666666666664,24,0.7847222222222222,0.8263888888888888,-0.04166666666666668,-0.11111111111111112,0.020833333333333325
324,random,4,0.9,masked,0.375,0.375,4.625929269271485e-18,-0.09722222222222221,0.11111111111111112,24,0.6666666666666666,0.6875,-0.020833333333333332,-0.09027777777777778,0.048611111111111105
324,random,4,0.9,visible,0.4166666666666667,0.47222222222222227,-0.05555555555555555,-0.20833333333333334,0.11111111111111112,24,0.7083333333333334,0.7361111111111112,-0.02777777777777778,-0.10416666666666669,0.05555555555555556
324,random,36,0.1,masked,1.0,1.0,0.0,0.0,0.0,24,1.0,1.0,0.0,0.0,0.0
324,random,36,0.1,visible,1.0,1.0,0.0,0.0,0.0,24,1.0,1.0,0.0,0.0,0.0
324,random,36,0.9,masked,0.3888888888888889,0.4861111111111111,-0.09722222222222221,-0.25,0.06944444444444445,24,0.6944444444444445,0.7430555555555555,-0.048611111111111105,-0.125,0.03472222222222222
324,random,36,0.9,visible,0.4444444444444444,0.5277777777777778,-0.08333333333333333,-0.20833333333333334,0.04166666666666668,24,0.7222222222222222,0.7638888888888888,-0.041666666666666664,-0.10416666666666669,0.02083333333333334
972,coverage,4,0.1,masked,0.013888888888888888,0.47222222222222215,-0.4583333333333333,-0.5833333333333334,-0.3333333333333333,24,0.5069444444444444,0.7361111111111112,-0.22916666666666666,-0.2916666666666667,-0.16666666666666666
972,coverage,4,0.1,visible,0.0,0.47222222222222215,-0.47222222222222215,-0.611111111111111,-0.3333333333333333,24,0.5,0.7361111111111112,-0.23611111111111113,-0.3055555555555556,-0.16666666666666666
972,coverage,4,0.9,masked,0.013888888888888888,0.4166666666666667,-0.40277777777777773,-0.5277777777777778,-0.27777777777777773,24,0.5069444444444444,0.7083333333333334,-0.20138888888888887,-0.2638888888888889,-0.13888888888888887
972,coverage,4,0.9,visible,0.0,0.5277777777777778,-0.5277777777777778,-0.6527777777777778,-0.38888888888888884,24,0.5,0.7638888888888888,-0.2638888888888889,-0.3263888888888889,-0.19444444444444445
972,coverage,108,0.1,masked,1.0,1.0,0.0,0.0,0.0,24,1.0,1.0,0.0,0.0,0.0
972,coverage,108,0.1,visible,1.0,1.0,0.0,0.0,0.0,24,1.0,1.0,0.0,0.0,0.0
972,coverage,108,0.9,masked,0.1111111111111111,0.4861111111111111,-0.375,-0.5,-0.23611111111111108,24,0.5555555555555556,0.7430555555555555,-0.1875,-0.25000000000000006,-0.11805555555555554
972,coverage,108,0.9,visible,0.15277777777777776,0.4583333333333333,-0.3055555555555555,-0.47222222222222215,-0.15277777777777776,24,0.576388888888889,0.7291666666666666,-0.15277777777777776,-0.23611111111111108,-0.07638888888888887
972,degree,4,0.1,masked,0.05555555555555555,0.4583333333333333,-0.40277777777777773,-0.5277777777777778,-0.27777777777777773,24,0.5277777777777778,0.7291666666666666,-0.20138888888888892,-0.2638888888888889,-0.13888888888888887
972,degree,4,0.1,visible,0.0,0.3611111111111111,-0.3611111111111111,-0.5,-0.2222222222222222,24,0.5,0.6805555555555555,-0.18055555555555555,-0.25,-0.1111111111111111
972,degree,4,0.9,masked,0.0,0.4583333333333333,-0.4583333333333333,-0.5972222222222222,-0.3194444444444444,24,0.5,0.7291666666666666,-0.22916666666666666,-0.2986111111111111,-0.15972222222222224
972,degree,4,0.9,visible,0.0,0.47222222222222215,-0.47222222222222215,-0.625,-0.3194444444444444,24,0.5,0.7361111111111112,-0.23611111111111113,-0.3125,-0.15972222222222224
972,degree,108,0.1,masked,0.3194444444444445,0.40277777777777773,-0.08333333333333333,-0.20833333333333334,0.05555555555555556,24,0.6597222222222222,0.7013888888888888,-0.041666666666666664,-0.10416666666666669,0.027777777777777776
972,degree,108,0.1,visible,0.125,0.3611111111111111,-0.23611111111111108,-0.38888888888888884,-0.09722222222222221,24,0.5625,0.6805555555555555,-0.11805555555555554,-0.19444444444444442,-0.048611111111111105
972,degree,108,0.9,masked,0.2638888888888889,0.40277777777777773,-0.13888888888888887,-0.26388888888888884,-0.027777777777777773,24,0.6319444444444444,0.7013888888888888,-0.06944444444444445,-0.13194444444444445,-0.013888888888888895
972,degree,108,0.9,visible,0.125,0.4166666666666667,-0.2916666666666667,-0.4583333333333333,-0.13888888888888887,24,0.5625,0.7083333333333334,-0.14583333333333334,-0.22916666666666666,-0.06944444444444443
972,no_verification,0,0.1,masked,0.0,0.5416666666666666,-0.5416666666666666,-0.6527777777777778,-0.4305555555555555,24,0.5,0.7708333333333334,-0.2708333333333333,-0.3263888888888889,-0.21527777777777776
972,no_verification,0,0.1,visible,0.0,0.4583333333333333,-0.4583333333333333,-0.5833333333333333,-0.34722222222222215,24,0.5,0.7291666666666666,-0.22916666666666666,-0.2916666666666667,-0.17361111111111108
972,no_verification,0,0.9,masked,0.0,0.5277777777777778,-0.5277777777777778,-0.6388888888888888,-0.4166666666666667,24,0.5,0.7638888888888888,-0.2638888888888889,-0.3194444444444444,-0.20833333333333334
972,no_verification,0,0.9,visible,0.0,0.4166666666666667,-0.4166666666666667,-0.5416666666666666,-0.2916666666666667,24,0.5,0.7083333333333334,-0.20833333333333334,-0.2708333333333333,-0.14583333333333334
972,random,4,0.1,masked,0.5,0.7638888888888888,-0.2638888888888889,-0.4583333333333333,-0.05555555555555555,24,0.75,0.8819444444444445,-0.13194444444444445,-0.22916666666666666,-0.02777777777777778
972,random,4,0.1,visible,0.5277777777777778,0.7777777777777778,-0.25,-0.40277777777777785,-0.09722222222222221,24,0.7638888888888888,0.8888888888888888,-0.125,-0.20138888888888892,-0.04861111111111111
972,random,4,0.9,masked,0.40277777777777773,0.5972222222222222,-0.19444444444444445,-0.34722222222222215,-0.05555555555555555,24,0.7013888888888888,0.7986111111111112,-0.09722222222222222,-0.17361111111111113,-0.02777777777777778
972,random,4,0.9,visible,0.4444444444444444,0.5416666666666666,-0.09722222222222222,-0.20833333333333334,2.3129646346357427e-18,24,0.7222222222222222,0.7708333333333334,-0.048611111111111126,-0.10416666666666667,-9.25185853854297e-18
972,random,108,0.1,masked,1.0,1.0,0.0,0.0,0.0,24,1.0,1.0,0.0,0.0,0.0
972,random,108,0.1,visible,1.0,0.9861111111111112,0.01388888888888889,0.0,0.041666666666666664,24,1.0,0.9930555555555555,0.006944444444444443,0.0,0.02083333333333333
972,random,108,0.9,masked,0.23611111111111113,0.38888888888888884,-0.15277777777777776,-0.27777777777777773,-0.027777777777777773,24,0.6180555555555556,0.6944444444444445,-0.07638888888888888,-0.13888888888888887,-0.013888888888888881
972,random,108,0.9,visible,0.3055555555555555,0.5416666666666666,-0.23611111111111108,-0.3611111111111111,-0.11111111111111112,24,0.6527777777777778,0.7708333333333334,-0.11805555555555554,-0.18055555555555558,-0.05555555555555555
