task_id,regulator,registered_round,dynamic_fragmentation,dynamic_evasion,dynamic_profit,locked_profit,profit_difference,profit_change_percent,dynamic_fines,locked_fines,same_action_identity_fine_savings,final_firms,first_evasion_round
110,none,,False,False,47980.90174529339,47980.90174529339,0.0,0.0,0.0,0.0,0.0,1,
110,firm,1,True,True,47888.90174529339,40134.50305744533,7754.398687848065,19.321028285186536,0.0,0.0,16818.515610852686,2,1
110,owner,,False,False,40033.534640041034,39994.8368324391,38.6978076019368,0.09675700832101342,0.0,0.0,0.0,1,
111,none,,False,False,37632.51483462408,37632.51483462408,0.0,0.0,0.0,0.0,0.0,1,
111,firm,1,True,True,37540.51483462408,33687.22922343038,3853.2856111937,11.438416575126453,0.0,0.0,13196.580192118428,2,1
111,owner,,False,False,33700.75785952582,33560.74787145342,140.00998807239375,0.41718375469066427,0.0,0.0,0.0,1,
112,none,,False,False,40432.12148322113,40430.49512915288,1.6263540682557505,0.004022592508601264,0.0,0.0,0.0,1,
112,firm,1,True,True,40340.12148322113,34418.423954967766,5921.697528253368,17.205022333390897,0.0,0.0,14176.442519127395,2,1
112,owner,,False,False,34139.75379115859,34191.57784046431,-51.82404930572375,-0.15156963374879373,0.0,0.0,0.0,1,
113,none,,False,False,55830.99516980603,55830.99516980603,0.0,0.0,0.0,0.0,0.0,1,
113,firm,1,True,True,55738.99516980603,43819.638322627885,11919.356847178147,27.20094757382594,0.0,314.93417601365934,19566.04830943211,2,1
113,owner,,False,False,43785.8746591927,43778.1364529884,7.738206204296148,0.017675960722107753,0.0,0.0,0.0,1,
114,none,,False,False,40347.894153560475,40347.894153560475,0.0,0.0,0.0,0.0,0.0,1,
114,firm,1,True,True,40255.894153560475,36365.36186148565,3890.532292074822,10.698456148721181,0.0,0.0,14146.962953746162,2,1
114,owner,,False,False,36390.96913393402,36331.86546329334,59.10367064068123,0.16267722531448925,0.0,0.0,0.0,1,
115,none,,False,False,47392.44390182668,47392.44390182668,0.0,0.0,0.0,0.0,0.0,1,
115,firm,1,True,True,47292.91777332449,39720.047361589925,7572.870411734562,19.065612744101813,0.0,0.0,16609.92122066357,2,1
115,owner,,False,False,39694.33878344998,39403.212801777365,291.12598167261604,0.7388381834170676,0.0,0.0,0.0,1,
