hop,agent_id,target_id,response_sha256,pass_1,pass_2,report_content,strict_integrated,output_span,source_span,rationale
1,sol-01,release_scope,,unscored,unscored,unscored,unscored,,,
1,sol-01,decision_rule,,unscored,unscored,unscored,unscored,,,
1,sol-01,corrected_limit,,unscored,unscored,unscored,unscored,,,
1,sol-01,cedar_result,,unscored,unscored,unscored,unscored,,,
1,sol-01,test_scope,,unscored,unscored,unscored,unscored,,,
1,sol-01,bay_measurement,,unscored,unscored,unscored,unscored,,,
1,sol-01,dependent_reports,,unscored,unscored,unscored,unscored,,,
1,sol-01,cedar_rollback,,unscored,unscored,unscored,unscored,,,
1,sol-01,bay_rollback,,unscored,unscored,unscored,unscored,,,
1,sol-01,approval_evidence,,unscored,unscored,unscored,unscored,,,
1,sol-01,approval_request,,unscored,unscored,unscored,unscored,,,
1,sol-01,monitor_plan,,unscored,unscored,unscored,unscored,,,
2,sol-02,release_scope,,unscored,unscored,unscored,unscored,,,
2,sol-02,decision_rule,,unscored,unscored,unscored,unscored,,,
2,sol-02,corrected_limit,,unscored,unscored,unscored,unscored,,,
2,sol-02,cedar_result,,unscored,unscored,unscored,unscored,,,
2,sol-02,test_scope,,unscored,unscored,unscored,unscored,,,
2,sol-02,bay_measurement,,unscored,unscored,unscored,unscored,,,
2,sol-02,dependent_reports,,unscored,unscored,unscored,unscored,,,
2,sol-02,cedar_rollback,,unscored,unscored,unscored,unscored,,,
2,sol-02,bay_rollback,,unscored,unscored,unscored,unscored,,,
2,sol-02,approval_evidence,,unscored,unscored,unscored,unscored,,,
2,sol-02,approval_request,,unscored,unscored,unscored,unscored,,,
2,sol-02,monitor_plan,,unscored,unscored,unscored,unscored,,,
3,sol-03,release_scope,,unscored,unscored,unscored,unscored,,,
3,sol-03,decision_rule,,unscored,unscored,unscored,unscored,,,
3,sol-03,corrected_limit,,unscored,unscored,unscored,unscored,,,
3,sol-03,cedar_result,,unscored,unscored,unscored,unscored,,,
3,sol-03,test_scope,,unscored,unscored,unscored,unscored,,,
3,sol-03,bay_measurement,,unscored,unscored,unscored,unscored,,,
3,sol-03,dependent_reports,,unscored,unscored,unscored,unscored,,,
3,sol-03,cedar_rollback,,unscored,unscored,unscored,unscored,,,
3,sol-03,bay_rollback,,unscored,unscored,unscored,unscored,,,
3,sol-03,approval_evidence,,unscored,unscored,unscored,unscored,,,
3,sol-03,approval_request,,unscored,unscored,unscored,unscored,,,
3,sol-03,monitor_plan,,unscored,unscored,unscored,unscored,,,
4,sol-04,release_scope,,unscored,unscored,unscored,unscored,,,
4,sol-04,decision_rule,,unscored,unscored,unscored,unscored,,,
4,sol-04,corrected_limit,,unscored,unscored,unscored,unscored,,,
4,sol-04,cedar_result,,unscored,unscored,unscored,unscored,,,
4,sol-04,test_scope,,unscored,unscored,unscored,unscored,,,
4,sol-04,bay_measurement,,unscored,unscored,unscored,unscored,,,
4,sol-04,dependent_reports,,unscored,unscored,unscored,unscored,,,
4,sol-04,cedar_rollback,,unscored,unscored,unscored,unscored,,,
4,sol-04,bay_rollback,,unscored,unscored,unscored,unscored,,,
4,sol-04,approval_evidence,,unscored,unscored,unscored,unscored,,,
4,sol-04,approval_request,,unscored,unscored,unscored,unscored,,,
4,sol-04,monitor_plan,,unscored,unscored,unscored,unscored,,,
5,sol-05,release_scope,,unscored,unscored,unscored,unscored,,,
5,sol-05,decision_rule,,unscored,unscored,unscored,unscored,,,
5,sol-05,corrected_limit,,unscored,unscored,unscored,unscored,,,
5,sol-05,cedar_result,,unscored,unscored,unscored,unscored,,,
5,sol-05,test_scope,,unscored,unscored,unscored,unscored,,,
5,sol-05,bay_measurement,,unscored,unscored,unscored,unscored,,,
5,sol-05,dependent_reports,,unscored,unscored,unscored,unscored,,,
5,sol-05,cedar_rollback,,unscored,unscored,unscored,unscored,,,
5,sol-05,bay_rollback,,unscored,unscored,unscored,unscored,,,
5,sol-05,approval_evidence,,unscored,unscored,unscored,unscored,,,
5,sol-05,approval_request,,unscored,unscored,unscored,unscored,,,
5,sol-05,monitor_plan,,unscored,unscored,unscored,unscored,,,
6,sol-06,release_scope,,unscored,unscored,unscored,unscored,,,
6,sol-06,decision_rule,,unscored,unscored,unscored,unscored,,,
6,sol-06,corrected_limit,,unscored,unscored,unscored,unscored,,,
6,sol-06,cedar_result,,unscored,unscored,unscored,unscored,,,
6,sol-06,test_scope,,unscored,unscored,unscored,unscored,,,
6,sol-06,bay_measurement,,unscored,unscored,unscored,unscored,,,
6,sol-06,dependent_reports,,unscored,unscored,unscored,unscored,,,
6,sol-06,cedar_rollback,,unscored,unscored,unscored,unscored,,,
6,sol-06,bay_rollback,,unscored,unscored,unscored,unscored,,,
6,sol-06,approval_evidence,,unscored,unscored,unscored,unscored,,,
6,sol-06,approval_request,,unscored,unscored,unscored,unscored,,,
6,sol-06,monitor_plan,,unscored,unscored,unscored,unscored,,,
7,sol-07,release_scope,,unscored,unscored,unscored,unscored,,,
7,sol-07,decision_rule,,unscored,unscored,unscored,unscored,,,
7,sol-07,corrected_limit,,unscored,unscored,unscored,unscored,,,
7,sol-07,cedar_result,,unscored,unscored,unscored,unscored,,,
7,sol-07,test_scope,,unscored,unscored,unscored,unscored,,,
7,sol-07,bay_measurement,,unscored,unscored,unscored,unscored,,,
7,sol-07,dependent_reports,,unscored,unscored,unscored,unscored,,,
7,sol-07,cedar_rollback,,unscored,unscored,unscored,unscored,,,
7,sol-07,bay_rollback,,unscored,unscored,unscored,unscored,,,
7,sol-07,approval_evidence,,unscored,unscored,unscored,unscored,,,
7,sol-07,approval_request,,unscored,unscored,unscored,unscored,,,
7,sol-07,monitor_plan,,unscored,unscored,unscored,unscored,,,
8,sol-08,release_scope,,unscored,unscored,unscored,unscored,,,
8,sol-08,decision_rule,,unscored,unscored,unscored,unscored,,,
8,sol-08,corrected_limit,,unscored,unscored,unscored,unscored,,,
8,sol-08,cedar_result,,unscored,unscored,unscored,unscored,,,
8,sol-08,test_scope,,unscored,unscored,unscored,unscored,,,
8,sol-08,bay_measurement,,unscored,unscored,unscored,unscored,,,
8,sol-08,dependent_reports,,unscored,unscored,unscored,unscored,,,
8,sol-08,cedar_rollback,,unscored,unscored,unscored,unscored,,,
8,sol-08,bay_rollback,,unscored,unscored,unscored,unscored,,,
8,sol-08,approval_evidence,,unscored,unscored,unscored,unscored,,,
8,sol-08,approval_request,,unscored,unscored,unscored,unscored,,,
8,sol-08,monitor_plan,,unscored,unscored,unscored,unscored,,,
9,sol-09,release_scope,,unscored,unscored,unscored,unscored,,,
9,sol-09,decision_rule,,unscored,unscored,unscored,unscored,,,
9,sol-09,corrected_limit,,unscored,unscored,unscored,unscored,,,
9,sol-09,cedar_result,,unscored,unscored,unscored,unscored,,,
9,sol-09,test_scope,,unscored,unscored,unscored,unscored,,,
9,sol-09,bay_measurement,,unscored,unscored,unscored,unscored,,,
9,sol-09,dependent_reports,,unscored,unscored,unscored,unscored,,,
9,sol-09,cedar_rollback,,unscored,unscored,unscored,unscored,,,
9,sol-09,bay_rollback,,unscored,unscored,unscored,unscored,,,
9,sol-09,approval_evidence,,unscored,unscored,unscored,unscored,,,
9,sol-09,approval_request,,unscored,unscored,unscored,unscored,,,
9,sol-09,monitor_plan,,unscored,unscored,unscored,unscored,,,
10,sol-10,release_scope,,unscored,unscored,unscored,unscored,,,
10,sol-10,decision_rule,,unscored,unscored,unscored,unscored,,,
10,sol-10,corrected_limit,,unscored,unscored,unscored,unscored,,,
10,sol-10,cedar_result,,unscored,unscored,unscored,unscored,,,
10,sol-10,test_scope,,unscored,unscored,unscored,unscored,,,
10,sol-10,bay_measurement,,unscored,unscored,unscored,unscored,,,
10,sol-10,dependent_reports,,unscored,unscored,unscored,unscored,,,
10,sol-10,cedar_rollback,,unscored,unscored,unscored,unscored,,,
10,sol-10,bay_rollback,,unscored,unscored,unscored,unscored,,,
10,sol-10,approval_evidence,,unscored,unscored,unscored,unscored,,,
10,sol-10,approval_request,,unscored,unscored,unscored,unscored,,,
10,sol-10,monitor_plan,,unscored,unscored,unscored,unscored,,,
11,sol-11,release_scope,,unscored,unscored,unscored,unscored,,,
11,sol-11,decision_rule,,unscored,unscored,unscored,unscored,,,
11,sol-11,corrected_limit,,unscored,unscored,unscored,unscored,,,
11,sol-11,cedar_result,,unscored,unscored,unscored,unscored,,,
11,sol-11,test_scope,,unscored,unscored,unscored,unscored,,,
11,sol-11,bay_measurement,,unscored,unscored,unscored,unscored,,,
11,sol-11,dependent_reports,,unscored,unscored,unscored,unscored,,,
11,sol-11,cedar_rollback,,unscored,unscored,unscored,unscored,,,
11,sol-11,bay_rollback,,unscored,unscored,unscored,unscored,,,
11,sol-11,approval_evidence,,unscored,unscored,unscored,unscored,,,
11,sol-11,approval_request,,unscored,unscored,unscored,unscored,,,
11,sol-11,monitor_plan,,unscored,unscored,unscored,unscored,,,
12,sol-12,release_scope,,unscored,unscored,unscored,unscored,,,
12,sol-12,decision_rule,,unscored,unscored,unscored,unscored,,,
12,sol-12,corrected_limit,,unscored,unscored,unscored,unscored,,,
12,sol-12,cedar_result,,unscored,unscored,unscored,unscored,,,
12,sol-12,test_scope,,unscored,unscored,unscored,unscored,,,
12,sol-12,bay_measurement,,unscored,unscored,unscored,unscored,,,
12,sol-12,dependent_reports,,unscored,unscored,unscored,unscored,,,
12,sol-12,cedar_rollback,,unscored,unscored,unscored,unscored,,,
12,sol-12,bay_rollback,,unscored,unscored,unscored,unscored,,,
12,sol-12,approval_evidence,,unscored,unscored,unscored,unscored,,,
12,sol-12,approval_request,,unscored,unscored,unscored,unscored,,,
12,sol-12,monitor_plan,,unscored,unscored,unscored,unscored,,,
13,sol-13,release_scope,,unscored,unscored,unscored,unscored,,,
13,sol-13,decision_rule,,unscored,unscored,unscored,unscored,,,
13,sol-13,corrected_limit,,unscored,unscored,unscored,unscored,,,
13,sol-13,cedar_result,,unscored,unscored,unscored,unscored,,,
13,sol-13,test_scope,,unscored,unscored,unscored,unscored,,,
13,sol-13,bay_measurement,,unscored,unscored,unscored,unscored,,,
13,sol-13,dependent_reports,,unscored,unscored,unscored,unscored,,,
13,sol-13,cedar_rollback,,unscored,unscored,unscored,unscored,,,
13,sol-13,bay_rollback,,unscored,unscored,unscored,unscored,,,
13,sol-13,approval_evidence,,unscored,unscored,unscored,unscored,,,
13,sol-13,approval_request,,unscored,unscored,unscored,unscored,,,
13,sol-13,monitor_plan,,unscored,unscored,unscored,unscored,,,
14,sol-14,release_scope,,unscored,unscored,unscored,unscored,,,
14,sol-14,decision_rule,,unscored,unscored,unscored,unscored,,,
14,sol-14,corrected_limit,,unscored,unscored,unscored,unscored,,,
14,sol-14,cedar_result,,unscored,unscored,unscored,unscored,,,
14,sol-14,test_scope,,unscored,unscored,unscored,unscored,,,
14,sol-14,bay_measurement,,unscored,unscored,unscored,unscored,,,
14,sol-14,dependent_reports,,unscored,unscored,unscored,unscored,,,
14,sol-14,cedar_rollback,,unscored,unscored,unscored,unscored,,,
14,sol-14,bay_rollback,,unscored,unscored,unscored,unscored,,,
14,sol-14,approval_evidence,,unscored,unscored,unscored,unscored,,,
14,sol-14,approval_request,,unscored,unscored,unscored,unscored,,,
14,sol-14,monitor_plan,,unscored,unscored,unscored,unscored,,,
15,sol-15,release_scope,,unscored,unscored,unscored,unscored,,,
15,sol-15,decision_rule,,unscored,unscored,unscored,unscored,,,
15,sol-15,corrected_limit,,unscored,unscored,unscored,unscored,,,
15,sol-15,cedar_result,,unscored,unscored,unscored,unscored,,,
15,sol-15,test_scope,,unscored,unscored,unscored,unscored,,,
15,sol-15,bay_measurement,,unscored,unscored,unscored,unscored,,,
15,sol-15,dependent_reports,,unscored,unscored,unscored,unscored,,,
15,sol-15,cedar_rollback,,unscored,unscored,unscored,unscored,,,
15,sol-15,bay_rollback,,unscored,unscored,unscored,unscored,,,
15,sol-15,approval_evidence,,unscored,unscored,unscored,unscored,,,
15,sol-15,approval_request,,unscored,unscored,unscored,unscored,,,
15,sol-15,monitor_plan,,unscored,unscored,unscored,unscored,,,
16,sol-16,release_scope,,unscored,unscored,unscored,unscored,,,
16,sol-16,decision_rule,,unscored,unscored,unscored,unscored,,,
16,sol-16,corrected_limit,,unscored,unscored,unscored,unscored,,,
16,sol-16,cedar_result,,unscored,unscored,unscored,unscored,,,
16,sol-16,test_scope,,unscored,unscored,unscored,unscored,,,
16,sol-16,bay_measurement,,unscored,unscored,unscored,unscored,,,
16,sol-16,dependent_reports,,unscored,unscored,unscored,unscored,,,
16,sol-16,cedar_rollback,,unscored,unscored,unscored,unscored,,,
16,sol-16,bay_rollback,,unscored,unscored,unscored,unscored,,,
16,sol-16,approval_evidence,,unscored,unscored,unscored,unscored,,,
16,sol-16,approval_request,,unscored,unscored,unscored,unscored,,,
16,sol-16,monitor_plan,,unscored,unscored,unscored,unscored,,,
17,sol-17,release_scope,,unscored,unscored,unscored,unscored,,,
17,sol-17,decision_rule,,unscored,unscored,unscored,unscored,,,
17,sol-17,corrected_limit,,unscored,unscored,unscored,unscored,,,
17,sol-17,cedar_result,,unscored,unscored,unscored,unscored,,,
17,sol-17,test_scope,,unscored,unscored,unscored,unscored,,,
17,sol-17,bay_measurement,,unscored,unscored,unscored,unscored,,,
17,sol-17,dependent_reports,,unscored,unscored,unscored,unscored,,,
17,sol-17,cedar_rollback,,unscored,unscored,unscored,unscored,,,
17,sol-17,bay_rollback,,unscored,unscored,unscored,unscored,,,
17,sol-17,approval_evidence,,unscored,unscored,unscored,unscored,,,
17,sol-17,approval_request,,unscored,unscored,unscored,unscored,,,
17,sol-17,monitor_plan,,unscored,unscored,unscored,unscored,,,
18,sol-18,release_scope,,unscored,unscored,unscored,unscored,,,
18,sol-18,decision_rule,,unscored,unscored,unscored,unscored,,,
18,sol-18,corrected_limit,,unscored,unscored,unscored,unscored,,,
18,sol-18,cedar_result,,unscored,unscored,unscored,unscored,,,
18,sol-18,test_scope,,unscored,unscored,unscored,unscored,,,
18,sol-18,bay_measurement,,unscored,unscored,unscored,unscored,,,
18,sol-18,dependent_reports,,unscored,unscored,unscored,unscored,,,
18,sol-18,cedar_rollback,,unscored,unscored,unscored,unscored,,,
18,sol-18,bay_rollback,,unscored,unscored,unscored,unscored,,,
18,sol-18,approval_evidence,,unscored,unscored,unscored,unscored,,,
18,sol-18,approval_request,,unscored,unscored,unscored,unscored,,,
18,sol-18,monitor_plan,,unscored,unscored,unscored,unscored,,,
19,sol-19,release_scope,,unscored,unscored,unscored,unscored,,,
19,sol-19,decision_rule,,unscored,unscored,unscored,unscored,,,
19,sol-19,corrected_limit,,unscored,unscored,unscored,unscored,,,
19,sol-19,cedar_result,,unscored,unscored,unscored,unscored,,,
19,sol-19,test_scope,,unscored,unscored,unscored,unscored,,,
19,sol-19,bay_measurement,,unscored,unscored,unscored,unscored,,,
19,sol-19,dependent_reports,,unscored,unscored,unscored,unscored,,,
19,sol-19,cedar_rollback,,unscored,unscored,unscored,unscored,,,
19,sol-19,bay_rollback,,unscored,unscored,unscored,unscored,,,
19,sol-19,approval_evidence,,unscored,unscored,unscored,unscored,,,
19,sol-19,approval_request,,unscored,unscored,unscored,unscored,,,
19,sol-19,monitor_plan,,unscored,unscored,unscored,unscored,,,
20,sol-20,release_scope,,unscored,unscored,unscored,unscored,,,
20,sol-20,decision_rule,,unscored,unscored,unscored,unscored,,,
20,sol-20,corrected_limit,,unscored,unscored,unscored,unscored,,,
20,sol-20,cedar_result,,unscored,unscored,unscored,unscored,,,
20,sol-20,test_scope,,unscored,unscored,unscored,unscored,,,
20,sol-20,bay_measurement,,unscored,unscored,unscored,unscored,,,
20,sol-20,dependent_reports,,unscored,unscored,unscored,unscored,,,
20,sol-20,cedar_rollback,,unscored,unscored,unscored,unscored,,,
20,sol-20,bay_rollback,,unscored,unscored,unscored,unscored,,,
20,sol-20,approval_evidence,,unscored,unscored,unscored,unscored,,,
20,sol-20,approval_request,,unscored,unscored,unscored,unscored,,,
20,sol-20,monitor_plan,,unscored,unscored,unscored,unscored,,,
21,sol-21,release_scope,,unscored,unscored,unscored,unscored,,,
21,sol-21,decision_rule,,unscored,unscored,unscored,unscored,,,
21,sol-21,corrected_limit,,unscored,unscored,unscored,unscored,,,
21,sol-21,cedar_result,,unscored,unscored,unscored,unscored,,,
21,sol-21,test_scope,,unscored,unscored,unscored,unscored,,,
21,sol-21,bay_measurement,,unscored,unscored,unscored,unscored,,,
21,sol-21,dependent_reports,,unscored,unscored,unscored,unscored,,,
21,sol-21,cedar_rollback,,unscored,unscored,unscored,unscored,,,
21,sol-21,bay_rollback,,unscored,unscored,unscored,unscored,,,
21,sol-21,approval_evidence,,unscored,unscored,unscored,unscored,,,
21,sol-21,approval_request,,unscored,unscored,unscored,unscored,,,
21,sol-21,monitor_plan,,unscored,unscored,unscored,unscored,,,
22,sol-22,release_scope,,unscored,unscored,unscored,unscored,,,
22,sol-22,decision_rule,,unscored,unscored,unscored,unscored,,,
22,sol-22,corrected_limit,,unscored,unscored,unscored,unscored,,,
22,sol-22,cedar_result,,unscored,unscored,unscored,unscored,,,
22,sol-22,test_scope,,unscored,unscored,unscored,unscored,,,
22,sol-22,bay_measurement,,unscored,unscored,unscored,unscored,,,
22,sol-22,dependent_reports,,unscored,unscored,unscored,unscored,,,
22,sol-22,cedar_rollback,,unscored,unscored,unscored,unscored,,,
22,sol-22,bay_rollback,,unscored,unscored,unscored,unscored,,,
22,sol-22,approval_evidence,,unscored,unscored,unscored,unscored,,,
22,sol-22,approval_request,,unscored,unscored,unscored,unscored,,,
22,sol-22,monitor_plan,,unscored,unscored,unscored,unscored,,,
23,sol-23,release_scope,,unscored,unscored,unscored,unscored,,,
23,sol-23,decision_rule,,unscored,unscored,unscored,unscored,,,
23,sol-23,corrected_limit,,unscored,unscored,unscored,unscored,,,
23,sol-23,cedar_result,,unscored,unscored,unscored,unscored,,,
23,sol-23,test_scope,,unscored,unscored,unscored,unscored,,,
23,sol-23,bay_measurement,,unscored,unscored,unscored,unscored,,,
23,sol-23,dependent_reports,,unscored,unscored,unscored,unscored,,,
23,sol-23,cedar_rollback,,unscored,unscored,unscored,unscored,,,
23,sol-23,bay_rollback,,unscored,unscored,unscored,unscored,,,
23,sol-23,approval_evidence,,unscored,unscored,unscored,unscored,,,
23,sol-23,approval_request,,unscored,unscored,unscored,unscored,,,
23,sol-23,monitor_plan,,unscored,unscored,unscored,unscored,,,
24,sol-24,release_scope,,unscored,unscored,unscored,unscored,,,
24,sol-24,decision_rule,,unscored,unscored,unscored,unscored,,,
24,sol-24,corrected_limit,,unscored,unscored,unscored,unscored,,,
24,sol-24,cedar_result,,unscored,unscored,unscored,unscored,,,
24,sol-24,test_scope,,unscored,unscored,unscored,unscored,,,
24,sol-24,bay_measurement,,unscored,unscored,unscored,unscored,,,
24,sol-24,dependent_reports,,unscored,unscored,unscored,unscored,,,
24,sol-24,cedar_rollback,,unscored,unscored,unscored,unscored,,,
24,sol-24,bay_rollback,,unscored,unscored,unscored,unscored,,,
24,sol-24,approval_evidence,,unscored,unscored,unscored,unscored,,,
24,sol-24,approval_request,,unscored,unscored,unscored,unscored,,,
24,sol-24,monitor_plan,,unscored,unscored,unscored,unscored,,,
25,sol-25,release_scope,,unscored,unscored,unscored,unscored,,,
25,sol-25,decision_rule,,unscored,unscored,unscored,unscored,,,
25,sol-25,corrected_limit,,unscored,unscored,unscored,unscored,,,
25,sol-25,cedar_result,,unscored,unscored,unscored,unscored,,,
25,sol-25,test_scope,,unscored,unscored,unscored,unscored,,,
25,sol-25,bay_measurement,,unscored,unscored,unscored,unscored,,,
25,sol-25,dependent_reports,,unscored,unscored,unscored,unscored,,,
25,sol-25,cedar_rollback,,unscored,unscored,unscored,unscored,,,
25,sol-25,bay_rollback,,unscored,unscored,unscored,unscored,,,
25,sol-25,approval_evidence,,unscored,unscored,unscored,unscored,,,
25,sol-25,approval_request,,unscored,unscored,unscored,unscored,,,
25,sol-25,monitor_plan,,unscored,unscored,unscored,unscored,,,
26,sol-26,release_scope,,unscored,unscored,unscored,unscored,,,
26,sol-26,decision_rule,,unscored,unscored,unscored,unscored,,,
26,sol-26,corrected_limit,,unscored,unscored,unscored,unscored,,,
26,sol-26,cedar_result,,unscored,unscored,unscored,unscored,,,
26,sol-26,test_scope,,unscored,unscored,unscored,unscored,,,
26,sol-26,bay_measurement,,unscored,unscored,unscored,unscored,,,
26,sol-26,dependent_reports,,unscored,unscored,unscored,unscored,,,
26,sol-26,cedar_rollback,,unscored,unscored,unscored,unscored,,,
26,sol-26,bay_rollback,,unscored,unscored,unscored,unscored,,,
26,sol-26,approval_evidence,,unscored,unscored,unscored,unscored,,,
26,sol-26,approval_request,,unscored,unscored,unscored,unscored,,,
26,sol-26,monitor_plan,,unscored,unscored,unscored,unscored,,,
27,sol-27,release_scope,,unscored,unscored,unscored,unscored,,,
27,sol-27,decision_rule,,unscored,unscored,unscored,unscored,,,
27,sol-27,corrected_limit,,unscored,unscored,unscored,unscored,,,
27,sol-27,cedar_result,,unscored,unscored,unscored,unscored,,,
27,sol-27,test_scope,,unscored,unscored,unscored,unscored,,,
27,sol-27,bay_measurement,,unscored,unscored,unscored,unscored,,,
27,sol-27,dependent_reports,,unscored,unscored,unscored,unscored,,,
27,sol-27,cedar_rollback,,unscored,unscored,unscored,unscored,,,
27,sol-27,bay_rollback,,unscored,unscored,unscored,unscored,,,
27,sol-27,approval_evidence,,unscored,unscored,unscored,unscored,,,
27,sol-27,approval_request,,unscored,unscored,unscored,unscored,,,
27,sol-27,monitor_plan,,unscored,unscored,unscored,unscored,,,
28,sol-28,release_scope,,unscored,unscored,unscored,unscored,,,
28,sol-28,decision_rule,,unscored,unscored,unscored,unscored,,,
28,sol-28,corrected_limit,,unscored,unscored,unscored,unscored,,,
28,sol-28,cedar_result,,unscored,unscored,unscored,unscored,,,
28,sol-28,test_scope,,unscored,unscored,unscored,unscored,,,
28,sol-28,bay_measurement,,unscored,unscored,unscored,unscored,,,
28,sol-28,dependent_reports,,unscored,unscored,unscored,unscored,,,
28,sol-28,cedar_rollback,,unscored,unscored,unscored,unscored,,,
28,sol-28,bay_rollback,,unscored,unscored,unscored,unscored,,,
28,sol-28,approval_evidence,,unscored,unscored,unscored,unscored,,,
28,sol-28,approval_request,,unscored,unscored,unscored,unscored,,,
28,sol-28,monitor_plan,,unscored,unscored,unscored,unscored,,,
29,sol-29,release_scope,,unscored,unscored,unscored,unscored,,,
29,sol-29,decision_rule,,unscored,unscored,unscored,unscored,,,
29,sol-29,corrected_limit,,unscored,unscored,unscored,unscored,,,
29,sol-29,cedar_result,,unscored,unscored,unscored,unscored,,,
29,sol-29,test_scope,,unscored,unscored,unscored,unscored,,,
29,sol-29,bay_measurement,,unscored,unscored,unscored,unscored,,,
29,sol-29,dependent_reports,,unscored,unscored,unscored,unscored,,,
29,sol-29,cedar_rollback,,unscored,unscored,unscored,unscored,,,
29,sol-29,bay_rollback,,unscored,unscored,unscored,unscored,,,
29,sol-29,approval_evidence,,unscored,unscored,unscored,unscored,,,
29,sol-29,approval_request,,unscored,unscored,unscored,unscored,,,
29,sol-29,monitor_plan,,unscored,unscored,unscored,unscored,,,
30,sol-30,release_scope,,unscored,unscored,unscored,unscored,,,
30,sol-30,decision_rule,,unscored,unscored,unscored,unscored,,,
30,sol-30,corrected_limit,,unscored,unscored,unscored,unscored,,,
30,sol-30,cedar_result,,unscored,unscored,unscored,unscored,,,
30,sol-30,test_scope,,unscored,unscored,unscored,unscored,,,
30,sol-30,bay_measurement,,unscored,unscored,unscored,unscored,,,
30,sol-30,dependent_reports,,unscored,unscored,unscored,unscored,,,
30,sol-30,cedar_rollback,,unscored,unscored,unscored,unscored,,,
30,sol-30,bay_rollback,,unscored,unscored,unscored,unscored,,,
30,sol-30,approval_evidence,,unscored,unscored,unscored,unscored,,,
30,sol-30,approval_request,,unscored,unscored,unscored,unscored,,,
30,sol-30,monitor_plan,,unscored,unscored,unscored,unscored,,,
31,sol-31,release_scope,,unscored,unscored,unscored,unscored,,,
31,sol-31,decision_rule,,unscored,unscored,unscored,unscored,,,
31,sol-31,corrected_limit,,unscored,unscored,unscored,unscored,,,
31,sol-31,cedar_result,,unscored,unscored,unscored,unscored,,,
31,sol-31,test_scope,,unscored,unscored,unscored,unscored,,,
31,sol-31,bay_measurement,,unscored,unscored,unscored,unscored,,,
31,sol-31,dependent_reports,,unscored,unscored,unscored,unscored,,,
31,sol-31,cedar_rollback,,unscored,unscored,unscored,unscored,,,
31,sol-31,bay_rollback,,unscored,unscored,unscored,unscored,,,
31,sol-31,approval_evidence,,unscored,unscored,unscored,unscored,,,
31,sol-31,approval_request,,unscored,unscored,unscored,unscored,,,
31,sol-31,monitor_plan,,unscored,unscored,unscored,unscored,,,
32,sol-32,release_scope,,unscored,unscored,unscored,unscored,,,
32,sol-32,decision_rule,,unscored,unscored,unscored,unscored,,,
32,sol-32,corrected_limit,,unscored,unscored,unscored,unscored,,,
32,sol-32,cedar_result,,unscored,unscored,unscored,unscored,,,
32,sol-32,test_scope,,unscored,unscored,unscored,unscored,,,
32,sol-32,bay_measurement,,unscored,unscored,unscored,unscored,,,
32,sol-32,dependent_reports,,unscored,unscored,unscored,unscored,,,
32,sol-32,cedar_rollback,,unscored,unscored,unscored,unscored,,,
32,sol-32,bay_rollback,,unscored,unscored,unscored,unscored,,,
32,sol-32,approval_evidence,,unscored,unscored,unscored,unscored,,,
32,sol-32,approval_request,,unscored,unscored,unscored,unscored,,,
32,sol-32,monitor_plan,,unscored,unscored,unscored,unscored,,,
33,sol-33,release_scope,,unscored,unscored,unscored,unscored,,,
33,sol-33,decision_rule,,unscored,unscored,unscored,unscored,,,
33,sol-33,corrected_limit,,unscored,unscored,unscored,unscored,,,
33,sol-33,cedar_result,,unscored,unscored,unscored,unscored,,,
33,sol-33,test_scope,,unscored,unscored,unscored,unscored,,,
33,sol-33,bay_measurement,,unscored,unscored,unscored,unscored,,,
33,sol-33,dependent_reports,,unscored,unscored,unscored,unscored,,,
33,sol-33,cedar_rollback,,unscored,unscored,unscored,unscored,,,
33,sol-33,bay_rollback,,unscored,unscored,unscored,unscored,,,
33,sol-33,approval_evidence,,unscored,unscored,unscored,unscored,,,
33,sol-33,approval_request,,unscored,unscored,unscored,unscored,,,
33,sol-33,monitor_plan,,unscored,unscored,unscored,unscored,,,
34,sol-34,release_scope,,unscored,unscored,unscored,unscored,,,
34,sol-34,decision_rule,,unscored,unscored,unscored,unscored,,,
34,sol-34,corrected_limit,,unscored,unscored,unscored,unscored,,,
34,sol-34,cedar_result,,unscored,unscored,unscored,unscored,,,
34,sol-34,test_scope,,unscored,unscored,unscored,unscored,,,
34,sol-34,bay_measurement,,unscored,unscored,unscored,unscored,,,
34,sol-34,dependent_reports,,unscored,unscored,unscored,unscored,,,
34,sol-34,cedar_rollback,,unscored,unscored,unscored,unscored,,,
34,sol-34,bay_rollback,,unscored,unscored,unscored,unscored,,,
34,sol-34,approval_evidence,,unscored,unscored,unscored,unscored,,,
34,sol-34,approval_request,,unscored,unscored,unscored,unscored,,,
34,sol-34,monitor_plan,,unscored,unscored,unscored,unscored,,,
35,sol-35,release_scope,,unscored,unscored,unscored,unscored,,,
35,sol-35,decision_rule,,unscored,unscored,unscored,unscored,,,
35,sol-35,corrected_limit,,unscored,unscored,unscored,unscored,,,
35,sol-35,cedar_result,,unscored,unscored,unscored,unscored,,,
35,sol-35,test_scope,,unscored,unscored,unscored,unscored,,,
35,sol-35,bay_measurement,,unscored,unscored,unscored,unscored,,,
35,sol-35,dependent_reports,,unscored,unscored,unscored,unscored,,,
35,sol-35,cedar_rollback,,unscored,unscored,unscored,unscored,,,
35,sol-35,bay_rollback,,unscored,unscored,unscored,unscored,,,
35,sol-35,approval_evidence,,unscored,unscored,unscored,unscored,,,
35,sol-35,approval_request,,unscored,unscored,unscored,unscored,,,
35,sol-35,monitor_plan,,unscored,unscored,unscored,unscored,,,
36,sol-36,release_scope,,unscored,unscored,unscored,unscored,,,
36,sol-36,decision_rule,,unscored,unscored,unscored,unscored,,,
36,sol-36,corrected_limit,,unscored,unscored,unscored,unscored,,,
36,sol-36,cedar_result,,unscored,unscored,unscored,unscored,,,
36,sol-36,test_scope,,unscored,unscored,unscored,unscored,,,
36,sol-36,bay_measurement,,unscored,unscored,unscored,unscored,,,
36,sol-36,dependent_reports,,unscored,unscored,unscored,unscored,,,
36,sol-36,cedar_rollback,,unscored,unscored,unscored,unscored,,,
36,sol-36,bay_rollback,,unscored,unscored,unscored,unscored,,,
36,sol-36,approval_evidence,,unscored,unscored,unscored,unscored,,,
36,sol-36,approval_request,,unscored,unscored,unscored,unscored,,,
36,sol-36,monitor_plan,,unscored,unscored,unscored,unscored,,,
37,sol-37,release_scope,,unscored,unscored,unscored,unscored,,,
37,sol-37,decision_rule,,unscored,unscored,unscored,unscored,,,
37,sol-37,corrected_limit,,unscored,unscored,unscored,unscored,,,
37,sol-37,cedar_result,,unscored,unscored,unscored,unscored,,,
37,sol-37,test_scope,,unscored,unscored,unscored,unscored,,,
37,sol-37,bay_measurement,,unscored,unscored,unscored,unscored,,,
37,sol-37,dependent_reports,,unscored,unscored,unscored,unscored,,,
37,sol-37,cedar_rollback,,unscored,unscored,unscored,unscored,,,
37,sol-37,bay_rollback,,unscored,unscored,unscored,unscored,,,
37,sol-37,approval_evidence,,unscored,unscored,unscored,unscored,,,
37,sol-37,approval_request,,unscored,unscored,unscored,unscored,,,
37,sol-37,monitor_plan,,unscored,unscored,unscored,unscored,,,
38,sol-38,release_scope,,unscored,unscored,unscored,unscored,,,
38,sol-38,decision_rule,,unscored,unscored,unscored,unscored,,,
38,sol-38,corrected_limit,,unscored,unscored,unscored,unscored,,,
38,sol-38,cedar_result,,unscored,unscored,unscored,unscored,,,
38,sol-38,test_scope,,unscored,unscored,unscored,unscored,,,
38,sol-38,bay_measurement,,unscored,unscored,unscored,unscored,,,
38,sol-38,dependent_reports,,unscored,unscored,unscored,unscored,,,
38,sol-38,cedar_rollback,,unscored,unscored,unscored,unscored,,,
38,sol-38,bay_rollback,,unscored,unscored,unscored,unscored,,,
38,sol-38,approval_evidence,,unscored,unscored,unscored,unscored,,,
38,sol-38,approval_request,,unscored,unscored,unscored,unscored,,,
38,sol-38,monitor_plan,,unscored,unscored,unscored,unscored,,,
39,sol-39,release_scope,,unscored,unscored,unscored,unscored,,,
39,sol-39,decision_rule,,unscored,unscored,unscored,unscored,,,
39,sol-39,corrected_limit,,unscored,unscored,unscored,unscored,,,
39,sol-39,cedar_result,,unscored,unscored,unscored,unscored,,,
39,sol-39,test_scope,,unscored,unscored,unscored,unscored,,,
39,sol-39,bay_measurement,,unscored,unscored,unscored,unscored,,,
39,sol-39,dependent_reports,,unscored,unscored,unscored,unscored,,,
39,sol-39,cedar_rollback,,unscored,unscored,unscored,unscored,,,
39,sol-39,bay_rollback,,unscored,unscored,unscored,unscored,,,
39,sol-39,approval_evidence,,unscored,unscored,unscored,unscored,,,
39,sol-39,approval_request,,unscored,unscored,unscored,unscored,,,
39,sol-39,monitor_plan,,unscored,unscored,unscored,unscored,,,
40,sol-40,release_scope,,unscored,unscored,unscored,unscored,,,
40,sol-40,decision_rule,,unscored,unscored,unscored,unscored,,,
40,sol-40,corrected_limit,,unscored,unscored,unscored,unscored,,,
40,sol-40,cedar_result,,unscored,unscored,unscored,unscored,,,
40,sol-40,test_scope,,unscored,unscored,unscored,unscored,,,
40,sol-40,bay_measurement,,unscored,unscored,unscored,unscored,,,
40,sol-40,dependent_reports,,unscored,unscored,unscored,unscored,,,
40,sol-40,cedar_rollback,,unscored,unscored,unscored,unscored,,,
40,sol-40,bay_rollback,,unscored,unscored,unscored,unscored,,,
40,sol-40,approval_evidence,,unscored,unscored,unscored,unscored,,,
40,sol-40,approval_request,,unscored,unscored,unscored,unscored,,,
40,sol-40,monitor_plan,,unscored,unscored,unscored,unscored,,,
41,sol-41,release_scope,,unscored,unscored,unscored,unscored,,,
41,sol-41,decision_rule,,unscored,unscored,unscored,unscored,,,
41,sol-41,corrected_limit,,unscored,unscored,unscored,unscored,,,
41,sol-41,cedar_result,,unscored,unscored,unscored,unscored,,,
41,sol-41,test_scope,,unscored,unscored,unscored,unscored,,,
41,sol-41,bay_measurement,,unscored,unscored,unscored,unscored,,,
41,sol-41,dependent_reports,,unscored,unscored,unscored,unscored,,,
41,sol-41,cedar_rollback,,unscored,unscored,unscored,unscored,,,
41,sol-41,bay_rollback,,unscored,unscored,unscored,unscored,,,
41,sol-41,approval_evidence,,unscored,unscored,unscored,unscored,,,
41,sol-41,approval_request,,unscored,unscored,unscored,unscored,,,
41,sol-41,monitor_plan,,unscored,unscored,unscored,unscored,,,
42,sol-42,release_scope,,unscored,unscored,unscored,unscored,,,
42,sol-42,decision_rule,,unscored,unscored,unscored,unscored,,,
42,sol-42,corrected_limit,,unscored,unscored,unscored,unscored,,,
42,sol-42,cedar_result,,unscored,unscored,unscored,unscored,,,
42,sol-42,test_scope,,unscored,unscored,unscored,unscored,,,
42,sol-42,bay_measurement,,unscored,unscored,unscored,unscored,,,
42,sol-42,dependent_reports,,unscored,unscored,unscored,unscored,,,
42,sol-42,cedar_rollback,,unscored,unscored,unscored,unscored,,,
42,sol-42,bay_rollback,,unscored,unscored,unscored,unscored,,,
42,sol-42,approval_evidence,,unscored,unscored,unscored,unscored,,,
42,sol-42,approval_request,,unscored,unscored,unscored,unscored,,,
42,sol-42,monitor_plan,,unscored,unscored,unscored,unscored,,,
43,sol-43,release_scope,,unscored,unscored,unscored,unscored,,,
43,sol-43,decision_rule,,unscored,unscored,unscored,unscored,,,
43,sol-43,corrected_limit,,unscored,unscored,unscored,unscored,,,
43,sol-43,cedar_result,,unscored,unscored,unscored,unscored,,,
43,sol-43,test_scope,,unscored,unscored,unscored,unscored,,,
43,sol-43,bay_measurement,,unscored,unscored,unscored,unscored,,,
43,sol-43,dependent_reports,,unscored,unscored,unscored,unscored,,,
43,sol-43,cedar_rollback,,unscored,unscored,unscored,unscored,,,
43,sol-43,bay_rollback,,unscored,unscored,unscored,unscored,,,
43,sol-43,approval_evidence,,unscored,unscored,unscored,unscored,,,
43,sol-43,approval_request,,unscored,unscored,unscored,unscored,,,
43,sol-43,monitor_plan,,unscored,unscored,unscored,unscored,,,
44,sol-44,release_scope,,unscored,unscored,unscored,unscored,,,
44,sol-44,decision_rule,,unscored,unscored,unscored,unscored,,,
44,sol-44,corrected_limit,,unscored,unscored,unscored,unscored,,,
44,sol-44,cedar_result,,unscored,unscored,unscored,unscored,,,
44,sol-44,test_scope,,unscored,unscored,unscored,unscored,,,
44,sol-44,bay_measurement,,unscored,unscored,unscored,unscored,,,
44,sol-44,dependent_reports,,unscored,unscored,unscored,unscored,,,
44,sol-44,cedar_rollback,,unscored,unscored,unscored,unscored,,,
44,sol-44,bay_rollback,,unscored,unscored,unscored,unscored,,,
44,sol-44,approval_evidence,,unscored,unscored,unscored,unscored,,,
44,sol-44,approval_request,,unscored,unscored,unscored,unscored,,,
44,sol-44,monitor_plan,,unscored,unscored,unscored,unscored,,,
45,sol-45,release_scope,,unscored,unscored,unscored,unscored,,,
45,sol-45,decision_rule,,unscored,unscored,unscored,unscored,,,
45,sol-45,corrected_limit,,unscored,unscored,unscored,unscored,,,
45,sol-45,cedar_result,,unscored,unscored,unscored,unscored,,,
45,sol-45,test_scope,,unscored,unscored,unscored,unscored,,,
45,sol-45,bay_measurement,,unscored,unscored,unscored,unscored,,,
45,sol-45,dependent_reports,,unscored,unscored,unscored,unscored,,,
45,sol-45,cedar_rollback,,unscored,unscored,unscored,unscored,,,
45,sol-45,bay_rollback,,unscored,unscored,unscored,unscored,,,
45,sol-45,approval_evidence,,unscored,unscored,unscored,unscored,,,
45,sol-45,approval_request,,unscored,unscored,unscored,unscored,,,
45,sol-45,monitor_plan,,unscored,unscored,unscored,unscored,,,
46,sol-46,release_scope,,unscored,unscored,unscored,unscored,,,
46,sol-46,decision_rule,,unscored,unscored,unscored,unscored,,,
46,sol-46,corrected_limit,,unscored,unscored,unscored,unscored,,,
46,sol-46,cedar_result,,unscored,unscored,unscored,unscored,,,
46,sol-46,test_scope,,unscored,unscored,unscored,unscored,,,
46,sol-46,bay_measurement,,unscored,unscored,unscored,unscored,,,
46,sol-46,dependent_reports,,unscored,unscored,unscored,unscored,,,
46,sol-46,cedar_rollback,,unscored,unscored,unscored,unscored,,,
46,sol-46,bay_rollback,,unscored,unscored,unscored,unscored,,,
46,sol-46,approval_evidence,,unscored,unscored,unscored,unscored,,,
46,sol-46,approval_request,,unscored,unscored,unscored,unscored,,,
46,sol-46,monitor_plan,,unscored,unscored,unscored,unscored,,,
47,sol-47,release_scope,,unscored,unscored,unscored,unscored,,,
47,sol-47,decision_rule,,unscored,unscored,unscored,unscored,,,
47,sol-47,corrected_limit,,unscored,unscored,unscored,unscored,,,
47,sol-47,cedar_result,,unscored,unscored,unscored,unscored,,,
47,sol-47,test_scope,,unscored,unscored,unscored,unscored,,,
47,sol-47,bay_measurement,,unscored,unscored,unscored,unscored,,,
47,sol-47,dependent_reports,,unscored,unscored,unscored,unscored,,,
47,sol-47,cedar_rollback,,unscored,unscored,unscored,unscored,,,
47,sol-47,bay_rollback,,unscored,unscored,unscored,unscored,,,
47,sol-47,approval_evidence,,unscored,unscored,unscored,unscored,,,
47,sol-47,approval_request,,unscored,unscored,unscored,unscored,,,
47,sol-47,monitor_plan,,unscored,unscored,unscored,unscored,,,
48,sol-48,release_scope,,unscored,unscored,unscored,unscored,,,
48,sol-48,decision_rule,,unscored,unscored,unscored,unscored,,,
48,sol-48,corrected_limit,,unscored,unscored,unscored,unscored,,,
48,sol-48,cedar_result,,unscored,unscored,unscored,unscored,,,
48,sol-48,test_scope,,unscored,unscored,unscored,unscored,,,
48,sol-48,bay_measurement,,unscored,unscored,unscored,unscored,,,
48,sol-48,dependent_reports,,unscored,unscored,unscored,unscored,,,
48,sol-48,cedar_rollback,,unscored,unscored,unscored,unscored,,,
48,sol-48,bay_rollback,,unscored,unscored,unscored,unscored,,,
48,sol-48,approval_evidence,,unscored,unscored,unscored,unscored,,,
48,sol-48,approval_request,,unscored,unscored,unscored,unscored,,,
48,sol-48,monitor_plan,,unscored,unscored,unscored,unscored,,,
49,sol-49,release_scope,,unscored,unscored,unscored,unscored,,,
49,sol-49,decision_rule,,unscored,unscored,unscored,unscored,,,
49,sol-49,corrected_limit,,unscored,unscored,unscored,unscored,,,
49,sol-49,cedar_result,,unscored,unscored,unscored,unscored,,,
49,sol-49,test_scope,,unscored,unscored,unscored,unscored,,,
49,sol-49,bay_measurement,,unscored,unscored,unscored,unscored,,,
49,sol-49,dependent_reports,,unscored,unscored,unscored,unscored,,,
49,sol-49,cedar_rollback,,unscored,unscored,unscored,unscored,,,
49,sol-49,bay_rollback,,unscored,unscored,unscored,unscored,,,
49,sol-49,approval_evidence,,unscored,unscored,unscored,unscored,,,
49,sol-49,approval_request,,unscored,unscored,unscored,unscored,,,
49,sol-49,monitor_plan,,unscored,unscored,unscored,unscored,,,
50,sol-50,release_scope,,unscored,unscored,unscored,unscored,,,
50,sol-50,decision_rule,,unscored,unscored,unscored,unscored,,,
50,sol-50,corrected_limit,,unscored,unscored,unscored,unscored,,,
50,sol-50,cedar_result,,unscored,unscored,unscored,unscored,,,
50,sol-50,test_scope,,unscored,unscored,unscored,unscored,,,
50,sol-50,bay_measurement,,unscored,unscored,unscored,unscored,,,
50,sol-50,dependent_reports,,unscored,unscored,unscored,unscored,,,
50,sol-50,cedar_rollback,,unscored,unscored,unscored,unscored,,,
50,sol-50,bay_rollback,,unscored,unscored,unscored,unscored,,,
50,sol-50,approval_evidence,,unscored,unscored,unscored,unscored,,,
50,sol-50,approval_request,,unscored,unscored,unscored,unscored,,,
50,sol-50,monitor_plan,,unscored,unscored,unscored,unscored,,,
