page_digest,attributed_revisions,snapshot_reference_revisions,fresh_reference_revisions
89159a9f857c8045,2,1,1
a0ef0f81d1c6e4c1,4,0,0
dd42c569e70e979c,19,0,0
827f42a421cab383,1,0,0
c06899afb7807dab,1,1,1
3eb592c955dcce44,2,0,0
f9133d03cd0551c3,2,1,0
8afaedd5cb35fbec,1,0,0
f40c91edab8485ce,1,0,0
06ad8a89b3aefcd4,1,0,0
461c70a438768451,1,0,0
64ee6c57fedd1a60,1,0,0
2447815a0703869c,1,0,0
8272cc5da2ba249f,1,0,0
fe51bf10f5d4d45f,1,0,0
c632ea91961bc268,2,0,0
2954f92751d4faf0,1,1,1
85818ab97974a8fe,1,0,0
717059c39e7ae765,1,0,0
5c0b1a6a0823831d,1,0,0
bb60d158cb25e727,1,0,0
29327d9b961e9d51,2,0,0
44ed473735c3dc49,1,0,0
2cd05e1243987999,1,0,0
d944c57aee747e66,1,0,0
dcc7a153cf467732,6,0,0
ea37b6dceec16b29,1,0,0
e14fe06276271099,2,0,0
0977ad69a46c81ba,1,1,1
bbd0ca5aa6db8103,1,0,0
f5d7bc879e84717e,1,0,0
a60e1292b57ca35c,1,1,1
894aa5a111665cd7,1,0,0
9d8fee121281ff2e,5,0,0
fe651080c687f8bc,1,0,0
5490cf9859710d1a,3,3,1
2f4d788d37d47fcd,1,0,0
1e5279558f20557a,1,1,1
c3e5ae6c2cd380e3,1,1,1
2bcf8dc9f49ad4e0,1,0,0
dfbc085d62bfbacb,1,0,0
dc9941f4acb65516,1,0,0
627e3c380f8db526,1,0,0
e29786fae918af1f,22,9,6
95ca0ef8a26abf70,8,4,1
6b9be43cdf4ec34d,1,1,1
f9b48270689f8447,1,0,0
e09344c0bbbea12a,1,0,0
4bdd46af67227743,1,1,1
9c112d95cc182737,1,1,1
4cdc844a89ccf789,1,0,0
9744cbdd674deb28,2,0,0
5744d64a91b5d3ae,2,2,2
d439eac3756748c4,1,0,0
fba21ab3543de8dd,2,0,0
3c57b0918adb1882,1,0,0
e164e717b6684147,1,0,0
857a8a3275da4096,1,1,1
08fda0271db15be5,1,0,0
6181800f79d05f6e,1,0,0
41842e3813948e8e,1,1,1
141a819cce59ed74,1,1,1
8560a1f0c2f47962,1,0,0
f0d182da19e53850,1,0,0
3617d9dd1d38e445,2,1,1
0ee4f808e97944d9,12,3,3
ad5b13afb7be290c,1,1,1
ee4a84f60ae9814b,1,0,0
358daba3cacd976a,1,0,0
221c4ad46a9fa5b1,1,0,0
f52e6a519615d293,1,0,0
b50e5f8128ee02e1,1,0,0
28beee9797039c24,5,0,0
b38b4487c8dc5ec2,1,0,0
bc4637a01e35c05b,1,0,0
6bcf0c3b02887e0e,1,0,0
83095730f34fe541,4,0,0
2d230ac8900fd30d,2,1,1
c473b22c3125409e,2,0,0
8fd44f9214aa0815,2,0,0
9ea25997ff767297,1,0,0
b3b44135f2b20cc6,1,1,1
f0db4485e2e26357,1,0,0
da6e4acfd3e4044b,1,0,0
684759258f978a46,1,0,0
925145ec5d381634,1,0,0
39d9da4b48340b01,2,0,0
a03e4ca5870ec034,1,0,0
5c8bbff63d605785,8,0,0
8d7cbaf32c828c4b,5,0,0
127391f3ac6c0bb5,1,0,0
7c7459543b12370a,1,0,0
979beda06c1d108f,2,0,0
c01cd927f6e1d7a5,1,0,0
017b8ddd16085d0d,1,0,0
87a4110f10fbfcc9,1,0,0
dc1f7da18ce538aa,1,0,0
8e54e9232c5fc4d5,2,0,0
3df400f752353d21,1,0,0
9a7a0a5a1be4f1aa,2,0,0
d60b461cc8f263ac,1,0,0
c89709447cbbe8cf,1,0,0
e141d8cc10278cf0,1,1,1
66b40dc1afaafd52,1,1,1
337042339dedc705,5,4,1
3ee680e8bb7ac5aa,1,0,0
5b2171efc927e693,1,0,0
90afa8887ea203bc,3,2,0
207d37bcdb56a99f,2,2,1
e0556cdc9311d8f0,1,1,1
08f6458f80920e0c,1,0,0
42eb6d50cd82ec20,5,1,1
cd51c1364f6f0822,1,0,0
fe8452720720918c,4,2,1
743da248cc081626,4,0,0
e7c8122e163067a9,2,0,0
2cbdb94c2672b9b2,1,0,0
f4dbc1ce2bc32edb,1,1,1
f0b15da24b6dbb87,1,0,0
4a1a0ed7cebd9111,1,0,0
408e58fe29ddbb7c,3,0,0
314c62571146607a,3,0,0
640231a72867f741,3,0,0
56e2ae95e42980d3,7,0,0
d66f5b68cb412597,4,0,0
b9304a65cf593f19,1,0,0
1426fc1b7192d604,2,0,0
3145d8a845914cba,1,0,0
e7a792770c3e25ed,1,1,1
ad0e04b14b0fc318,1,0,0
298d3eda7dbece93,1,0,0
871844d80d53c4a2,5,1,1
af490a8d85d6ab37,1,0,0
2bb2450920376e12,2,0,0
48447e04067b6e51,1,0,0
0caaf27efe71cd01,1,0,0
b3f67023d79b549e,1,0,0
4b2db8a20a9bc064,1,0,0
518f2734f50d3233,1,0,0
c593cfd4d67742f5,1,0,0
0c2dfd3e1fbae3fe,3,0,0
1fcaa897a2569344,7,0,0
2c17f3883b797d02,1,0,0
b8acb35814116c5e,1,0,0
fa3d1f095e97f6ae,1,0,0
16525908aca2689a,1,0,0
fcea457919a7e691,1,0,0
93a646c042522103,1,0,0
4c1fa009b3325ac5,2,0,0
c22ee3fc7c49cc05,1,0,0
aa1dd09552da8db5,1,0,0
d16f9d688e0be708,1,1,1
b32b83cd6238ac3d,1,0,0
cc3397d729226c11,1,0,0
85fc36b359c2df18,1,0,0
9011fdb51f086955,2,2,1
695d4df15110d683,9,2,1
d3e81fa9f71d8467,1,0,0
c06f0efeda1ea830,1,0,0
ea245d963fc2f554,1,0,0
2ea7bb78798db575,1,1,1
21dfcf67684aa256,1,0,0
2686f1d370428b54,2,0,0
44d096cc2085e549,1,0,0
d2219ca8de6286f7,1,0,0
729a39173021ed02,1,0,0
1ed04491a258953d,1,0,0
bac36dc3c8550716,2,0,0
b9131b820326593a,1,0,0
35e040228b847baa,1,0,0
36e1e3e7cf166451,1,0,0
1c30a613a1f8c2c4,3,1,1
ceed368d63c4a29b,2,1,1
85400267b5ccc7da,9,4,4
a433bf5b933ead58,1,0,0
3c8ec4a252890190,1,0,0
c4a581bb87818c11,2,0,0
6c08d6eeda68daea,1,0,0
70fdfcf00bae7771,1,0,0
bade27e863fe5aac,1,0,0
885ae6bd6f995f87,1,0,0
6b52a9c60d18888e,1,0,0
2c34f2eddffaba21,1,0,0
392ddc2a3bf434ac,1,0,0
4c73761c5edca396,2,0,0
97dd8d296530e3fd,2,0,0
65128df5f31b6e90,1,0,0
245cb9618f76f608,1,0,0
b4acd73916195035,1,0,0
24d70b52fd5d4788,1,1,1
a77fe688995c24d4,2,0,0
324f73e827ce42da,1,0,0
7a71639817d8c8e2,1,0,0
ea027f7f1f608470,1,0,0
2681e81871793003,2,0,0
2e06f8b2a157dd6c,1,0,0
432610f435722640,2,1,1
b0e535209495d222,2,2,2
044bfb8bcee432d0,1,0,0
597eb8ca97db2209,4,0,0
949a55bd132e6e99,1,0,0
34343c5966e77e61,2,0,0
0562d01341806a9a,1,0,0
ad7188f2b7725463,57,20,8
d51806159c3fb3a7,6,0,0
f9b3f071cfdcb10c,1,0,0
e2a75647830caa7f,1,0,0
5125c53b54391e17,3,3,2
048dc8f79dc4d696,2,0,0
82f80e9c630a66ae,5,0,0
76842741a1d262ce,1,0,0
01521b36920bf8d5,1,0,0
e652fbb2cbc087ed,1,0,0
f238c5b6e6cd3311,1,0,0
96e8356e1fd7ff10,1,0,0
5a7970a9d23c504c,2,0,0
bd8ba0388fa6ae5f,1,0,0
085ae3f5bacd10b2,2,1,1
a5501c5f62186e1d,2,2,2
c917ea9bb5206737,1,0,0
0b78a80f2e8f08a6,1,1,1
895f98930e6ad143,1,0,0
a5f144d10c0c02ee,1,1,1
866c340343b44b5e,1,1,1
889de0b1cdb7252c,24,5,4
36e9962882c59bfe,1,0,0
9cbc7bd597d04394,1,0,0
f02dd032548966dc,1,0,0
72038dfd5dc0f687,2,0,0
b85fb33dd5a4d5b1,1,0,0
6fe8382363e1df50,2,0,0
5907a1e3b3115dcd,1,0,0
10c2718a6a4c5742,1,0,0
a5137bf8c0b2554f,1,0,0
a8068b12e4c74f94,1,0,0
ffa21de819708459,1,0,0
91f7027fc7da30b5,3,0,0
86335c328804c749,2,0,0
9e2880e1f61ab6ef,2,1,1
ae3f928d8dbedb65,2,0,0
2a679800b4e51bcd,1,0,0
b6362f8d56cfdc34,1,0,0
b3daf8114062d185,1,0,0
9ab7c14db019b415,1,0,0
2810534f66eb50a7,1,0,0
96794c905f2819dc,1,0,0
63e18bbc780bbe9f,1,0,0
522e34aafc8c255d,1,0,0
ceee9c72a4a305b0,1,0,0
5bfb901d92c6017a,1,0,0
39a347050a1205d6,1,0,0
726279117a9dc0f0,1,0,0
531e81e4a355a5ab,1,0,0
e21f41c8b7496a87,1,0,0
9dfbdf08d270cc1c,1,0,0
d99faf32d740251c,1,0,0
a63c72a873ffdb79,1,0,0
2560e107b1e67e58,2,0,0
8ffcaa888cb0a7d8,1,0,0
4ac84f5462a626d6,1,0,0
1a14565112d028ef,2,0,0
7d8c21492ee1c78f,3,0,0
68d012fa5cea3b26,1,0,0
d09d44644aaf19ea,2,0,0
14a0e5cd05d03676,1,0,0
427db05a3552543e,1,0,0
1a0317fde565af23,1,0,0
e20dd86ae3fb3fc1,1,0,0
b2aa8f13fad5265b,1,0,0
bfe9690b2164fa24,1,0,0
bf9319120ac0e07a,1,0,0
75798b14d0ddddca,2,0,0
9f1d1080682e27bc,1,0,0
804fb6ceb617de02,3,0,0
4d5f53f056df60ca,2,0,0
a73e406de75493a2,5,0,0
b6939479871917c0,3,0,0
a36904ae8fee34c5,2,0,0
9b0961612350e3f9,1,0,0
9fa8deb75148111f,1,1,1
c19d6968c114aa8f,1,0,0
9f1d847f64ddaa9d,1,0,0
3006401acff1ed6f,16,9,3
f7c5162521f0fa7d,1,0,0
a2057c21e5928627,1,0,0
ec8b3df274e81480,1,0,0
d3dcb598c220dfbe,1,0,0
57843bbef0940b12,1,0,0
2003b23e70a6c901,1,0,0
f97f3c903ad794e5,1,0,0
8a5a5bf7dca8574c,1,0,0
e3c7c55cfcdd5968,1,0,0
fc675b25f28e5007,1,0,0
615debbd2a0245f4,23,20,4
45147016d58b09ec,3,1,1
5e4ef0a51cafde53,1,0,0
7f7cdb9c72708d1e,2,1,1
571b7b3b2a36d268,4,2,1
c2ccb47cb863fbbd,2,2,1
bdf04402dbc41f22,1,0,0
1075ca23f25ba9bc,1,0,0
6a62de2ecb561300,1,0,0
c2a0759664c86cf1,1,0,0
40342be02c269955,1,0,0
4a756783552f604c,1,0,0
bc280e508a3daf8f,1,0,0
4b46cb885f02adcd,1,0,0
db1096c8e157c4a1,2,1,1
74f22aa3fed253a5,1,0,0
efc8b4d13988958a,1,0,0
c1aed9704754acba,1,0,0
a346aa12a629803e,1,0,0
c911ae83e6e70f18,1,0,0
582c4337f688b79c,1,0,0
82ef8af88027667a,1,0,0
cc633c5ce9276519,1,0,0
f749c7c7cd997f0d,1,0,0
c67c8cd65dc426b7,1,0,0
f32d4633d2def504,1,0,0
b499007fb34bc4af,2,0,0
185c851fb721730f,1,0,0
7f9fded8931bcf95,1,0,0
9afb37f5ffa7cca8,1,0,0
d28b6b1901a4ddef,3,0,0
88fff616bf0d422b,1,0,0
46b83f72dcf6680e,1,0,0
fe40aaade2e670cc,1,0,0
52a26d504f3dcaf2,1,0,0
767de8ec4e5c9c51,1,0,0
a92bb881fd9f39f8,1,0,0
05729754f6ec452c,1,0,0
c43f100ea7fa6d05,1,0,0
0d6077182c9f6545,1,0,0
8aa437299746d0a8,1,0,0
93965f3845af6874,1,0,0
19c201e6c934d4b4,1,0,0
cc31eb3b77b24c0e,1,0,0
51db08e183c4302f,1,0,0
35ac8f8bee21d2e1,2,0,0
9b226f67cc4d4780,1,0,0
078cdd102b36a7b4,1,0,0
fd47fb947d640a9e,1,0,0
66442682e373421d,1,0,0
f3234fcbd5e5f01e,1,0,0
388e9fa3f4974a54,1,0,0
bf68b6286ed49516,1,0,0
0648d8e20716e872,2,0,0
4dc8734f593eb7a3,1,0,0
f0eaddfe40cf4156,1,0,0
e0d0b6fd98875953,1,0,0
baf28d34af234d13,1,0,0
2f89fa3e6a11cd5c,1,0,0
e3e2c0805ffc77fc,2,0,0
5953db8cb0d1f9fb,1,0,0
5d4d154264668175,1,0,0
b73a5f69b4e7380c,1,0,0
8ac39e9352aabf83,1,0,0
03e5099c8a183a59,3,0,0
bdf39eb5e2e09969,1,0,0
fcf9a6035754d44b,1,0,0
250ca69aaf74843d,1,0,0
28caa1b3816cc60e,1,0,0
fb8146bc9f7e10fb,1,0,0
9ed02c54044b93fc,1,0,0
a504576d696a05bc,1,0,0
4554a70b4e119072,1,0,0
5f2c6cbc74f1f133,2,1,1
1755732fd1f12e41,1,0,0
7448cc5e4c02c6c8,1,0,0
5c59486db0a9a6ed,1,0,0
5e3ea2ef6b723696,1,0,0
ee9b690a5780b7a1,1,0,0
50ef0c165b2e328e,1,0,0
af3529c4a7116455,1,0,0
76e60cf87b5556f8,1,0,0
ef378571363671b5,1,0,0
466b21faf353ddb4,1,0,0
c28832ddecf60721,1,0,0
28c47710a088affc,1,0,0
9dc9f31eb9ce689f,1,0,0
d9fbdb29f679ad50,1,0,0
442f235fd2cb4ed1,1,1,1
95682e27e785dcdb,1,0,0
10542e28d9c76bc6,1,0,0
623305f7dd239281,2,1,1
8800051bc5bf863d,1,0,0
9a70df827deca2d4,1,0,0
2a7088f21e753401,1,0,0
8765cd80373121f6,1,0,0
eccde66a85ea004b,1,0,0
32a5538e6e082f50,1,0,0
5ec4f4feb1e0939c,1,0,0
e7bbf957e2085e19,1,0,0
a42c40a03636dce6,1,0,0
49c53079b54d1f1a,14,0,0
a109440df2d64456,1,0,0
83fd2c311f8ecabf,1,0,0
fe074117add64aca,1,0,0
58de00c6f7dc5a1f,2,0,0
08e9c29495eb5ec2,1,0,0
7bad203bb1dd806c,1,0,0
ae71c7657a2bcb5c,2,1,1
3517e7e95603b829,1,0,0
0c857d6207ac41fe,1,0,0
3626cb87e5fe7a7c,1,0,0
ea7a5cb6dbd041f6,2,1,1
41e982bd0636aa0c,2,0,0
a6d760c3023a02b2,1,0,0
a47242213d7c8f70,1,0,0
e04c0bb1634dc42f,1,1,1
a928fc78363547c2,2,0,0
fedcf28f73b7afe3,1,1,1
6ed4346f4f9ca359,51,20,16
c45c80be50add571,3,1,1
a262edbe26a3d260,1,1,1
c4ce85555f00b026,6,4,4
1794f90aa86d0e18,1,1,1
d39ae465de4e6002,12,3,2
29d27d50228c5bd9,24,2,2
06b24d2de1514963,6,4,2
3c0aed73acefb697,1,0,0
1b01f86361446416,1,0,0
bdb244b40a3a27a6,1,0,0
475aeb2906b21c36,1,0,0
afc2e01e148f8058,1,0,0
1f1861684702d8a6,1,0,0
d3dead0a34df7932,1,0,0
4d90de19ac538539,1,1,1
e710285ee987d5b7,1,0,0
d2027fc97a3746f0,16,1,1
56f9e7b0fb935559,1,1,1
2d3b19bf9e61b701,1,0,0
4335eaeeb4989ff3,1,0,0
df74e9f03d230638,1,0,0
9c7caa4f5faab857,2,0,0
3ba8d8cd424c99df,2,0,0
fd426ef13643102b,1,0,0
6358fcd2369eec37,3,0,0
a5aafd1463933649,1,0,0
92ce21c073d4b5f9,1,0,0
54ad84370a62a02b,1,0,0
7dc54776183865b7,1,0,0
c7cd2590079ab8cd,1,0,0
ab7161a217ff5ba6,1,1,1
59a9dca36b99c839,1,0,0
3f630e681a047efa,1,0,0
119ffe10166d1bc2,1,0,0
d3a2e6df2372edea,1,0,0
23407dad9cab8b59,1,0,0
63131028faa33396,1,0,0
1a56c7dbbb29ce08,1,0,0
3e074bb944c0eac7,1,0,0
c90a1813bc1ec32f,1,0,0
5ea5da57d211e82e,1,0,0
0a290393aa181577,1,0,0
e956cc3eb6b53442,1,0,0
2b322780ae340375,2,0,0
42302e1f184f2579,1,0,0
0e01621ea462b951,1,0,0
aa7dd31b424fe372,1,1,1
8b76a9076dd04636,1,0,0
26d54f52e99f5e27,2,0,0
665d8fd64699f0ff,2,0,0
2d7b8cf97ebdbde1,2,0,0
7e5ead214878fb9c,1,0,0
65c72fa8a20f595c,1,0,0
c123dbec5c2eabbb,1,0,0
36ab3b2359ed88c9,1,0,0
58abf37b697dfdce,1,0,0
0690521112590044,1,0,0
2f6ce9614fa1182e,1,0,0
2623fb6393285acd,1,0,0
5f18d699b7e7d4b5,1,0,0
3198b5356c0952af,1,0,0
941d4aa6f11cc45c,1,0,0
28aa0a73d21a17ff,1,0,0
286bec8d580332d4,1,0,0
128c686b357bb4d6,2,0,0
f0f08acfc243c624,1,0,0
c8326a7705f53c30,1,0,0
0ee56bf8f5799216,1,0,0
c4da07c3b021b1a9,1,0,0
a539a4eeb622b351,1,0,0
f8bef0a532c37ccd,1,0,0
fc0836dcafb0b4e9,1,0,0
b19a4e0adb47d787,1,0,0
cd12f8fcef70a1b3,1,0,0
74725a5f5504efd0,3,0,0
9e5f6edea291551a,1,0,0
3047f6ccfe69d572,3,1,0
9203d920506b5d5e,3,0,0
3f2919b9fb911d4f,2,0,0
28ed1b3cdcb1c886,1,0,0
5093e16ec53a1d86,1,0,0
4674a1e692218385,1,1,1
03bd0e8ed4a14986,1,0,0
b9c6f191bddc5f81,1,0,0
d2c759d90cff7dc4,3,3,1
71f53126fac902de,1,0,0
88d5fc1d75266d09,1,0,0
8d5746d1e81ea727,1,0,0
cfc99d04c56e5994,1,0,0
bc5432e69245c94c,6,0,0
7ecac9c6b4dcf094,2,0,0
fccb3e12d1d86fa5,2,0,0
6a168e3f7ead6d66,1,0,0
f33868ffb48a45bd,1,0,0
3b4bad984ffb76b7,1,0,0
2a3b3c478437b2ea,1,0,0
ceed2da4370785fa,10,0,0
a5f61da712bdb325,1,0,0
4d886c792ff05469,1,0,0
20a378b3b34fb1d5,1,0,0
268c23d4e5a19726,1,0,0
57ecb75b13cf30af,1,0,0
b9fe80aa2e614b61,1,1,1
c84068d37b4fd27d,1,1,1
f8e682dc0205c4e6,1,1,1
dd3953dd3c9c0566,1,1,1
672b16ee9e868327,1,1,1
b838ccdc8d451669,1,1,1
5e94ada8efcaf451,1,1,1
c37953cc9df28d8c,1,1,1
4f1207d1d83bd4e6,1,1,1
68f5c63d6155d748,1,1,1
a69c34ca93992a2a,1,1,1
3024cd48cf1057ea,1,1,1
6766f89c90b2585d,2,0,0
4d505fc21f4a61a2,2,0,0
6170934efc709256,1,0,0
d3a12126dda918e1,1,0,0
72fc1d3833c276aa,1,0,0
3b00b95b6aef6f9a,4,0,0
37535d19e5d48ce2,1,0,0
7c79d939435935f7,1,1,1
ad383d49636f52dd,2,0,0
4937759ecdae3631,3,1,1
230321cfaf86793b,1,0,0
e25b80c915a6a103,1,0,0
99b6973e001aa0ce,1,0,0
e8829fca1cec7dae,13,10,1
5f49dbacede442c2,1,0,0
45fec80f220c7028,1,0,0
a1e77723820e36ba,1,0,0
73862995b0ae7ea1,1,0,0
0f0b834c9fc421fe,1,0,0
e34acf34fc27548b,7,0,0
e5939fbc1e783216,3,1,0
07b861e05bf8cdb7,1,0,0
52cb8f17796a46cc,1,0,0
30afc43894d98f24,1,0,0
d933c43c7c723bc2,1,0,0
d874fa444a1abd86,1,0,0
d7c9d79bf032f8ad,1,0,0
66d573a41fee6f12,9,1,1
d8e146041f35b66e,11,0,0
4f0331b8d552923e,3,3,1
b9dba833f3ab4e3e,1,0,0
eeafe7f7e8941281,3,0,0
cf02903d3b678b16,1,0,0
6ec3f5822eb64bb1,3,0,0
718f3b3d3d58df6c,1,0,0
6257ea29fe6211a7,1,0,0
dbda84ec2147e647,1,0,0
aae62a4b472c86e0,3,3,1
f037ebf76953f0e3,1,0,0
5450ac2cb4b2e24b,3,2,1
da20ed0d825f5154,2,0,0
cb0ab591e62f57d9,4,0,0
aab5c2f3938e28c1,1,0,0
247d6a5b78632a6a,7,4,4
16fd97a6d605d7df,4,1,1
58116155f3b6fbca,26,0,0
c9fd678b588cf9a1,1,0,0
e0e0a87075274397,4,0,0
1900ecc8fa39d9b5,2,0,0
d6aad650fcbc5e8f,2,0,0
737e5f1ca4c936e4,1,0,0
138bbae38db24f26,4,0,0
169492c237d54393,1,1,1
821ab97411f0da1c,2,0,0
01798f72e0bbf95c,1,0,0
8a2d378c5390b17d,1,0,0
155de81dc680427e,1,0,0
681efc17a629f66d,1,0,0
9b31050eeffdf1a6,1,0,0
fcba5fb5f6bc53b1,1,0,0
e49025dce08faa30,1,0,0
2d0a0e026dfe39de,1,0,0
b9d4e195d7fe367a,1,0,0
3414ba8b784d7b94,2,0,0
384aa887d3d01e16,1,0,0
b334c45775b33d78,1,1,1
3821cb44f2475c59,1,0,0
fb3d55e61c93f761,1,0,0
742cf8968974aa7b,1,0,0
1cdedeb15995f2bf,1,0,0
86807afb2aef5812,1,1,1
8e9bbb11f32819e1,1,0,0
32dba087acc516a1,2,0,0
c5d492316a8028cf,4,2,1
2dd99597313c5be2,1,0,0
52cccddaba0ee3d2,1,0,0
72d1441a50c0a0f2,1,0,0
8e94f141d095a331,1,0,0
3f89c6ff26ba6f1f,1,0,0
293517a10fc2303c,4,0,0
1a9fcb195b90590d,1,0,0
e29b098445991e0d,1,0,0
2fe60db8112b7616,1,0,0
85bb66e2aea8fefc,1,0,0
13a2955fe2368407,1,0,0
c0d1991d84dca92d,8,3,2
49f1cca2f81111a5,1,0,0
6d8084c244db3bb7,3,2,1
fe648ebf94bbc461,1,1,1
65e8f4ccd7abe31b,1,0,0
a2c4ea8e56bbd550,1,0,0
166c4cf1847d6cd0,1,0,0
0657505a64fe1cae,1,0,0
a632f3369c1dfb44,1,0,0
d614938a4a9dc8bc,2,0,0
048e7a274863ee34,1,0,0
95225985b0f1084f,1,0,0
e85c2c5e63c2dcc6,6,0,0
dfb752feb07ab04a,1,0,0
76ced6f4d92ed42f,18,4,3
2463782d6987ea0e,1,0,0
ebfce82a81fda7a7,1,0,0
33a3e94bbe15b6cf,3,0,0
0c2961995fe70ed0,2,0,0
df7f0baca6789b08,1,0,0
30bb66653279d073,2,1,1
6a3179c96f52a128,2,1,1
ce08a40fa1877c4c,3,0,0
2d5fab23227ee83e,1,0,0
998e58d3efe47066,1,0,0
5ed9a6b11a24a71e,1,0,0
9ef863e5a7332012,1,1,1
63e8e23cd64addc6,1,0,0
05821bdffe846f70,1,1,1
48616f197eb7d6c6,1,0,0
998aef542194ec07,1,0,0
6dd65e8b60bf1550,1,0,0
78485778d6e064ba,1,0,0
17b2c204b3866be3,2,0,0
2571d4c970ffdb70,2,0,0
de3dcf24ddfcd6d9,2,1,1
9e107529e53654b9,2,0,0
1ce29c9a8c9bdba9,2,0,0
259070ae6b2900eb,1,0,0
4d113481eacefafb,5,0,0
be1b3a54c013a262,1,0,0
6ff26359fd9e376a,1,0,0
f63ec8f380f432af,2,1,1
79e38b129c7fd94a,1,0,0
9cc205d9e115f310,3,1,1
ad3782dfb38886c9,1,0,0
0e427805aae13287,1,0,0
33346ba83b503560,1,0,0
ffe78cf873b9d289,1,0,0
57fb1bf24fbb5ed9,1,0,0
d68a66948e097730,1,0,0
b520443b3eda138d,1,0,0
58b35d3be6040486,2,0,0
4e1a4ed64e89b9cb,1,0,0
b225097ef5b58e43,1,0,0
32486e532a768722,1,0,0
eec6e3e1bcdadcb5,1,0,0
69f286c46aaabab2,1,0,0
ddbdcb41bff4fd9b,1,0,0
1af31cd4d68bec5c,1,0,0
d2a86a2a233d0c68,1,0,0
4bd11b619b9b9070,1,0,0
546509264be48db7,2,0,0
6e831bf0211db15b,1,0,0
ae2890455e471ef0,1,0,0
be83da1d271c72b5,2,0,0
e4cde0f0b96f842a,1,0,0
e24c4a0183f218f9,1,0,0
9ec0dbbd7550de32,1,1,1
4d178c58e8366495,1,0,0
e87e524ffa4cbb6d,2,1,1
1332101a9a672851,1,0,0
d002c58ff6f7f7c6,1,0,0
57ec94eea70af1f4,1,0,0
eb228962be337e68,2,0,0
5384ebd2de5d7c26,1,0,0
4b5c529466a40846,1,0,0
1deeba0742863ef2,1,0,0
4c876e83095f6727,1,0,0
05731a564341e65f,1,0,0
04e39263fd3e4b1b,1,0,0
8f5dd35c2af715b5,1,0,0
a7be5b179037f9fa,1,0,0
d538edc7460ace25,1,0,0
619c5794057579ef,1,0,0
25e0d8de9c5240a3,2,0,0
b47b1b334a4f4c89,6,5,2
3b4dff258314ef49,1,0,0
3883b0090a7bd805,1,0,0
e65f80384608ef88,4,1,1
6f0c88b2240ffc67,1,0,0
6bc168ebde470726,16,12,2
4a9948d1da266c66,9,2,2
9f7e38d8a13bd467,2,0,0
142cddeabe9d7a33,10,4,2
20927c399799e5aa,1,0,0
c7bc6da3449e584c,11,10,1
2e3e35c68b4cf78a,7,3,1
7432238ebb44a1d1,1,0,0
b4fd966032ef0809,6,2,1
78b103d524bd628d,1,0,0
6fb4d19292d6fb88,2,0,0
03b9171e4aa21a65,3,0,0
d85b51514c95ca8e,1,0,0
5308d7299efe0fce,4,1,1
82f4a4c1a56e83b7,1,0,0
fecd291a0c572a9d,1,0,0
a1f20cbea6cda1d5,1,0,0
ba5588122d640915,1,0,0
b9ed278f51950336,1,0,0
08ccf135aa89c7af,1,0,0
c53cc0d1b223c12e,1,0,0
1788ff2f378c3fba,2,0,0
7a738492c6622d2e,1,0,0
7ba86380f4b9f72c,1,0,0
afdfe7fcc66e2fe5,2,2,1
4e6e11ad952e4768,1,0,0
6e0918d088e63ca5,5,4,1
910347cdfedf88e1,1,0,0
d8274f091c6694d9,1,0,0
53c6882a65c1ac3d,1,0,0
3c4395c92fb6818e,1,0,0
ef3c04ba20f3f919,1,1,1
a7931293dc567f39,1,0,0
cd5b14795ca9b80a,1,0,0
bcfde438e0554dea,1,1,1
92d328c6733cef17,1,0,0
d45dff80bb47060d,2,0,0
40dbf0fc4c00ab00,5,3,0
d28bca2690d91690,19,1,1
01160f575d6175eb,1,1,1
0d16746b97174811,3,0,0
a07d6845dadb109f,2,0,0
f0c8e6fff8c5307b,1,0,0
295725e070dc40b9,1,1,1
97da2214d95ac8e5,1,0,0
e6dd8fa4e7373d3c,1,0,0
20c18449e95cdfae,1,0,0
1e3d25a5ae6e902d,6,2,1
728dd303cf300fe5,1,0,0
0913e37df2861fbd,6,3,1
050cad050159a65f,1,0,0
c6e1bdf70e06162e,1,0,0
ad96d3b95d7adbc4,2,2,1
32bedf941c0ff1ba,1,1,1
1ac37f19b9e3bc9d,1,0,0
2e55173bc0aa3432,1,0,0
89f0c1fd1e824c56,2,0,0
3f7bfc25788cf00f,19,5,4
f0adeae9f7e1aa9f,60,17,8
088bd179973c0bcc,20,8,6
c9793630ae9e3601,14,5,1
cc30ba486537504c,8,1,1
80a5e967e9cb6a7d,2,0,0
abe083385897f55b,1,0,0
35987b63507232c0,1,0,0
32f4d8e8b98a555a,1,0,0
16c68fd16366a5c5,2,0,0
0064a2e1c20091eb,2,2,1
281e4a07de33e5a6,1,1,1
0c7008266d2fa1d3,1,1,1
7b4645c692524db6,5,0,0
4c74ca207547eb75,1,0,0
0abb3e8988dc3a7c,2,2,1
ccec7d9eea5d4e76,1,0,0
a85df16dbf7cc8b2,1,0,0
8b991214eb30da95,1,0,0
9adcf1b2c2c3dcba,1,0,0
7c18cd24b070004e,1,0,0
76b174611bbb0b29,1,0,0
af32d09dee368052,1,0,0
7c52a6bbedc398e9,1,0,0
2e373cbe3b25fad3,1,0,0
8131e71f90906a49,1,0,0
80bc7b0b19be247b,2,1,1
bbf012f3b973da59,1,0,0
cfe2cdeed631c14e,1,0,0
303aac0a987b8309,1,0,0
22d01cb16e6b286e,1,0,0
2267d75e6e201f86,1,0,0
06a86b69dc27f625,1,0,0
a7bb7a86fccdd981,1,0,0
2ca852b9141239b4,1,0,0
22f785b89b6b4c1b,1,1,1
7122fd1c7a0eaba9,1,1,1
9432b22cb14991b0,1,1,1
621c35726cba8104,1,1,1
762b456c7065762f,1,0,0
c5fa45230eb3455c,2,0,0
ce6c0972ae22c618,1,0,0
dd64d3c939bcc5f5,5,0,0
9f4680d723a40285,1,0,0
0def352e3c7da56c,1,0,0
f415f46a9bf6d678,1,0,0
7a8534a4105ef22d,1,0,0
762e8ae66e913bd8,4,0,0
d342bac56157e2dd,1,0,0
b896f9c3398805de,1,0,0
2c6d796871f7d3e8,3,0,0
0938f727dec4fb04,6,5,3
ce945c97b6e9b7ac,2,2,1
fd852cae14123b9a,1,1,1
be26e63b425ddbd6,4,0,0
02e1b10b5df7b83c,11,0,0
bf33f662089bea4e,12,9,1
574b63dbd86c7626,1,1,1
e2cdaa912e72fcde,1,0,0
d4f0aa54d7e634af,1,0,0
c5780a0930d7a577,1,0,0
d9ff15da0e42c740,1,1,1
d42f19dafd509494,1,0,0
d265e966b25fc73d,1,0,0
de985476b6c58c66,1,0,0
f6e1262c8418c8c6,9,4,3
0b18359afd3ea06d,2,1,1
e51709baa2150991,1,0,0
98c4b0f1083ce2f5,1,0,0
b65d8fc56f3d9d9b,1,0,0
d05395eafb05a081,2,0,0
2e591b81fe6a88dd,2,0,0
0a721b9afbf5e5c4,1,0,0
cef7b9812f2ac47c,4,1,1
986aced16ca2bc8f,6,4,2
498a45b65a671c6e,1,0,0
89403381e1c1d57d,1,0,0
79a5d49be1a114c5,1,0,0
196eea4ffd36fb66,2,0,0
7e09752dd4706b2a,7,6,2
e8bc5388ada42068,1,1,1
0dee0ef6a3e26b78,1,1,1
8f7b40a3b670ac54,1,0,0
1f770cdbc51e3c1a,3,0,0
07e25bffd80b9b58,1,0,0
b7465d47a7577d00,1,1,1
1b9b9896701856f0,1,1,1
41dd6ed9dcc9e9ae,1,0,0
aab0d185f788517b,1,0,0
b1e699f2fdbe2f5d,1,0,0
ccb246273548bb20,5,0,0
819c6df1a8341bca,1,0,0
7f9ffb27a1491e5f,7,5,2
21c6305a1966a9ac,1,1,1
0191945d2300e403,2,2,1
a9d8abf6bb0eecf6,1,0,0
a481a5a997312404,1,0,0
3e5200c8f72b4d2a,1,0,0
6e86f7780783e4dd,3,0,0
ab726fb735c38650,3,0,0
a7780e9e8d51344e,2,1,1
87a6e2f443964b89,1,1,1
ced1a3b0494a1269,1,0,0
23efb3eab6ec2d61,1,0,0
90ad7837d56ba9c3,1,0,0
e5ed88e93737ec42,3,0,0
abb81376f72e14c3,4,0,0
d7cf9b45ffae54e0,2,1,1
9a489bb74d7746be,1,1,1
3100179849226b81,1,1,1
e779b68f85d88034,1,0,0
b488b875dc7c4896,1,0,0
24c9c80ad557365a,1,0,0
12f50a4d857a8924,4,0,0
975a44264305e1a9,1,1,1
e3f6d3c970db01a0,4,0,0
d6cae6c8180e7cc0,1,1,1
ce1543f2b2fc5a12,1,1,1
97fed245a0f7fd1c,2,2,1
91d3d0dca90369a5,1,0,0
fa157afdf2573efb,1,0,0
592636e2172eca68,1,0,0
6b7667761a5005f5,2,1,1
f4544b2ebcf72ff4,3,0,0
93e3878a9d4e6a0e,3,1,1
bff3f931635f0a3b,13,12,6
8838d9866ae342c9,8,4,3
fbd97f46a8e866d4,1,0,0
b17aec83bb8a2bd6,2,0,0
1d4db7dc9331546a,1,0,0
3b201a7753a55dd0,3,0,0
0ffa6a5138a3e658,2,0,0
5de85761256fe6d1,1,0,0
03a3008d5794e8e6,2,0,0
15bf990248b39d83,1,0,0
1788a03e3f6cb184,1,0,0
1921f77eafd40d42,3,1,1
5a45969a757004d4,1,0,0
80de8ba4068a2058,2,0,0
1f59fce205b41892,1,0,0
7d1ee8a3c85c739a,1,0,0
f155a3b0df7cf2b8,1,0,0
00fb93f7cf41a919,3,3,1
962213b829ff6aa2,1,0,0
4e6c1f0ea1e83924,3,1,1
5e6e7ec83f310862,1,1,1
27b1517e3460e98a,1,0,0
138205fb283bf41c,1,0,0
f0568d26731aa1ff,4,0,0
e4cca0bfff2bfe8c,3,1,1
84e4a9b353c35f37,1,0,0
4752e3f743ee68df,1,0,0
85104835fc14d69f,1,0,0
ea024feb26f95d6b,1,0,0
bcd5fe06da27c83c,1,0,0
95c5fe9b4c3574af,1,0,0
1120ab578341e72d,1,1,1
4b87403eef2f989a,1,0,0
358ec2f3603bed03,1,1,1
cd8ca695e0efd638,6,0,0
55bd08be2e85c043,1,0,0
eb0dfc6dbeabec8c,1,0,0
f7ce69935b8079e6,2,0,0
f4ebe144a03fda68,1,0,0
81e36b282e0ba6dc,1,0,0
b762ed905707f7e1,1,0,0
1d2b87427f487793,1,0,0
54e47c9c4813fbd3,6,0,0
7e6f928c664d726e,1,0,0
c777ef35299abb3b,1,0,0
dafdecb52b24ce16,1,0,0
576d80c0cb1af678,1,0,0
c8c9a99eb556978f,2,0,0
27c6f4e08fffe439,1,0,0
d0b7546d956e2d57,3,0,0
7855dd04617f75ea,3,0,0
c1b0af45fcf66923,2,2,2
8010ad16d3980b41,4,4,3
583fac81398cac24,2,0,0
b02057cd38f73049,1,0,0
d11ad30e38eb0069,1,0,0
ef35b02ac7eeee36,1,0,0
e8bed818825093bb,1,0,0
915faa2b571a3761,55,17,11
a1e9633babefbf97,2,0,0
9bd5bd212e4504c3,1,0,0
c2140ffe3126e358,1,0,0
d7482ba080a3b854,1,0,0
ff596ecf4dd6384c,1,0,0
f5c4e2ec24a1664d,1,1,1
24c82d8ba5e28318,1,0,0
5cee3d206bdcdb99,1,0,0
aba191142c18c83f,2,0,0
1b242f0b4e0e0efa,2,0,0
5e5a2207b1540e68,2,0,0
917ed94e54fa76d6,51,28,15
973fc6c5133348b9,10,8,6
287f4096364168d7,4,0,0
13b907e04f9ad0ba,1,0,0
44fb767022ae86bc,1,0,0
b71556d95d288478,2,0,0
eba3c2f2b17206f8,1,0,0
8fd92e1e6415035d,1,0,0
74bb65302dbad58d,1,0,0
4c0d8df12fc8f000,1,0,0
058d933de67957d1,1,0,0
330afd43938af533,1,0,0
074f64045e2a557e,1,0,0
f723e77d59dca6ca,1,0,0
10d8923cae06b518,2,0,0
fd72932824eb438a,1,0,0
96d49285aa44c454,2,0,0
6b0820c52f63be23,1,0,0
eba3ad2fa229e440,1,0,0
be5e197b67236418,1,1,1
57d4e5863ca68de2,1,0,0
5ce4ffa9088eacab,1,0,0
afbde1270beb1363,1,1,1
84f09938b02635d7,1,0,0
fd332393f0afefee,35,2,1
14decffa5e09042f,1,0,0
beab1115f583ad88,1,0,0
4b1e99d036736f11,1,0,0
1ce8c80ca9496af7,1,0,0
0bb4cee76f5e690a,1,0,0
6d774cc13a6be98a,1,0,0
78fbc108cb9691bc,1,1,1
b2b53bd34fdba37f,3,0,0
53555a00e116bd4b,1,1,1
929f856a95497cc7,2,0,0
f7cc4e04c1af0d79,2,0,0
39477df7c03191fd,1,0,0
fc2a97fae37a6d0f,1,0,0
72cf75684e397680,1,0,0
ece2e481075191b0,1,0,0
9fe3b60200b2d2e8,1,0,0
b596d5c0805bf913,1,0,0
a5b47adff972475d,1,0,0
730b449398757400,1,0,0
190043628bb7c549,2,0,0
dad13f5976e10d89,1,0,0
1b447c18752b0d4e,2,2,2
1da47c61f2f2cd91,2,0,0
9133107a5d6531a0,1,0,0
1776b1cc37be4d29,3,1,1
76ce4b4cba957485,1,0,0
f168f1c5c7015071,1,0,0
720264808f3ae0cc,1,0,0
aa01f6255cbe59fa,2,0,0
eb5765a0b926cc79,1,0,0
bc6e901603fa213d,1,0,0
e5db4d8bb13cfc91,2,1,1
f9740d1057535528,3,0,0
bbbaf28b9958a0f9,1,0,0
776e9553a62111f0,1,0,0
f3bcb55a5165c077,1,0,0
29a6ea88effa8f91,4,0,0
4820da0280315ee0,1,0,0
3afa1001c0b4fccd,1,1,1
81bf5bdcb1cfe562,26,14,6
2e6e27d54c729ac4,2,1,1
1ef6be758c1e1eef,8,0,0
cdac885b93364a23,24,21,2
9247de27f5d510cf,2,1,1
a4dc4e062916f267,6,0,0
89369549ed091443,32,12,8
2f6c62d47f02be53,2,0,0
a71ec6e0ee9957ae,2,1,1
eb762ae3d67ef6d0,1,0,0
e8cceac519d81e19,6,3,3
47bd4b76ba14fc74,11,6,3
6c920e23a31522b7,1,0,0
fcd02c9901a7edb6,1,0,0
f3ef444d4432c667,1,0,0
1578b959d921aded,1,0,0
e4f99ab3162cdb51,1,0,0
5e0ed97fa30161ba,4,2,2
78a08acd611eb9b0,1,0,0
7b7902512cd832b2,1,0,0
ccb10bc99ae41a17,1,0,0
7f198a1b4d3193bc,1,1,1
4520d773d19ae8a1,3,2,0
834d670647014460,1,0,0
0d5855ba8a51abe8,1,0,0
b4661a696f238654,1,0,0
1a48af5e2a0d511c,1,0,0
99f0e6d95e1a6265,1,0,0
139adfe1e5b8f0f6,1,0,0
b40999d106d00239,1,0,0
7f9542ed058c2d10,1,0,0
15a6c8866aeb4ace,1,0,0
3855ec71bc417631,1,0,0
9f6a8ba612905750,1,0,0
8db6114150e33a67,1,0,0
5296ccde1eb0b0d6,2,0,0
ca315f5d1df32494,2,0,0
3a5ae24301b15cbb,1,0,0
569e678a46ce0973,1,0,0
4e1dc941800a2904,2,2,2
cb4d0476d24d9b2e,1,0,0
a2f359a66e23d221,1,0,0
e61084383fa846f1,1,0,0
8edd958f92cccff8,1,0,0
c60ead54f1ddc513,2,1,1
e00b401dff8d7b35,3,0,0
8820a10297a00ab0,1,0,0
f976b40deaaacbd1,2,2,1
62fca7b9416a3cb0,1,0,0
ab98537fb17ba945,5,0,0
14bce0ebb7aac3e1,2,0,0
4569608ef62f6fe0,1,0,0
9921904152f95a8d,1,0,0
821f275880d395ae,1,1,1
234b2ec92850049b,5,0,0
23c8050b473c3c1f,1,1,1
39add6309091524b,8,1,1
0533e5daaf40ec37,2,0,0
82440a66792b9f25,1,0,0
27c5b4aedc54f570,1,0,0
bc6374851ca110ef,12,3,2
a12ccb6f9548acb9,1,0,0
7a3ca833d4c37bf4,1,1,1
64d732e3e88625f5,2,1,0
70c2d6f108fe8611,1,0,0
6f31d62b8b920990,2,0,0
6aef3c5254156e3d,1,0,0
eba6d41e9f035bc1,1,0,0
a776473ea37cdcc7,1,0,0
2617a6bb38669a30,2,0,0
b4bb31a0804ea861,1,0,0
035a86aec7a043a6,1,0,0
b0d4c75d339dbe0e,1,0,0
ed18adc4bb9f9763,2,0,0
0334d4a51500f522,2,0,0
5d10c4b8c56fd9ff,1,1,1
f460f983d4d602ff,1,0,0
fe25cb8f2d3f7774,1,0,0
681fc7c5d0a7736f,2,0,0
ee39b7b283f2ee89,3,0,0
a524a0962a8fadeb,1,0,0
b3aadffb623ef37c,1,1,1
c4f5c3ed5f9cea75,2,0,0
ca8da8e0607cd0dc,1,0,0
1aa42361de04967c,2,2,1
523dc3495ad99482,1,0,0
f7e87d0d69ca77b8,2,0,0
8f4f4763a4f9792f,1,0,0
7ba539dcc454d82a,1,0,0
af8b22943f474c25,4,1,0
fcd87183ab925a63,1,0,0
5bf3c98b76ed6aed,2,1,1
43e1d358d984be0a,1,0,0
fd204a87b5cb64a8,1,0,0
98447bc144635e2e,1,1,1
863ea0932f391693,2,1,1
9caec473df7483b9,1,0,0
af1a9834ec04355a,2,0,0
b597898da34d3792,3,0,0
96ad2f9bcda6e422,1,0,0
29e452c1957a82d8,1,0,0
6ccabdba6d8b07dd,1,0,0
0de8e074a1de65b8,1,0,0
966e2c09c26340ce,3,1,0
12c1bb01c6d052db,6,6,2
fc4d13299ed34f00,1,0,0
d8dbcd11596477d5,1,0,0
9c4e030dc99c7165,4,4,1
b07a51f9a3d4e67d,1,0,0
8c4a95bea1f6e2ee,1,1,1
2285a444ab76c14d,1,1,1
f7f60940b45121c7,1,0,0
c8a5db8d5299288c,1,0,0
8e91baf7cf0ad6cd,1,0,0
ba575b37b897d2ed,1,0,0
c708b6235b621680,8,2,0
107152242ecde615,1,0,0
543582df02d24a10,1,0,0
e6b7892f3899373d,4,0,0
c7d4e686513ec0c3,1,0,0
7656d2d7f3ca4e99,2,2,1
de7feb13aa8bace2,1,1,1
919d1c70f5757600,1,1,1
e6790db2cb2d04d2,1,0,0
64736de1c22c07ef,1,0,0
12b46f0d8d57a6b3,2,0,0
107c392acdccf0da,1,1,1
d6c996e3d78d87a6,1,0,0
0c4a82a570c9706d,1,0,0
53d0fe93869a5d21,2,1,1
8653054745fadb8d,1,0,0
8d8980ce31a671f3,4,0,0
657ba2f3f66fe9fe,1,1,1
fcfd0f121a0671d1,1,0,0
7ad6c4fc925170af,3,0,0
0ceabe7d3a275b4d,1,0,0
93da3d45231d4cb8,3,2,2
998dea2dc08ca6ec,2,2,2
1c5d5de900c50646,2,0,0
8decf51616d3bbbc,1,0,0
92846ada0af8bf8a,2,0,0
c80bace864b05035,16,4,4
0187ea2bf76e0a9c,1,0,0
5aa7519dece93a76,1,1,1
34f5a715ec99f5dd,1,1,1
92b752968799ff9b,1,0,0
1c925ae048c3ff93,13,0,0
dfa392d5b73d44ae,1,0,0
411186584bed0081,3,1,1
59d9f150a776b4f6,1,0,0
2d97f5be78c188ed,1,0,0
3dfaeaf19e001546,3,0,0
60c880a6e4b3ee8d,1,0,0
bd2460cb1cf3c5c2,2,0,0
8e141c71fb665b8a,1,0,0
ee667f3d5f6442e4,1,0,0
f533adfa4f452d64,2,1,1
309f8c4d6432512e,1,0,0
69796011c8d55545,1,1,1
bc2f36af34adab2c,1,0,0
d79ff6ae544fd2e9,1,0,0
30076d0a2426f309,1,0,0
2852ca356fe5da8f,2,0,0
b8bce812cde4c83d,2,1,1
a2c0df2fbe03b38d,1,0,0
5452478991934bd7,1,0,0
be42b708dfb1a5a6,2,0,0
7bd1721972c52ec8,3,0,0
27914caf24d0dfc2,2,1,1
2f6cd3b3e9b26e66,3,1,1
72594aeaf09f8fcc,1,0,0
f540456f35078bb9,3,1,1
0af509c23e717d6a,8,4,1
1308d937adef406a,2,0,0
a3ae5d53216aaae3,2,0,0
b6dd79d9e84c3eb9,2,0,0
b8899b516399c279,1,0,0
db3e8404282f3be0,7,1,1
6686947164dc2669,1,0,0
15d0336733b13425,13,0,0
3c28eecc45843f3c,2,0,0
d4a62b42be834190,6,0,0
260475837961a2f2,1,0,0
fc197563d7a48132,1,0,0
c15d0b8680bb863e,2,0,0
653d72a346ee8ff0,1,0,0
05110bc140e2d360,1,1,1
82bb77dd8722992a,10,7,1
857bef61d99787e5,1,0,0
3a673e1482981fcf,1,0,0
33415de439f8e125,6,5,0
c8b0979c15f48c4b,2,1,1
4bc033d75d50ca49,1,0,0
c27f13e6e9dc1373,4,3,3
52f0805ad0e12217,1,0,0
019e15303ce3ef7d,1,1,1
cefdcb766dac5555,1,1,1
7b6c015488124430,1,0,0
27410c90dd57a643,1,1,1
c6fcb0bb771ae858,1,0,0
04750a02fa26b3a0,1,0,0
f082b4717dddad94,2,1,1
c0c5a9ae5f5f2ca4,1,0,0
b258802de913c167,1,1,1
c342e55e2c769f1e,2,0,0
243b1e6512e4598e,1,0,0
a3fbfa821d1ddeee,1,0,0
fbba3c4daf7a8722,3,3,2
f23466286f5daa3c,1,0,0
5caef256e183d89a,1,0,0
aea9e7d74b1d80c8,1,0,0
4a8ba043b7af6f93,1,0,0
55ff85994fbd670d,1,0,0
10799280a992416c,1,0,0
33f97d9670281337,1,0,0
51ae7eec16f49c40,1,0,0
4fd74a3218765eaa,2,0,0
05983a3e1f42a63e,2,0,0
e64614eb7082d8e6,2,0,0
b4473a3279e8d2b1,15,8,3
6a17542871cfa804,1,0,0
be80b5f51fbd012e,4,0,0
da02acbcf78db9e4,1,1,1
7b023a54f5e00b5a,1,0,0
3b432454ccdbacd7,1,0,0
ba200516dc276a0b,1,0,0
fe4b6b5e1cd0656b,1,1,1
5e2dbf53d4cfbb08,1,0,0
cf46df51754d9d16,2,0,0
85a240d6abd75112,2,0,0
3ead7d3f887f8955,2,0,0
e5166c5ee5985357,1,0,0
9270c28f47b8271a,1,0,0
3dcac6788cc865ed,1,0,0
dae20e80b317ec27,2,2,2
fefce17b9c60670b,1,0,0
37fee6d947688962,1,0,0
7e75d2ede527d973,1,0,0
0e965c16a25898d2,1,0,0
9409f050d3c3a874,1,0,0
544057de09070457,2,1,1
5262eb982b0c77f8,2,0,0
f8320150b09781d0,1,0,0
f2bf2ea17e879a0c,1,0,0
040dbca7da6d3ca4,1,0,0
510d744899f2ee58,3,0,0
9a23c57472f83a2d,1,0,0
6d571f9293030cbb,1,0,0
ea00a254916007ff,1,0,0
ca15b7ee0f0f94aa,1,0,0
2f8cf7fd43c5bb1b,1,0,0
5d04174ec929309a,1,0,0
0062d29c98a5d0a7,2,0,0
bfee87192f9e5bff,1,0,0
fb5e9baf736a1f9a,2,0,0
b6a60c77c5edc137,1,0,0
0b4cb329fdab6cfd,3,0,0
e6a9a00a15f3131b,1,0,0
b6631f4297093d4a,2,0,0
93491b15b59308b9,1,0,0
b1b8816a89b2e6e1,1,0,0
eae98271ab08ac13,1,0,0
3a587be00244a2a3,1,0,0
f34372ce699466e4,1,0,0
5e1fb53ddbd24b8c,1,0,0
65b4883f86b357bb,11,8,1
14e7bcb3ca3f4e4b,1,0,0
1b582a0c29d27b53,1,0,0
db08dce5b959ce84,1,0,0
c5612a054a57f614,2,2,1
c3cea6361c328338,1,0,0
ecdb78ad2158a42d,1,0,0
18fb0a656b0a2cb5,1,0,0
53436e61b81073f4,1,0,0
8607d02b7bbab644,1,0,0
e4358436dd9c6f21,1,0,0
af369edf3e84c4be,1,0,0
d4b36973d3b5fe3f,1,0,0
e74dba075ad78108,1,0,0
0a33d76fc15af645,1,0,0
33268bdaf269b167,1,1,1
a6a217684709e6e8,1,1,1
28da7d7d43a89981,1,1,1
4a5ae1711e7ec6a3,1,1,1
057fca46267eb1e3,1,1,1
c78b2e8459774d62,1,1,1
6e792de3b6e62222,1,1,1
b1b922d039b85de8,23,5,3
25f9367b1819ed9c,1,0,0
924fe2fb5fb475f4,1,0,0
7394f44ecd69835a,1,0,0
8e17d349e37d5f14,2,0,0
a1e36629e51f19bb,1,0,0
f4ec2a5183050575,1,0,0
ea2fb24dba56e335,7,4,2
c20551270309d0a3,2,1,1
a4ef91e50aece630,1,0,0
51543fd5a39b07ed,2,2,1
aa2592d8bc1262f8,2,0,0
27cee4011b8334e6,1,0,0
67327326b1bf9069,1,0,0
6b1a4beb6060a600,9,7,1
dbf7793a922c60f2,2,1,1
2feeb01ea7b18053,4,2,2
26353289094e3a0a,1,1,1
e507ecd95624c9cc,1,1,1
74ca09c29323e814,1,0,0
b12136e5b925909d,1,0,0
aa8578976cdaf605,1,0,0
d10ed309e36fa96f,1,0,0
f632d51a8deee034,1,0,0
00a19fce3a1551ed,1,1,1
a240510967bc4679,5,2,1
b2c63e31f3983c4b,1,0,0
f40ba5aeaa4d990a,1,0,0
46c1a85246773397,5,0,0
65b86f4d7e122e6a,2,0,0
5d0859b516e5e3e9,1,0,0
8e2a96c53e9710fd,1,0,0
008cc25f11ab6861,1,0,0
eca46c2fb0653fa8,1,0,0
0075034c29882b03,1,1,1
2215d41bf5948cf3,1,0,0
46691d6153895411,1,0,0
d92158dc2dfa0cff,1,0,0
6ad56b8319e8c38f,1,0,0
5e60ccff4fd0a2d7,1,0,0
0da5996398250c63,5,5,1
e491c66c05c05e43,10,5,1
552c81c6fd736453,1,1,1
84609f4715b97236,1,1,1
0b3d45b93cf9f602,1,0,0
7b5708ae579c9e53,2,2,1
f3cb0b6a4c4909de,1,0,0
e6de6de12f1f0043,1,0,0
d5a3fb1ae0d618b0,1,0,0
92c4a731ee8739ca,1,1,1
7e43fe858a5447f0,2,1,1
1b812b7d9046515d,1,0,0
d7699eb51d05800c,1,0,0
dd777079f6f81040,1,1,1
e23aa8d70e879b99,1,0,0
a7729ad6e7db6dad,1,0,0
a41fcdbd7cc658f5,2,0,0
ca4c691e261759e7,1,0,0
22ba4c39178cae8e,2,0,0
0687c1f7daca7ae9,18,9,5
1a8de545f902e1a6,1,1,1
6d2008b7e587d2d5,1,1,1
b5d08f0f8d9ba9e5,1,0,0
c5ad6f541dbeb432,1,0,0
4424baaa3b4ff622,4,0,0
565a959837b71dd7,11,1,1
9b8cff75e855b91a,1,1,1
9c4df014e38cbec8,1,0,0
70a4305bdd1d1a80,1,0,0
eab335d9805bf2a8,1,0,0
cca0eb1d4016dba4,3,0,0
2d9e1b7d3db73013,4,0,0
7a69565e3fce1624,2,0,0
f0d9d08cab9b6584,2,0,0
de6b8583b2cca2d6,3,0,0
bbdfdb8f8ffb03f6,3,0,0
21eb653255451c1f,2,0,0
e53f91386ab2d839,13,11,4
1bcfc416ccaea851,1,1,1
f8e89abd9ffa35cc,1,1,1
242adb7b866b7adc,1,0,0
e372aeebb8e1b542,2,0,0
c6eef5e2b04092be,1,0,0
f34af1767bcf0314,2,2,1
4f49c61bc54941c4,1,0,0
9343644442254643,1,0,0
89f5e6444cb02ec4,2,1,1
d1abb01b4087854d,7,3,1
906a3ab34b70bff7,1,0,0
5f38b9e5233524f3,5,1,1
22c3381bb5fdb36d,7,0,0
889add075198f70d,1,0,0
bdba494baa9abf3b,1,0,0
f683dffc6fc7e0b3,1,0,0
9e42eb477c559079,1,0,0
ca14a6ce01fdc347,1,0,0
0bc55f5376af39da,1,0,0
d6ebc03a4c457307,1,0,0
3fed2905d0231b75,2,1,1
71f869ee549fd035,2,0,0
b8c381db2ba50792,1,0,0
caafe5499684b63d,1,0,0
12df001fb1aa85bf,2,0,0
d839413e7f7b73b3,4,3,2
2055ff871272e18d,1,0,0
c7c20a334bc0b812,1,0,0
4d4beced0b2b5138,2,0,0
74e0b5d90020f26f,8,2,2
e00b42980252ce88,2,2,1
0f72043a815c167b,3,1,1
8862cdddc59a10c3,1,0,0
2025f89f3e137fe4,1,0,0
6c8563e70ea72eff,2,0,0
29d05a2efce5f242,1,1,1
fed44aebf600f161,1,1,1
02112726bb2f2201,1,0,0
6eba59911c6bc1ad,1,0,0
8323ed677a6dea85,1,1,1
ddd10184452b33e1,5,0,0
78d1bd1a3789f38c,1,0,0
122b136fc68c898d,2,0,0
ec57b891c7288291,2,1,1
a1086d2e4cf68bac,6,1,1
8cd967980ab416cc,1,0,0
e66d9fd3f1acd600,1,1,1
cfc79b3b67fe1dad,1,1,1
2e1fb5144c7cecf2,1,1,1
075c08a879f93779,1,1,1
69b7c7e3baafb433,1,1,1
a922487cf9c91061,2,2,1
db25504eab4e7745,1,1,1
1669ace2e5017f94,1,0,0
db24d72f6572cc8b,4,1,1
ba2b6c9003cf28ae,1,0,0
8b9a904d9dbdd947,2,0,0
530e169d4b2ad34d,1,0,0
616b280d3b4b59e4,2,0,0
166f785aaadb530a,1,0,0
2e488479b196f81b,1,0,0
3f075aa11083a600,1,0,0
c01e9bace3415c41,1,0,0
1d0a0f5d8bccd7d0,1,0,0
a55ff445d25876b6,1,0,0
dbab0af193fddca5,1,0,0
02fec7d424d74346,1,0,0
31f87e324dcafeeb,1,0,0
68d4435d2a508e36,1,1,1
d57c4cf8503680ee,1,1,1
11ae138aef25313e,6,6,5
a5c464d84fd8873d,1,1,1
4caed3949c9ee986,1,1,1
8adabb39e3268e8d,4,3,1
5a2ce344cf7ac653,1,0,0
c9bdc6a4a589d1e1,1,0,0
6030e5f31dbf833e,1,0,0
118f0eb10976ec20,1,1,1
4cf6b34dc8b29cfb,1,0,0
c77222b13041047b,2,0,0
1af9644d58d7a3f5,1,0,0
c3342457a8026919,1,0,0
107e03ab1b5cd30b,1,0,0
051b6053ce764aa2,2,0,0
e74787705d90be66,1,0,0
ea59e25d32773094,1,0,0
549ce4f04633a4a0,1,0,0
9337d9e15a81c710,1,0,0
c398320a9fb17b92,1,0,0
db382cac008252da,1,0,0
0ac3aa7888bd9529,1,0,0
94729fda509e407d,3,0,0
5f306a01714f6028,2,0,0
bf561723358c8d7b,1,0,0
6075556b49c8b6da,1,0,0
36520fb01dc497cb,14,0,0
bcea5fb1d7e67ce6,1,0,0
4480c3ca22e5f0bd,1,0,0
0cf4d5dbb42a88bb,3,0,0
0646fe404505a095,1,0,0
fc6450912fae030b,1,0,0
43daa52164aed14b,2,0,0
2a20cf29d2506cdb,2,0,0
10c595ed2231f085,1,0,0
7fba040594608132,1,1,1
94235896949d54ab,2,0,0
09a2c987c4693d19,2,0,0
04ffeba7aef10b70,2,0,0
c0e834386510e70c,2,0,0
a8c7def56e5eca35,2,0,0
08a5e200e0adb516,2,0,0
6519443709b0ae8a,1,0,0
a1846e4991ca3a20,1,0,0
dba67ac9c4da67a9,2,0,0
078deb9382b0a745,1,0,0
476ca2e3b4f3eb66,1,1,1
c0ab88791bb167bf,1,0,0
22d33685e4cd74ae,1,0,0
e13e2d316cd894bf,1,0,0
fada1313d2d99fe7,1,0,0
ecaeef0b7fb8cf53,1,0,0
5e4feb0c6881a31a,1,0,0
f9ad1499f625dcd2,1,0,0
742c9ff638d1b1eb,1,0,0
b398895c30b1423e,2,0,0
3e6b215e99cd0182,1,0,0
b57624e3aaff36c4,2,0,0
3f8136822c10e652,9,0,0
aff3011f6121b046,4,0,0
eaf36ce9657a8275,1,0,0
bd76e5850c9c61f4,1,0,0
4fd99bce8b28482a,1,0,0
9ddef4c7e1ca46bf,1,1,1
15c5d5d048e4c32e,1,0,0
abeb52df30d1d415,1,0,0
34faaeb4d6a0c2d7,1,0,0
7173088d718d4bf8,1,0,0
5bfd72738669fdd5,1,0,0
bd3535a9f9eee4e4,3,0,0
7baa871b26ba2088,1,0,0
1c509dcc762731df,1,0,0
a7f47e46aaf037de,4,0,0
f6a27fb79dd3ec29,2,0,0
a4c5d47f012026d2,1,1,1
3b51908172dfce32,1,0,0
37fdc9879a11c5e4,1,0,0
c726d6c2413c4f18,1,1,1
8fd89a8d6f2ca31a,2,0,0
6036bcb27f7774a0,2,0,0
e9b46ee2c19851d5,31,16,8
1514bbb437d67307,1,1,1
8a7916badf12a217,1,0,0
6699f8022363d8b5,3,0,0
11fd23007f76d6dd,1,1,1
0b9568b0f7929d20,3,0,0
83464fda56885098,1,1,1
8a4f0e93a9255d73,9,0,0
487a167dea6d6b01,4,0,0
6247b3f90509b38d,1,0,0
9c4afbda95997a2f,1,1,1
de5988d40fdd00ec,1,0,0
e5ab907fc7eefe2b,1,0,0
420e4364df279a90,1,0,0
af7e00042f8df2c7,1,0,0
cfdbd487886dc903,1,0,0
98c7e5ba9b94ab9a,1,0,0
6c0a9faaea6c5731,1,0,0
caeb6b81bdd8072a,1,1,1
4ddb9e421403e852,1,0,0
42180e8d13d654e3,1,0,0
e6dafeeeb2355082,2,0,0
be43e8352b0138b3,7,5,1
95f5b16f918fcdae,10,0,0
a259dd0a5361445a,1,0,0
6abdb99219d4a27a,1,1,1
f25f6214863efce2,1,0,0
fb607486f6d1cda0,1,0,0
b4f2ebbb42db94b8,10,0,0
99a0c45c8d92d4e8,1,1,1
7202283a732c1a8a,1,0,0
6963d7efa06980c3,1,0,0
0dd9c2bd2df81fa2,1,1,1
5d1ae38cec4b761f,2,0,0
9af821f988762f34,1,0,0
c96f4281ad4ac2ce,1,1,1
5c6ca22c63d0301e,1,0,0
0fea95fca14084b9,1,1,1
55c5042219431c09,2,0,0
254ec0cbd04f7007,1,0,0
0630b44fee0a5fcd,1,1,1
2fddb4d39249ce6c,2,0,0
3f60009c05532578,2,1,1
102957bc1a231586,1,1,1
9655462c13b48e55,1,0,0
400c38a1cede49b9,1,1,1
9a3e529aeb1ed18f,1,0,0
cc315e443e30285f,1,1,1
3ad9e95af1378b5d,1,0,0
7abe2a9725ed792c,3,1,1
3c9c32cd8a029ecc,11,2,2
8e161d1b0b3e8d5c,1,1,1
4f49c3eb18f584c4,1,0,0
d9396245ae8b9a37,2,0,0
36af5f00ee49e320,1,0,0
c59f6ab1dbaebd38,2,0,0
31f1561239f1cd0f,2,0,0
aa44dc2c99377523,2,0,0
00a61fff3b114a30,2,0,0
d5539c469d0118b8,10,0,0
2e8a2660a2816a3f,40,7,5
0af534999aa26b4f,2,2,2
eb54df131b7ef31a,3,0,0
a46d81c30be6e228,1,0,0
be956d3a5b35f36f,1,0,0
54bdbe7a5538ec16,1,0,0
735c0a990047509f,1,0,0
8df558aa312d9bc8,1,0,0
1b716b0dfc7110e7,1,0,0
a744501747e8b970,1,0,0
3b91d24e92b68a1b,1,0,0
1b73b66f25b785fe,1,0,0
e87c808fe909e0ab,2,2,1
5754edd8110c4423,1,0,0
89023db005b05123,1,0,0
10339e4f4d23115f,1,0,0
4e21572eecfa8427,1,0,0
31a92a08e3db79f9,1,0,0
15288b2c37074088,2,0,0
54ada03fbed3f680,2,0,0
86fe78e41eb29e35,6,5,1
f7db82889c7a1765,1,0,0
7330513a9a505b48,1,0,0
2658e64dab13152a,1,0,0
60cee97180da8be8,1,0,0
dbb97830d47072a4,1,0,0
42b592d914ffe0fe,4,0,0
b4e60483ecbf57ad,1,0,0
6c80e215e2493696,1,1,1
9e8b4a2f61df122e,1,0,0
0605a05caecb427a,2,0,0
66f5bf1c83215f26,3,1,1
990ef6b4876c7586,4,0,0
4438a2316de1d465,3,0,0
ee5d7225e9a9d46c,1,0,0
ce2aec5b4e18b840,1,1,1
d470b497335b1655,1,0,0
ff250c64ca1fbb4b,1,0,0
bf56416222343bbb,1,0,0
744a92935c86b88c,2,0,0
bfe5c9764677ef0a,1,0,0
564e9c216e30203c,1,1,1
dd24795e290e6d0f,1,1,1
c4ec1882c1918f8f,2,1,1
a5dc004ff45766f8,1,0,0
0a89264a156d7af6,1,1,1
bb27823837f22106,1,0,0
d6849e1080e9135d,1,0,0
553cbc1719adecb8,1,0,0
980a08d9cf7d5d5a,1,0,0
aa28ceed2db1d2bc,1,0,0
b38f3c4f5b000084,2,2,2
c53f1983f6f3f278,1,0,0
fb03e548501813e5,4,1,1
70337dd8d6ffd8f4,1,1,1
f5dbd0ded7faad10,1,1,1
01cb1fc4535008c6,1,1,1
5753af2a9a513bf1,1,0,0
cfaf71c41e44ae91,3,0,0
3d4d9355e48584c6,26,16,6
f667756ada0af68b,1,1,1
65eed03067063fdf,1,0,0
b2c3fed3f3c6e6eb,1,0,0
4994e79679e22265,12,0,0
cb8ff746ca83bf31,1,0,0
974f49a004b5d1da,2,0,0
3330228f49b780ee,1,1,1
562d820d5c541973,1,0,0
323ae0a9c47b5752,1,1,1
0988f8182db7325a,2,0,0
b290d5f8e11d5f84,3,0,0
5c021daa3516bfa2,2,0,0
b98737521731467d,7,4,3
d5b1b97a8268537b,6,1,1
ec8d4f0de1d2def9,2,0,0
788b09593ecf255c,4,4,2
d85042e0042da643,3,3,1
584c6d591a749e1a,1,0,0
1656146439358317,1,0,0
a2ea729fcd7ccfd6,1,0,0
8dbf0eadefd5818f,1,0,0
b8d4464b6799f4f1,1,0,0
5b05f1c8b5d2c34d,1,1,1
15fbdda998a46d8a,1,1,1
cc80c09d943437c9,1,0,0
e0938db183172ca2,1,0,0
8110ec5ecdc45f4b,1,1,1
38b85f4fe220a844,1,1,1
5d8cc02068e37e4e,1,1,1
6af35c30ce8b763f,1,1,1
6a5c10603284f8d7,2,1,1
52b484870dbbf95a,14,5,4
280cf47c51dac2e7,1,0,0
505f475bc5afb9d8,2,0,0
74ab601f0d023123,1,1,1
46b1bb903a86abea,1,1,1
d1e59970feec0728,1,1,1
2a0706ca95655a07,1,0,0
8819c5a28850b2d5,1,0,0
a9f0f1d4afbe1530,1,0,0
28b15c9efcdd2ac9,1,0,0
dc004edd363e7df0,6,2,2
36823da34ed710f4,2,0,0
1beadd4234dc0ce7,1,0,0
412c152d3280ee3f,1,1,1
c81838f77c385845,1,0,0
9bd92619454e653d,1,0,0
218ddc902b1ecadd,1,0,0
c1a81caaf80678e5,2,0,0
a16631afb91b2f9d,1,0,0
fe5cd773b1eef1af,2,0,0
86301d4c28fbd878,1,0,0
7ca2f3ace83812d4,1,1,1
10f64b34658c2370,1,0,0
4385dcce6af1af8b,2,0,0
7a64f17bbccf4bd4,9,0,0
951dbd9d4f1f1704,1,0,0
96d48d6d6b9bc0f3,1,0,0
e3face5f7b36bfab,2,0,0
6f5a838eca7c97fd,2,0,0
5a576821993b9d64,1,0,0
34c439242aaa6f16,1,0,0
eba20c3291e63374,1,0,0
53902b8aff74eedc,1,0,0
e7e26e52965450da,2,0,0
18f5165818ec03bb,1,1,1
e16e5743f9f6c3c6,1,0,0
bb4f81ff3dbc8db6,1,0,0
168694771cfdad38,1,1,1
4a51323e9b6eb5e2,1,0,0
3c0873d66cf117ef,1,0,0
f7332902ad4bd724,1,0,0
b559f7b64c924c0a,2,1,1
92d1e9cf8f908455,1,0,0
baac5ef64930f9f9,1,0,0
b3dc515f19c61242,1,0,0
de0e3dbca10e22c1,1,0,0
c865f791fa177035,1,0,0
9683988409d3def7,1,0,0
80084ecb34f2967f,1,0,0
f6539a2130c6cad5,1,0,0
a4f2d7ba33420230,1,0,0
b73993cef5e702e7,1,0,0
51fabd87cdb1806e,1,0,0
1fb271698ff55025,1,0,0
3573c941260960bf,1,0,0
4787a5e8cc5cf269,1,0,0
f98006c0644ccc9a,1,0,0
b951390450f18fd0,1,0,0
017bd52a236675b7,1,0,0
4a1a296eec8ecbaa,1,0,0
5adb4f5c293bc86b,1,0,0
b30ba556b7cf76af,1,0,0
9372769726a39010,1,0,0
899635ac64385935,1,0,0
c21cabcd46cab6e2,1,0,0
8b4a7626a24f8ad3,1,0,0
b028a95d479d4646,1,0,0
8f736606710e0450,2,0,0
611c8492b75cb35f,1,0,0
43afcebbc9bc8b5b,1,0,0
3751f940e9b50426,1,0,0
68b474e39c12d7ca,1,0,0
e61c3dc4004d4fc9,1,0,0
191826a8190d3a31,2,0,0
1f35ce9edcac5691,1,0,0
6edd0abcee458e3b,1,0,0
5685f646372008e8,5,0,0
c593f2c3cc245585,1,0,0
2c93d3d65569f4d8,1,0,0
6b332daf6e91bf8f,1,0,0
9e26eabdca4d9673,1,1,1
2a2b5ce14be4e73d,1,0,0
9c63aecafa9760af,1,0,0
2fe19cd617beaa72,1,0,0
b65ee9011b5b78a5,1,0,0
b0ee6297153b464b,1,0,0
c57b71eb80668d13,1,0,0
1c5ef3278794bc57,1,1,1
5095579dd0107ca1,1,1,1
a8200cb100e18f35,1,0,0
6299db8f24cb5257,1,0,0
cebee2e5ffa8153a,1,0,0
81fda38ac5fadeda,1,0,0
c329e2ea668350a5,1,0,0
a8b263ff65c081dd,1,1,1
689dd545440aa29c,1,1,1
d214a1f8600d0fd8,1,0,0
bd3eb17437921614,1,0,0
26b72f2119218b80,1,1,1
eb6cf85137e44b09,1,0,0
270a9bf49772281f,2,2,1
f022f84d11c1de05,1,1,1
17765b5b306a01de,1,1,1
4a7d200a92ee39d8,1,0,0
4b54167945a534a1,1,0,0
c6ea4ac5314c3ab8,1,0,0
de8a35df0f4fdcbe,1,0,0
b0fe870d52b71132,1,0,0
75b358f104237736,1,0,0
4dcfb9fe1e031470,1,0,0
a6f0d0445c72c912,3,0,0
e639a343e5e99576,1,0,0
f40b64618d8840d5,3,0,0
421fab23ecb976d1,1,0,0
ddc4ddd2f93f69b5,1,0,0
7043b953bbca6fe9,15,1,1
d65560f986e55f72,1,0,0
aebc598059c47cfe,1,0,0
fab9eb0e5f0077fb,1,0,0
c5509fd50e28b7d3,38,9,4
fdf9771dc53b9a1e,1,1,1
13763bdd44223588,1,0,0
9ce5d802cc16055f,1,0,0
b84170f01d877fc5,1,0,0
6da4fb7f2a91a151,2,0,0
c224578cea6d2816,1,0,0
91cddef082ec439f,1,0,0
db8a127879118519,7,6,4
08d9abe12d74402c,21,19,0
5e0c2b8e4cfc2223,4,0,0
0ed12122ae44a8bf,1,0,0
c92d8d2a1cdc4b0c,1,0,0
e9368bdf99a0432f,1,0,0
15a128f9fbd9e636,9,0,0
0d7858252df57b25,1,0,0
d6fa11e51dfbdf1c,1,0,0
d58dd942706cb5c4,1,1,1
89ee2fc199eb0d3d,1,1,1
32178bd685aff01c,1,0,0
da6df8dbb0bb8909,9,6,2
64c69e8254c20827,1,0,0
618b3b46b3a3a667,1,0,0
5ed43b51ed1ea523,1,0,0
204637267422beec,1,0,0
23b921f020e99b9c,4,2,2
40510520bf54afd5,1,0,0
2e632dccb96c9d0e,1,0,0
f90891cd07454b73,1,0,0
6e0e153108c5f0cd,1,0,0
4f55e07cbc8226d5,1,0,0
0df98920b6be2fdf,1,0,0
16cee7ac6772b42d,1,0,0
41afe20d8b68d249,1,0,0
2b0cbfe39ddb3c4a,1,0,0
d242ff4deaa78e5f,1,0,0
e4db1abb7294762f,1,0,0
6d7cb5d54707178e,1,0,0
a8a7fe110788dd12,1,1,1
f92200412713b15b,1,0,0
16e0f4ef5719559a,1,0,0
295a16888d627b2d,2,0,0
45e71c6ee8c25707,2,1,1
f2585bf8dfe05e81,1,0,0
1f7839642474009f,1,0,0
174663cf7028b6f4,2,1,1
29cbd4fa8182e928,1,0,0
9207bb0a16208699,5,2,1
be5fb05c76e6766e,1,0,0
22efb308349d01bc,1,0,0
cc707c72e74f3626,20,18,12
4a3e670c222f84b7,1,0,0
6c234851f645d1d5,1,0,0
b1efce50c43f9009,1,0,0
01c746d83b998a75,1,1,1
dc9c228a78a2c1db,1,0,0
6847c419f288515d,1,0,0
14344ebddbb157d2,5,0,0
597abdc977931cf4,1,0,0
e75a79e7dbc29bf5,1,0,0
1d87134d56c52c30,1,0,0
c5a5d002ac4ae94f,13,13,8
20d160dd0a5a8344,1,1,1
1dc1ea558d4c0197,4,1,1
8928e8c7171df153,1,0,0
0f936b2f8cad7453,1,0,0
83d13ec6a33a1a5e,1,0,0
d144c2d5086fde5f,1,0,0
60d345fffaf2361d,1,0,0
eabfbb7eea13e7f2,1,0,0
c7e4161eca1c2678,1,0,0
313a38bfb67393a4,1,0,0
401b1d9bf5775a42,1,1,1
4f01ceb589677438,2,1,1
3383a30158331bcf,1,0,0
c916141310ef1665,1,0,0
eea05a908fc6f6e9,1,0,0
fffa14f14b2aa906,1,0,0
caa1af213b23855e,2,0,0
4c8cb27e973cc710,4,1,0
ef60314ed6486bcf,6,4,0
045bef74321b2f39,2,0,0
3d124f5bc03a56fc,1,0,0
0f58519993197c54,1,0,0
ee4c457420f5d10d,1,0,0
e9a704eaf7f9066c,2,0,0
e663f28f8b5821f3,4,0,0
8e8987639d166f3a,6,3,0
e28ca73210c1701f,1,0,0
0fe1a73718f4d0a3,2,0,0
706d1e32c2a9635b,1,0,0
c8bab9d27423b5e8,5,0,0
da2980ad17ad4589,3,3,2
733d5b1c5afeebfb,3,2,0
a5887611addbf4ba,1,1,1
583483d730c459c8,5,3,3
fc0eeb9c32ef28de,10,8,1
d5af9386db782aaa,5,0,0
6c043c1062a0b9fa,6,6,1
542361db1520df2a,1,0,0
96c333917f9bc641,2,0,0
5dd8c4e0e1eda71b,1,0,0
2230e3d68028f133,3,2,1
3836dafc891ce7b5,6,3,0
f2ebb6b375f761e9,1,0,0
cfef149390ebfbcb,7,0,0
2bdcf795e2a2fcea,1,0,0
dbaf6aaf34a156b7,8,5,0
7b8f067a1fcc4dd9,7,3,0
05687fbb92f416c4,1,1,1
8145a75b56fe6ea3,1,0,0
2f1826c81fa317e5,4,2,0
6a5b4e3f81c6307e,6,1,0
713beae6a26a5ca2,5,0,0
b10857b586279bbe,17,14,2
6340ac9dfb448ec5,3,0,0
984eadd3e31308de,2,0,0
f8793090e5910832,10,6,1
5ac9d39bd37db5a8,1,0,0
ebc01d8d348f2a50,5,1,0
1f1a4fb15e905a6b,1,0,0
8ba5c4e25c676cf2,2,0,0
64adc33ef7758ad4,1,0,0
68d6b16f7b4c6d11,5,4,2
09abb492e7fbc06b,1,1,1
e0847a6654905909,4,4,2
14bf86310fd29bea,6,5,0
933ba72f1f2194ba,1,0,0
61ec8fe6e98542ce,5,1,1
da311ad32d05068c,1,0,0
c98ac10196aaa76b,1,0,0
e5983daa3f23de7c,6,0,0
77ae70ad78fd5bb3,11,4,1
c7ac17947ce3262b,1,0,0
e79453daba11c9bb,3,3,1
5c9b70704c7c845f,4,0,0
d456acf05f54d643,1,1,1
06dbdbd4a418395b,2,0,0
9e3400d79ade3895,3,0,0
4a8bcd9cece0b512,1,0,0
8146aafca3b526d7,3,0,0
b1eb6d882677afe2,1,0,0
8af3c082a728b1f0,10,9,3
4814dbb2d4188b72,1,1,1
94bc114fa70d7ec9,1,1,1
a40d7fc1a670f275,2,0,0
967df1a60e0266aa,5,1,0
f949b923d1141455,1,0,0
ffa6d9025be922ed,2,0,0
c9b544fc37224bc5,4,3,1
618266b750c02487,1,0,0
bb2cfb720afce0eb,2,0,0
6a9603748115b547,6,4,1
aa12bf919730b134,1,0,0
bd9aaa11acc8d1b9,2,1,1
aebabe438d429294,1,0,0
45ca36e3f7b48344,4,3,1
22dfdc7b0756a597,2,1,0
17d968b4a70e260f,6,6,2
27b867e98d7eb27f,2,1,0
b0b93bdc03b3b28e,1,0,0
f026cada54a8ef71,2,2,2
bd7d9a269eb6f8ba,1,0,0
5b258d89d460a7b9,1,1,1
81c97a4196c48601,1,0,0
1a9ac4d14cd5fcc4,1,0,0
7d2af76905cb16ef,1,0,0
0ca40ccf05426391,1,0,0
ef2f1981d43dcda5,2,0,0
c14fa18b5dea3f13,1,0,0
466c3338ed977b29,1,0,0
208e45eda771a592,1,0,0
faa6820cacde11e8,1,0,0
6114029e98b21621,1,0,0
415484c1551b6b5c,34,33,8
9118a009a7db7fad,4,3,0
30db84e6ee23fd19,16,15,1
2cd9893f79560620,1,0,0
6061b0b8265ccc77,6,5,0
5c8d2f2b7f61371c,16,12,3
7c5387e710939ce1,1,0,0
7c32512d27465f2e,6,6,3
2d70a3eaf3657c1c,4,1,1
a07aa27be03911b4,15,14,5
7e390748ef909764,7,6,2
90454772fe643c0d,1,0,0
034c793bf4f6eacb,17,16,4
2556b96768ba96d5,15,15,5
6acb5d52d28fcdef,1,0,0
4337adf73d3e072d,1,1,1
a89be7685fca2eb5,18,18,3
b342b6706619f918,1,1,1
4153dc4c1da1e956,19,17,8
ab0edb8d4d2b8fbd,1,0,0
bd8e3ddf5d93d89f,1,0,0
e3a4d79631a124b1,1,0,0
76fb31e2602ca49f,1,0,0
eded76b6a776d1b3,12,11,0
3e967de8dbdef956,1,0,0
cf30db39214d8ec7,1,1,1
4d31408d7658a62b,1,0,0
b6f02c7ab592c65e,3,2,2
b1a8736cbb918cd8,5,2,2
35ac8ca16378eaff,1,1,1
4c3034df748fb607,1,1,1
29442e20843b9d3f,1,1,1
961abada6d2b9938,1,1,1
e520d251aa586fb7,1,0,0
4f11c4d213f0d7c5,1,0,0
628a773bba28c620,1,0,0
41c3738ee40f403c,1,0,0
7d7cf91de9267de1,1,0,0
432825bbf72913ac,1,0,0
727aeb7cc6774cac,1,0,0
d067150c938d5f41,1,1,1
44c5237275330b62,1,0,0
e3fd4fa8abe25cec,1,0,0
08e371edf1c22bb8,1,0,0
1247c48311566703,1,0,0
36773afbb9811a62,1,0,0
00062b9f80214b8f,1,0,0
b28da69d36cb387b,1,0,0
e8aa18db7099eb45,1,0,0
ead1fcc067ef9250,1,0,0
c54a0af99619eb97,1,0,0
dcabd9193026b7ad,1,0,0
8c47d99f43aafd25,1,0,0
a6e878d197fdbeba,2,1,1
7169e0273d9947bc,1,1,1
34f78a975e73f1c5,1,1,1
85495804e6dc0c60,4,0,0
d855482404b493cc,1,0,0
2b04f073f71b3829,1,0,0
fb87c4e53e657c8b,1,0,0
00bc4e6537420892,1,0,0
88d6c13d0cff154a,1,0,0
866e815a7f3eff92,1,1,1
b860d49f4c1ca0ee,1,0,0
3f71ccc01310e360,2,2,2
b5e4ffb689d2305a,1,0,0
80a78b5a2458a3a5,3,0,0
c0fbf1f4b2561c9e,1,0,0
aa367e782a232fb9,1,0,0
0c0c5ee69b5b723f,1,0,0
244a9b10bbaf7e5d,2,1,1
6ce05aceaed2f935,1,1,1
0bc8049f0cbabd71,1,0,0
2350aeddcff401e7,7,6,1
a82ec71d3ecd60b2,1,0,0
24f6e2efcb89b568,1,0,0
4a79163fe43a3e78,1,0,0
201a0b9893c3c495,1,0,0
6fc98fc4adaf8c73,1,0,0
368fd16505b4094e,1,0,0
2783ceb2e5f096fd,1,0,0
e118e2886daf4fc1,10,0,0
6ac47a289ce02b1e,1,0,0
45b6ff0ff158deea,3,0,0
403cf03a6892ced0,18,11,2
dc701982121e582f,1,1,1
240c1170972a6927,1,0,0
ee71873c3bf9f05a,1,0,0
94c65c99cdf96257,1,0,0
85fc8798494638ce,1,0,0
6b0a6ad00eb61b3e,2,1,0
d514065eb8f3fafe,15,15,5
7f1e807f5947cbec,30,30,8
5e3207e245c8a67e,36,36,5
db8f1fb27d28b1d7,22,21,3
0a1eb11e335e5bcf,2,0,0
4d67008e988b0c7e,1,0,0
2b5cbd80a9d9e2d0,5,3,2
7bb9beba3de324bc,1,1,1
e2f14ffe9a3971be,14,12,1
b1573d6d33715e26,2,2,1
550a8376463bf731,2,1,0
a90e12a578e47601,1,1,1
97ebfc044b08ab2a,1,0,0
2b990151d14f0f6a,27,26,5
fed398fe9a95df55,3,2,0
0edf3cad4cee48f6,12,11,3
b74c3cb1002454ff,25,24,4
079da57199c0e9ef,1,0,0
c493f41ae1e8aefa,1,0,0
7e6e938aa192c352,27,26,1
cd376f6f3a7f09df,1,0,0
0f7ceb2670ee575d,2,0,0
82b818f951eb3951,2,1,1
ddd8f894620b494b,1,0,0
741b6adaa1abe12f,3,2,1
3b68adbed14140fb,21,18,7
4e02e9ffba051fc7,23,21,11
a3c10dfbf0d9b92f,1,0,0
5ef442600c82c7af,3,0,0
516f1d161aff1de5,63,48,10
39f75cd7cca63295,2,0,0
795bb39e3f697725,30,29,0
6a4cd212e1f24aec,1,0,0
178578a90e2d2eb5,1,0,0
01d33b14cc55bf79,1,0,0
addee4f2c8c32f54,1,0,0
17a4ab875251ea80,11,9,0
538ef5fb89d600ef,1,0,0
c4b6c30574bd1248,1,0,0
d71b684050dd46c3,1,1,1
406ec1051fcbbf45,2,0,0
82318448d9731186,5,4,0
97f2b0ca582003a3,4,2,2
c96a54b829f56322,1,0,0
9b229cd3f2fa57f9,2,0,0
281e7528c355b9c4,1,0,0
d82d5c5d6bfbe3d4,1,0,0
c7bb502932501688,8,6,1
516af6c6f975d9e5,3,0,0
ad7a83270082e712,6,3,1
4c8e741d7a97c519,4,2,0
251d30b40489212d,30,29,1
dbe12718bb1b9c1a,8,6,0
817adc1cc807fabf,36,35,4
29aa22a87dc8e123,9,9,1
6979b37ec59d01e1,3,1,0
aadbfdb88afb22ae,1,0,0
91738750f7a9d583,1,0,0
046024eb50f35739,2,1,0
8a2139204f8dc897,3,0,0
2858f7dfb5e82d06,1,0,0
b0a3a34286e28d1b,3,2,1
e2a42ba5971248a7,31,30,2
f5dfa46fe4a4ccd3,42,42,14
49205fc2dee7581f,1,0,0
27ab0aa91e19ace7,1,1,1
b1c7ceac774e413c,2,1,1
ed6a6e107a52eac9,2,0,0
0d55a78a96ef71b1,4,0,0
ade1440106970bf8,1,1,1
d08cda0d2e7c7b54,1,0,0
37784a47769a365b,41,40,9
b4982ac4e18fecad,13,12,2
5b4d4eb3d2f7ed96,2,0,0
f2de4420a60d0ad9,1,0,0
e6adf72fe7a03954,20,19,1
820b1e6f1437f626,27,27,6
100bd992e9c3c4b9,17,16,3
9ac72c9b063d7d09,6,5,1
df0c8040492e7b21,5,3,2
e17d5293d56af3d5,2,1,1
b32df01f63e14f0e,2,1,0
a3d24f0a845c3622,8,7,0
512990c718dde135,4,0,0
ee6edaf412344954,21,19,4
0f5de9b2d8702ca7,1,1,1
c9c3b9689828c0ae,4,0,0
8d7cac65f2ff0462,2,2,2
7d63758a34e801ae,1,0,0
375569b80673944e,1,0,0
84b6e9c334860107,15,14,6
90381b193b75faaf,3,0,0
920308cc038ccbf4,28,27,3
02b015e3b5403be5,2,0,0
4edf13f939d2d176,1,0,0
cfa27b498042d727,1,0,0
2270304d2988fab9,4,4,2
05482f108f1dcd92,26,25,1
1b9d22f0197ce482,1,0,0
2f9326a1ab5ca49a,1,0,0
05e2ed8dc5cb9617,4,2,0
9cbbd01fde8e991f,29,27,6
e1e1a55ec41874dc,4,2,0
94ee228367f1ca59,22,21,2
db9e660d30dd83c3,8,7,0
bcd6ec38a9fd9a79,12,11,2
b0816bfad7802413,10,9,0
85f8bec113d22e05,8,8,1
7051829b31e761f6,1,0,0
97b2c8707ebfb2ec,8,4,0
2ce482930578db82,1,0,0
1992b968e6e929d6,29,27,1
e9ceb6d9cbe13ff3,6,3,0
1a50ac71a548b0fb,1,0,0
ea78904f5e01133c,2,1,1
a9e7586e30273360,1,0,0
ad17822ef393d883,2,2,1
da6e6c120517d7b5,1,0,0
f866e5df4c80ce06,2,1,0
ca4e2d8ba2e54347,2,0,0
385cd2b58d9aac4f,3,2,1
fbdca9b0667978ad,2,1,0
75f0e9069e34d285,3,0,0
06ee74219759809b,1,0,0
35cb6cfc881eaecd,1,0,0
aa50dee31eef6410,3,1,0
d2dbc1ebeeb86602,2,1,1
09e7ada7e55b2f42,2,1,1
b9992627f225ba2c,30,27,5
9617a36372b26564,4,0,0
a27b7f5ca2ea30c2,17,16,3
dbe74aca518fa283,1,0,0
5bb92841fd0b01b7,9,5,0
898bfe32ab93a980,1,0,0
0b1562866380d87d,2,0,0
92fcbb33dd8406d7,5,4,0
a3979568086f5025,2,0,0
07d497584a9b3bc6,4,3,1
0d3e2bb1d2eaefa8,14,10,8
8c40d28ca9eaefe7,10,2,1
45a32070bb17822b,1,0,0
84b932a5ef93062a,2,0,0
7dd83f3cb84e3417,2,1,1
197a41319346e248,4,1,1
7041bc7d13d3a76e,11,3,2
d14c7e988a9639b2,18,7,2
e5f628dedfb6202e,5,2,1
a6815d5d8a5906ab,1,0,0
139f63c473693a51,1,0,0
638900790d228bf0,1,0,0
b46cb4de75712167,1,0,0
eb3e12a7a5c4fd21,3,1,1
ff882afbe176b680,3,2,1
73f6f910a9db51a1,1,0,0
647b1e4aa3f6aa29,1,0,0
3f2bdb6f20e6fdf9,97,95,21
000950ca010e68c8,1,0,0
c487fd47f0fdde09,1,0,0
aa772f905b878ff1,2,0,0
5a197aeca34ed3ad,1,0,0
3722a36ae68f0c85,1,0,0
5ee6fb95a99006a8,17,16,13
08aab56a79ab8ce0,36,35,5
eb84308e8da6fd68,6,0,0
2d659a9059066bc3,1,1,1
060d0026dd9d9b63,1,0,0
540cd26863bf2621,4,2,1
61effc8abef9f7c7,1,0,0
e06fbdeccb2b134e,1,0,0
209d475bcbd38887,1,0,0
8296806d5471749f,1,0,0
319c7cff42f93235,1,0,0
ccf5e054f607119b,3,2,2
fbc380e7fd2aecd9,1,1,1
69f9779894ee241e,1,0,0
eb6bd263c505086f,1,0,0
392389e2d05de6c5,1,0,0
9160b8d66efb0a85,1,0,0
69f20b702e6981db,1,0,0
ad8f56377d60c99e,1,0,0
0ccca0a9287b5d62,1,0,0
6666a028b770900c,1,0,0
849eff21bf189a7e,1,0,0
1128e62b7235eb5e,1,0,0
fe48d193c73962b1,3,0,0
01e6f1bf453458ba,3,0,0
73aff0c4a5084638,1,1,1
aaf3c37a1607ded2,6,0,0
5ec5e4deb53a8b86,2,1,1
d12c8036e10b3ef9,1,1,1
712073819ce7fb68,1,0,0
5980aac2d9f7e820,1,0,0
005631f44fb874b4,1,0,0
6b22bece5d8f7df6,34,34,25
48fcfc3fd8cb6ef8,15,14,1
c5765125b558f32d,2,1,0
80e1b0200cdf2c14,1,0,0
feecb264d35f966a,3,0,0
2b3d40e113992f1e,2,0,0
b7524133048c90e4,1,0,0
2896d4b6c5dfd82b,1,0,0
4616c48c37118180,3,1,1
8bd59e7eb873bae1,1,0,0
8f69f0632ce01033,1,0,0
f9fce696d651e577,2,1,1
8b1ee7fac1716f30,4,0,0
b342f22f3d5db6b1,3,0,0
6be7b0a7777296af,2,0,0
c697c8226bfd10cb,1,0,0
cb07009de22835fd,1,0,0
bbc238196a59d94e,1,0,0
d02477673ff360a5,1,0,0
8bede604a810aed3,1,0,0
4a0c64ce17e3111c,1,0,0
76d6ebda81b09245,5,2,1
6d189e473d4bad07,1,0,0
88f18be2b8bed8db,1,0,0
9daeefc6b0441a94,1,0,0
332054914b4f975a,3,3,1
57e2ce3801ca5237,5,0,0
03da47d8276bc6f3,3,2,1
3d589f2614636fd9,1,0,0
f93a0857223a612d,2,0,0
02b23dcef05de205,15,8,6
422f0b658808c75e,1,1,1
e77f0012b299c27e,1,1,1
ec347ed8f3a13874,1,0,0
32d61589d61c6983,1,0,0
5cc02044ade67a80,1,1,1
da80eff8ed8514ba,1,1,1
8c70a4b1e57d3152,6,3,2
ed47208794975c44,1,1,1
8710a8540a85de8c,2,1,1
aa4fc7656fa8c11d,1,1,1
67249ec0184f2c71,1,0,0
761e7753c01ac7cf,1,0,0
b3e628eae21edefc,2,0,0
5618533ce8a9902f,1,0,0
22b56c3abbd7e09e,1,0,0
299a650359475511,1,1,1
52f54d0bc4c2e8cd,1,0,0
c008f6a4fdae4680,4,1,1
9cd3850fb7621e2f,4,0,0
832346d974d6a1a7,2,0,0
9fd58ad0ba0b2885,4,0,0
8357e79a0e7419c0,1,0,0
cc89c2fccbfc1858,1,1,1
4b88a0fcd994ecc0,1,0,0
fbc7e7465405412a,1,0,0
46fdf2cc08a9916c,2,1,1
a406b61fa58b3154,1,1,1
eb92a5b61724d1aa,1,0,0
683c4f49f4671f16,11,7,1
903d5dbc3a8b9ef0,1,0,0
63c4a17b26a3c0da,1,0,0
172cc5bfb367a411,1,0,0
3f07e2521ed01c07,1,0,0
84d4c88b0df133fc,1,0,0
3f4bfa9f5c1799e4,1,0,0
69e866ff17c807ab,3,1,1
455dd7e180a615f2,1,0,0
d15e44afbebbb51e,3,3,3
1fac9693efe23abd,2,1,0
5b10b4e326192e79,1,0,0
58364a881c1df385,10,6,4
0f1a519b6edaea6f,1,0,0
ae604ab7554f0d47,1,1,1
48907ced8498b64d,1,1,1
78a3a086306085ad,1,1,1
28f83dd7fcf71507,1,0,0
56e725da99f93eab,1,0,0
2fe05585c369b581,1,1,1
ae17df23b011d8f4,1,1,1
632e6aa038488b6b,1,1,1
f2a84704b591917a,3,0,0
579ca1a7cc68ff3c,121,117,4
1e0198ff40b20ca0,6,4,0
e9ceda1cf5844e64,5,3,0
bc9f31abd55803a0,9,5,0
c99edcd22f9232c1,8,2,1
bc9b350f523c7376,2,0,0
78aeed1d861ce98e,1,0,0
8fd4ba4a2a117a40,1,0,0
1f4cea62bdd55937,1,0,0
46bb5afe63a492d7,4,2,0
d7469a617862e989,2,1,0
8773c65c550b521d,1,0,0
c5578feae60fa9e8,8,7,0
24c321f92538e48a,1,0,0
7ffc040e410f2d1f,11,9,0
3fbd5b7ec405fdad,1,0,0
66f44e0c26f2c306,1,0,0
60fd8c8ef6a72a52,2,0,0
99f4c0dfcc7bc98e,1,0,0
9ac040410c372635,1,0,0
3d4029a703255109,1,0,0
007c9440ba4fbc1b,2,0,0
0db8316d8f2de210,1,0,0
b3e891381e92fa52,3,2,0
3bb0404dd21dfbeb,25,24,4
6475d04c331bed98,1,0,0
647e497dd63e9d63,1,0,0
f114689bbc15e032,1,0,0
8d3d88f149b6a5b5,1,0,0
8e8fca95e95e851a,3,0,0
f316d16b25151044,4,1,1
beaf950e68a7869a,1,0,0
91e4a7e65476e60f,1,0,0
84e712c05189e2e6,1,0,0
d7005c9e76000409,1,0,0
358bd74957569259,7,1,1
350cf25d5816f286,3,1,1
014a3357ac7b5eee,2,0,0
792b1c0ae213be58,3,2,2
d056f8b49b2684a6,22,20,5
be41a69cda3e750a,7,5,0
9a7ac0c39932bcde,2,0,0
d5000b29ccb4b20e,1,0,0
fa0052d8bf062545,1,0,0
84f41b278eaa83bb,3,2,0
26d47d97115879a1,1,0,0
e40c7ffe2cfb72c6,2,2,2
21e2f8600f11ae8d,1,0,0
0e7ac448d6d1d49b,2,1,0
eacccbede0cf8bf5,1,0,0
4d7b00e521952f27,1,0,0
c5d9405f420f99bf,11,10,0
14ebec4fa7cfffa3,3,0,0
32bfed46b352d904,1,0,0
c28dbfc0ecd4e95f,1,0,0
a93a078569c84e7a,19,18,7
7c918989165e592f,1,0,0
d5596a6295220bd3,1,0,0
cd71fe60cf285c9b,1,0,0
40e0d197d71166eb,1,0,0
faf7db1f10d18a7e,2,0,0
001b4a497d40f8c1,2,0,0
331cfdb799bdb070,1,0,0
485bd6999f41265d,2,2,1
645402647c57d8e7,14,10,1
cfc9a45970a39c50,1,0,0
4a96b93e91ec8cee,1,0,0
1283ba21c62de3ca,2,0,0
6138ba5a3ebc9746,1,0,0
809795932d72986d,1,0,0
ab5231aa1f51a645,1,0,0
af94d7560c42afb7,2,1,1
b5a728188a7039db,1,0,0
9a2b147e56add952,1,1,1
f17da2a0555eda69,2,0,0
a83c2b2ef916cc76,1,0,0
f46a287db1bad654,2,1,1
b3739db31ad601c7,1,0,0
c5c2ff5415eb46f7,1,0,0
3a8a781676d7d50c,1,0,0
dedac3c2ad8823b2,1,0,0
75ac4c4014abda48,1,0,0
17257035af61405b,1,0,0
1297f6129ad1091c,1,0,0
f3a3550c359c977b,1,0,0
ae1b37e526a1192d,1,0,0
9b15069e775b4484,1,0,0
61d3a4b2b7561250,1,0,0
6873c8fb642ceef2,1,0,0
a4e60ecdcc5803bb,1,0,0
aabc65fadff524b5,1,0,0
1cbd97db3d763ef9,1,0,0
f2ef6c3f582d5763,1,0,0
d5f3cc2c89659e76,1,0,0
7fbc82a0c3348292,1,0,0
4312aca4579031a8,1,0,0
46c724048f4bfbba,1,0,0
ca48b4bfc6dbaf1b,1,0,0
230f479d9aa10dbb,1,0,0
ee255740d1b1e219,1,0,0
a68f6a6bcb975ffa,1,0,0
d8435248a4a4ec2a,1,0,0
a53ed93459f170dd,1,0,0
8b5ac7c8c327c3fb,1,0,0
88e27fd60a2c1baa,1,0,0
fa7995338c93070f,1,0,0
94f880f11898834f,1,0,0
1db1b82a98ea3036,1,0,0
8d0e1bc149f01cea,1,0,0
5f2bfc092aa25c21,1,0,0
3bb539dec9c12153,1,0,0
a60d5869da933eef,1,0,0
f3b2b42337468deb,1,0,0
853a948f0b6f0a80,1,0,0
2b7c81d489075e18,1,0,0
941d6d296150efd8,1,0,0
22108ecf9d17ccc2,1,0,0
43d8bf774686a178,1,0,0
ac9bf83cf1b9e344,1,0,0
f6af7973c4eabae5,1,0,0
2430e3705c4611e9,1,0,0
f1f59b3c109d6306,1,0,0
9c86fcd7779b2640,1,0,0
b78c2d7b13f16b55,1,0,0
7d1cb5feedb037d1,1,0,0
649ef77ee827d516,1,0,0
f0077fcb00016c0f,1,0,0
a3edcca16d8b9a95,1,0,0
cb480a459683df3b,1,0,0
305615caacdbce87,1,0,0
2c90e5256a2a5f96,1,0,0
617cc27992a9445a,1,0,0
cd148b61e21b376a,1,0,0
ac20fb7717c2b3fa,1,0,0
42e27ba6c78d6844,1,0,0
09c9677f6b4279e0,1,0,0
f658b5f832c48bc3,1,0,0
84ee93852bb6c817,1,0,0
5e9066e327c6a9c9,1,0,0
896d934c69231e2e,1,0,0
5dd11e09fd909acf,1,0,0
0c7a9c47474dd030,1,0,0
3ba3c7c1b07abdba,1,0,0
4244cd65bdc2f439,1,0,0
313e066fcfa25b78,1,0,0
825c30b8f71f89f6,1,0,0
4b8ec8d72f8ddb21,1,0,0
05ef5debd0bb4ced,1,0,0
8d6d75aaee780c8d,1,0,0
dd3b14d9bd5cb2d9,1,0,0
fef8da3ec58184ac,1,0,0
f3b067ac7a29885c,1,0,0
6d1f552620bc89c0,1,0,0
b177861ff98b4e48,1,0,0
3bb6aeba436a7a17,1,0,0
8472a62b300abb03,1,0,0
196f3e549df6c248,1,0,0
3580f6fa576d0a4f,1,0,0
cd849a629929374f,1,0,0
19b148a463109279,1,0,0
c1fbfc66b7ea3578,1,0,0
b9b34f50fa2c0b07,1,0,0
98faf57e75a6bca9,1,0,0
64044ded4113edb0,1,0,0
2004268989c9e934,1,0,0
268a912b455f0da6,1,0,0
6e6c2d635fa1815d,1,0,0
984c9b6bcdc91a67,1,0,0
bbdae1ef468c08ee,1,0,0
799722d25c9922a8,1,0,0
428afe7ee9fadadd,1,0,0
09c85b224e4f3029,1,0,0
8a81deb69332efb8,1,0,0
e20e71427b78d125,1,0,0
0c236c0ebfba8032,1,0,0
5a98b781fbc417a0,1,0,0
c0356b6151b29c2c,1,0,0
596013b566c29e8a,1,0,0
4bc363a63ec86d93,1,0,0
65927fbddf51f927,1,0,0
9bc90e75a3e0c2b8,1,0,0
31d7758d1f979e15,1,0,0
39a96256b582bd28,1,0,0
4695296e1d4b7686,1,0,0
05ee5bea5e34ebd7,1,0,0
add045ae182dc849,1,0,0
68de11d98e4e89f6,1,0,0
48d6c96b47bdad73,1,0,0
2c20af1425578a6d,1,0,0
2dd11cff4f86c5d3,1,0,0
2b026fa8ccd2d038,1,0,0
8bab142f9c38e848,1,0,0
0c78d08b86f4abc1,1,0,0
0e1efb9088bad83b,1,0,0
c236cd1b645754c2,1,0,0
44cb9bc7d1c55507,1,0,0
5f87854923f08ce0,1,0,0
30cdc031f3c33c3e,1,0,0
1f06044e89db65bd,1,0,0
1aa476c8ce863aaf,1,0,0
a45a639a671aa990,1,0,0
b950997af89de4ea,1,0,0
4970ac763c6a726d,1,0,0
991adb3e02b58dc4,1,0,0
8b14b7f4ad4b294a,1,0,0
4fc9d788309a83ff,1,0,0
2a65a60a7e0b2c89,1,0,0
500057e111276a36,1,0,0
b6f6b750388bd645,1,0,0
2c349528696f4a21,1,0,0
457baef10f66853c,1,0,0
3296537f8dfa8f46,1,0,0
564ae5a405aa168a,1,0,0
1766195c3224f3ae,1,0,0
42394f964541afae,1,0,0
24d229cf3ab94dd9,1,0,0
ddd7cb53d11ce240,1,0,0
4fd75d92787ddfca,1,0,0
27a83a13a7f911bb,1,0,0
ed8e5d10ef3dc454,1,0,0
9ac0b387faaf2299,1,0,0
bf155a81ca3cb2a6,1,0,0
c1ba0c00a7c01c75,1,0,0
4e107449af7cb8bd,1,0,0
028635bd944548ec,1,0,0
68184f2b30199cb3,1,0,0
73aa981f23d8edf0,1,0,0
1bd6db3582b0cba6,1,0,0
fa86cc5abe8c884e,1,0,0
f1c1eb924f90ebc2,1,0,0
b9cddae104f7f420,1,0,0
36055353e3565f26,1,0,0
eaa6837e81c783e5,1,0,0
7e3f18e3ffc8c894,1,0,0
9c6174ae9ff10e8b,1,0,0
b7725037ef98da39,1,0,0
d19f8c5abfa83c24,1,0,0
1d9ee5569d1dc2ca,1,0,0
8a94b27d0c2919c3,1,0,0
45a59f833fe7444a,1,0,0
faef09034c8841e7,1,0,0
6273f975725edf13,1,0,0
9b2ad92c5d86b3b6,1,0,0
6d4d0b3c97ff696a,1,0,0
40edd28def93f43d,1,0,0
4c8da7fd164c7dc6,1,0,0
4fda4ba0c319e18d,1,0,0
378385620b801e9b,1,0,0
8bb28b0e538bbc33,1,0,0
0063d7fd6afd20d9,1,0,0
17567b5495b77cad,1,0,0
ae471905f5434b65,1,0,0
a17ea7617dde2f73,1,0,0
0b178a00ba21a863,1,0,0
324d752a506a325a,1,0,0
a1ed3e2ec8a8a540,1,0,0
ea899e67ef7223fd,1,0,0
2bc126549b505562,1,0,0
95bfdca99fdef31b,1,0,0
6f3ca2e73cad5ded,1,0,0
045ee41e979b9a0b,1,0,0
40979395de8baea8,1,0,0
ab963e4a384a5358,1,0,0
6c74809985b128be,1,0,0
fb251e5c67a472c5,1,0,0
b839b9153209f1db,1,0,0
34fdc00412dda9b3,1,0,0
ab621ab55f3a3b9d,1,0,0
43333ab1a0d5bc32,1,0,0
759bc75dcb18d17e,1,0,0
657f8bb207677293,1,0,0
964bfb9179537f0d,1,0,0
5b76ec51a5b4368f,1,0,0
c7ce253e73a23c8c,1,0,0
9040c170aba2639e,1,0,0
0f2f6aa31309c355,1,0,0
4a84299ac5b701c1,1,0,0
5590a6ad7d7cc2dc,1,0,0
20b190242097568f,1,0,0
fd1a4897e60e8365,1,0,0
b539499b1523bd76,1,0,0
09c5b7428ae6bba6,1,0,0
ab9f846a4f390c14,1,0,0
138af5d8ad45c414,1,0,0
920c1e2c0f20ff7a,1,0,0
edc4e434bd9a72b0,1,0,0
6144ccb08f2e6fef,1,0,0
9d8bc879976c8992,1,0,0
057fe09717eb4422,1,0,0
e2a7acdff694e8fa,1,0,0
036de03df80430bf,1,0,0
5ffb7b18f862a43e,1,0,0
c6b4a6e146752d8b,1,0,0
7659d290eaa04259,1,0,0
c2531d0cb10204d2,1,0,0
a6f4c6c198b30a5e,1,0,0
c5c375a4f1dc158e,1,0,0
16522b9e6a3c1333,1,0,0
5a208dfb3a574916,1,0,0
4ca39711dd42545c,1,0,0
f79e4d1a3af3c22e,1,0,0
d36516923c86faf4,1,0,0
05272e3caa5c6418,1,0,0
fc1ccaff77af6c62,1,0,0
ace81612b0970fd4,1,0,0
b3bff26125e388d4,1,0,0
157ba8317cbbb088,1,0,0
f0f1dd2d7b8b42dc,1,0,0
bc3ced9ed43ea10c,1,0,0
a1b3313e9ff27ffc,1,0,0
6cb417b89cd3bae1,1,0,0
805c2c8d157c2242,1,0,0
b57d7b65a43174f8,1,0,0
da8b9396b4a97e2c,1,0,0
cf672b7cbe7568e8,1,0,0
1580168dc112fbea,1,0,0
a3d95bd5b6bf3fe4,1,0,0
f60480b34b19d253,1,0,0
e7927d8edf03de3e,1,0,0
d83b0a65ccae47f9,1,0,0
5fb73e359461cf2b,1,0,0
4a00048631fc9512,1,0,0
88657b3c8786ef96,1,0,0
1129566dcf751f6c,1,0,0
0b5b5984e762bcf0,1,0,0
910346476cdcedd0,1,0,0
42857ec1231f465b,1,0,0
6b0129e9999af867,1,0,0
20426c396a4cf6db,1,0,0
668d9c39a9861259,1,0,0
d7ac59f64b497cd1,1,0,0
bbd2b5405cb84773,1,0,0
d191f561e71b72c1,1,0,0
05d0563cc765fc80,1,0,0
07484c4290807f6d,1,0,0
da1b67130741968c,1,0,0
22d3a80611f3c1b9,1,0,0
00d5a0d766926a86,1,0,0
29695111db2655be,1,0,0
1173bd6a6b1c2d5a,1,0,0
e2ff870f432a424c,1,0,0
12b42b10f9df250d,1,0,0
90c82899d29c78c6,1,0,0
4bf5d18bd941aaa6,1,0,0
012b76543d16583f,1,0,0
b8384f059b7d2192,1,0,0
693878c477060533,1,0,0
f2464dbca89a0c1c,1,0,0
ea77742eab484181,1,0,0
70a448ecbd0b46e6,1,0,0
5e03a3ac651dda19,1,0,0
f9f395040ec2e84b,1,0,0
ca85c0355bc3dd42,1,0,0
6bf736e93933cbd4,1,0,0
a7690f00249e8ba5,1,0,0
1687cb6884095200,1,0,0
85ca3f6f18f9eb8c,1,0,0
65cb52da33f361bf,1,0,0
b6bcdfbd98723299,1,0,0
96ce3f360495d0fb,1,0,0
3a266264e8936ea3,1,0,0
96e28384e19e3768,1,0,0
d56dc13be642c822,1,0,0
7cecab5cbe8831dd,1,0,0
9030d4fe90364e22,1,0,0
100454598dbf4242,1,0,0
26f22f29189377fe,1,0,0
df6d4c7afec0f1fa,1,0,0
96658b94472dfd53,1,0,0
1058bd135ed06ae5,1,0,0
a7acdb244333a269,1,0,0
b12da7e2fa8ab481,1,0,0
5bcf56bc2e08fd9a,1,0,0
8c74f4a4838faadb,1,0,0
99fe64ba9f2a13b1,1,0,0
77367c0f01761000,1,0,0
ab9449278dbc5c60,1,0,0
be2b92e752d5527e,1,0,0
3a2198dc3cb8c093,1,0,0
dfcd027d0482f8b2,1,0,0
57d42accb821d624,1,0,0
a39e5f30cc889eb1,1,0,0
fdf7489cfea90c01,1,0,0
0efe61539c727bb5,1,0,0
d63abe6272bd3fd3,1,0,0
b9c4c11e640a6fb9,1,0,0
28a7801d6fc91e68,1,0,0
aceaccc3aba70e11,1,0,0
415749f4e48f262c,1,0,0
df339cb66e34ea19,1,0,0
961aba8a07527afd,1,0,0
f75ce4c3dcb3c63c,1,0,0
92be16ce93dfd78d,1,0,0
e153300298e24140,1,1,1
453c79af084f8eb8,1,1,1
b502460b0c2558d1,5,3,0
f3d1efee4a10db63,15,15,3
a45e13ee9dce43eb,36,36,9
e84cba91c6e6d105,1,0,0
26e0fa3ff6307b1c,4,3,0
6b7544e00852426d,1,0,0
a33f314fd28588d3,1,0,0
eadbbaa4774ee79f,1,0,0
6ea937b4682853d9,1,1,1
e5334a2a2deb9d16,1,0,0
2fc991a9d20e4c25,1,0,0
2e27423c66342699,5,4,3
58b382b9a728d64b,9,8,7
dc27c92f6e7afa17,1,0,0
dadf9570b6064c58,1,0,0
b377ccc1afffe555,1,0,0
dfcd9ef37413ecbd,1,0,0
f54cc2b6764c7181,5,1,1
f739a1c00c630bdc,1,0,0
6afcf04968826a8d,4,0,0
bd6d65b53c9d2252,1,0,0
63c9b8991d8c8330,1,0,0
0f1fa7addc56f406,1,0,0
d2bb3065796de675,1,0,0
b0d802d6223ebf0c,1,0,0
cd0271c327c2bc52,1,0,0
7261448818635859,1,0,0
03aa52a0a680b9ac,1,0,0
28d7c2f070650f93,1,0,0
41ce2bcafeb90760,4,4,4
da9ba2325fb3ce72,5,1,0
289369fa55bd25f8,1,0,0
dff01dda58bf1471,4,4,2
ee3c545daa2d8bef,2,1,0
1027a37c82530567,3,2,0
e83f41e684703b14,1,1,1
540bed64d835b436,1,0,0
18082caa4f14b2fb,4,0,0
d7ac6879c730844a,1,0,0
a1327f89b2de6441,1,0,0
4a2cd8094e488bdb,2,0,0
55c49a3fe90e63f9,2,1,1
96878eb384162ef1,1,0,0
36998ba17cde5c15,1,0,0
5998d9189558e1c4,1,0,0
55a3ba2f7845cb86,1,1,1
63a8ed398b4a0601,3,0,0
6cfa6ae1791802c2,1,0,0
3b3f5ac41c53e564,1,0,0
eec131460d20d8b1,1,0,0
f53eb5662f512bd8,1,0,0
3317e01403e84c97,1,0,0
c1bc59ed4e8acfa3,1,1,1
7012cbe8bd11b609,1,0,0
479fe54e3b057fdd,1,1,1
bf7cb747819283d1,39,34,3
8435508d3db7133a,3,0,0
a0e9bd79091d2c0e,2,0,0
be9b8d8bd2ad9489,3,3,3
3f9deaec9eabe970,3,0,0
c6964a2605e2f869,1,0,0
1e5241d0073170f7,2,0,0
460a50ea0bc392ef,1,0,0
bd4f9de37dfd2ed8,1,0,0
2833954816536963,4,0,0
212bdaa6980776b1,1,0,0
c25f22cacb0d5cdb,2,0,0
52183220d77f2299,4,0,0
41f01762cc852392,1,0,0
14e46fb3062052fe,2,1,1
3518e5e127ee5f91,1,0,0
b4033dd86941f44b,3,0,0
916213de6ecc1fcf,1,1,1
bf5c737d2824566b,1,1,1
9b1f2044211a5cf7,1,0,0
f4f41fea8236a4b6,1,0,0
927392142c12fb04,1,0,0
f3895bd7cad1c0aa,2,2,2
4cd320f9f736a6fd,1,0,0
0530feee67369091,1,0,0
027ae1916d8c66ed,1,1,1
050cf9a7bcb39897,3,1,1
8d250c5849220bc6,3,3,3
0bf279e054034494,1,1,1
4bc2eea4466d7d5d,1,0,0
809b5d437e90e6a2,9,5,1
ed978e33d2adf57a,1,0,0
27b2cc5065bfd181,2,0,0
c51772c34723ae40,4,0,0
c8f120d7dbfe8ec5,1,1,1
26f720f2d7f6264a,1,1,1
490ab283f37e9cbd,1,1,1
ae36c7a8cda7a5b4,2,1,1
49c035acc540e625,1,0,0
09c8a2e1ed6b2242,1,0,0
94d61f8115b4d421,1,0,0
2f01bf88b3917bac,3,1,1
d3899871e9faef15,1,0,0
917e95834653a815,2,2,2
593b915c48319c18,1,0,0
c310166556badb63,1,0,0
081934a9c5a3f532,1,0,0
6f6a0f8bdc698ded,1,0,0
ad2f3feeb1d99f49,1,0,0
78a3be6e81d1cd9f,1,0,0
f41a81ad57a7e3f7,1,0,0
86f1018942bf5574,2,0,0
2d058256fabc856e,1,1,1
e509cbaf67d00c3b,1,0,0
d37e85343cab46b4,2,0,0
eb37204f4b5c3768,2,2,2
6dd445f525bd0cef,1,1,1
c7c09b9c0d25c9fe,2,0,0
668a985f279111cc,2,0,0
491f85c69ad76ecb,3,0,0
ca0af443e8c16d1e,3,0,0
49aa4f6897920855,2,0,0
ec98fc861b4529eb,3,1,1
ab3a5381c7764420,1,0,0
226d724a9e71fe1c,2,1,1
962a2795339db815,1,0,0
ef180200b305f330,2,0,0
bc60bd6027e546e9,1,0,0
0e7a9e9b4cb6f165,2,0,0
09e6fc4e9283bfda,1,0,0
c747f64c0c3fcb66,2,2,1
3d7162b0f088a0d6,6,3,0
a763e4877686fa7b,1,0,0
a2f0ca9265784743,1,0,0
f44459a22439c090,1,0,0
f3604659756fb2f4,1,0,0
22b21252760a9c92,1,0,0
242c323f72f9fd13,1,0,0
e2686f85cbd4cec1,1,0,0
6afa2b2b7662079e,1,1,1
5d92af71b4c36d61,1,0,0
6671bd52fb482742,1,0,0
666d6c40eab406ae,1,1,1
83ba0bdd15092e08,1,0,0
82eee7471637b51a,1,0,0
7a9421d27924a864,1,0,0
e03a9ed3623ae37e,1,0,0
f83fead1b1596e96,1,0,0
903f140f41b20804,1,0,0
1081cab0c12d3faf,2,0,0
6695412b025f0f28,2,0,0
55a9721222faf9ad,1,1,1
2095b4db9d99c832,8,4,0
2695ae5d10790a02,2,0,0
aa7eff15dd1b61a4,2,0,0
d728ab99ca1ad7db,15,14,1
f8b129f3224760d9,52,25,10
df80f1c9bf127f5c,1,0,0
5b42a481a4a327d2,1,0,0
04ccefb95f499818,1,0,0
36e4bc6b9bfcb09b,2,0,0
4b77a1ab0eb05c27,1,0,0
e19e9db732846a86,8,3,0
00b8481e7fb12c52,3,3,1
5322c36c1ca1d144,1,0,0
3c24d0cd2a5a7ff9,1,0,0
2a2017b9b54a121e,2,0,0
f8a43d989899b812,1,1,1
5ac185103e59a551,1,0,0
a180697289f35635,1,1,1
008f6c4648dee571,1,0,0
a88fe3ededf9ddf1,1,0,0
18d563c58126dfe8,1,0,0
3c4b247e22c4f36f,3,2,0
aab2e90a24bcfd46,1,0,0
ce8395bf3bbdb163,25,18,3
97f456eb426b4356,2,0,0
00fd9c85de30b6a9,2,1,0
4fcd73b58e5af65b,2,0,0
46f4310862521e68,2,0,0
620e0e7d28c5c221,2,2,1
62e89a07da37786a,1,1,1
bae30623a07c4f9c,1,0,0
40ff81906c2b2751,43,31,3
bb9676dd3a4ac265,20,18,1
d110d4823344504e,5,1,0
ea22454f38693cd7,4,3,1
1cd27502ffdbd289,19,18,2
d932b5fb0e794cd3,1,1,1
b003d6b5c068c8ce,3,2,0
2c59b5bcf074e862,1,0,0
7c7da8aee02cbaaf,1,0,0
e418e8a7e3905957,7,3,1
0a5d0424e0daa579,1,0,0
45366a1993dfe4ee,5,4,0
bd977340f15b8951,2,1,1
f36b7da702e072f8,4,2,0
684eca07c5e82758,1,1,1
aad4cf8b8cdebfdb,3,1,0
94707a78c8ddc2a7,1,0,0
6333d23483bc7b71,2,0,0
1920fa5c30c9cd95,1,0,0
22997b6ecabe8cc9,1,1,1
0c8ebe414f6d304d,4,1,1
36e61d602eb8c892,2,0,0
9dd46a5e2dfa826b,1,0,0
f3db9d1cd2d7eaf0,3,2,1
5962cca9d3107543,2,2,1
7e2c8c1abc5eab70,1,1,1
f0865b99a3f7d460,5,0,0
09238f646c201216,7,5,2
73705adbdf3767e2,1,0,0
0eadd75de8611367,1,1,1
1664563fc6ca33c8,1,0,0
9850e80af3e2034b,5,1,0
6c363fc75c9eedc4,4,1,1
e74c176a08a3b70a,4,0,0
f25b968b4cc439ef,6,0,0
9d5c0f822aff9d47,1,0,0
781a680be6182dec,1,0,0
bac50a322fb5e40f,1,0,0
11b4cb3b120334fa,1,0,0
3e98cfd92b6f39e2,9,4,1
35de256c034ac7ee,8,7,0
6b1262decbea56fd,1,0,0
24028ac26d6001d3,1,0,0
2fe4751c3061a60d,2,1,0
f806b128b896094f,29,25,2
bc7957c9a841f94d,8,5,0
f9fb2862a2ae9971,16,13,0
9d29aad0bf466ed1,1,1,1
f690e4decb4781bf,4,3,2
81899d753e055e6c,2,2,2
c036b6f2f7cbb50a,2,1,1
c6fd911b4ee3ae18,8,6,2
7cb7e31cb4cf2151,2,0,0
70cfea923237b758,6,1,0
217d629cabb5e343,1,0,0
83f208b64aca00f1,9,8,5
026de1746778df03,2,1,1
da1d12939bb33f78,1,0,0
89217f7bdfa2c24d,1,1,1
ce612187e7c4e9d5,2,0,0
49de9786a629a80e,5,3,2
9b000401fcae57d4,1,0,0
ab46d36a760d697d,1,1,1
2055ea9de3f5f662,6,4,1
c126d39dd9add1ae,1,1,1
41af85c3e8d0293c,4,0,0
ef9959eff1faa7d6,4,2,0
06a429997dcc9bd5,1,1,1
2d2590fb1bd54594,1,0,0
f2f06b7aeb6a8f82,1,1,1
9e5ee371a137157c,18,15,3
96890824b80051a5,2,0,0
742a0ca6d772bff2,7,3,0
2e4ef05c99fe14f7,1,0,0
0b31b152b2f486b2,2,1,0
9a7f5606cb2b8248,3,0,0
f08dc9c72bfdfda9,2,1,0
6dca7bc78d2336d3,3,3,1
d544979db8d7a53e,1,0,0
2f7062d92d14ad5e,1,0,0
0a29864077b2d8d5,2,1,0
49b7ccf779580d5d,1,1,1
3cf5c73997a5ca96,3,0,0
cb730b14f7a3938b,4,3,1
f7cc9cc8d5151a96,6,0,0
20bb22260d6c1034,2,0,0
55a6979feb69141d,3,0,0
ec76d93a1273ee5f,11,5,5
d399cb0cf53c9022,1,0,0
fbbe3603e52c9d1f,1,0,0
66091b7563ad9d89,16,16,4
848d5b68ab853fac,1,0,0
551da1d8c9a94239,4,3,2
27d7bdb1a9c58f02,4,4,2
13c1a840496a5c8b,1,0,0
829d4052e2538b71,19,18,2
e705dd76adb49f12,24,24,14
3fe15acffd9449bb,1,0,0
1d67fa9d3d600d31,1,0,0
0f10712873d8073b,6,3,3
9c9217e6f6d6b947,1,1,1
2cea800d28a4bef3,1,0,0
edeb634c86290383,1,0,0
cda7364c57511259,1,0,0
44c72d73b09ab17c,1,0,0
7b733654f1f0fba4,3,2,1
013b783710afa27e,1,0,0
46263e39d31f8f6d,9,8,5
7f3b6db87171b371,1,0,0
8b02e19314b5013e,2,0,0
fe2b7b495dec3bf5,1,1,1
5d35d1f0c17b8cc7,1,0,0
c6a323d3667e19b2,3,1,1
8b95b7ff1e106268,3,0,0
58f754ffa9c41eab,7,3,3
e391fb0f0ad87920,1,0,0
a9d742a40329fc69,1,1,1
440232a22d485956,2,1,1
8d569a6cbf06d8a6,17,15,0
ba4758f20cb5c2a1,4,1,0
ee9eaab6bcb8d03c,7,7,6
0e94bbed8bba2cc5,3,0,0
d72d6bc4925443a5,2,1,0
4b639a7da3ae8725,2,0,0
09313a3428bdd249,8,7,2
888e9f1860b4ff43,1,1,1
864a20df431f754b,2,1,0
51e7c3831e5b8e9a,5,3,2
52dad8058df3d3cb,1,0,0
a0fe2c0a313626cd,32,31,2
441adf6085c57376,6,4,1
57203ceb6f34878f,1,0,0
c6058994cd11e398,6,6,4
c7d95de01c91edcc,2,0,0
f5f9bed3be2d36a7,1,0,0
f78a2f8219b14752,2,0,0
3e3b2aeac05b6950,1,0,0
db58ba4f474508dd,1,0,0
90c656bd9eb52282,3,1,0
1644a3c33c504b8e,5,3,0
82ffa758a81a9922,1,0,0
8a5faf3bb7d0ab19,6,0,0
865b5567f9cab901,1,1,1
23d97c0588817ac5,1,0,0
3ba1436266390589,1,0,0
4bd35b0c40338b0d,3,1,1
c854065257b72291,1,0,0
5e91cfbbae09954c,1,0,0
ab4faf30f6bb0a7d,1,0,0
2bd1a41fef875f00,1,0,0
26507888cd745c66,6,0,0
1dcca0ee71270ff9,2,2,2
248b448ef2471a4f,1,0,0
e94005352d15fb1a,12,4,3
d9b5773c074abaec,2,0,0
bc2a04660541b718,1,0,0
a61f2294e1c71984,1,0,0
5519e5db0d19f2c1,2,0,0
0e68bbb257827173,1,0,0
ba9e722fac1b6c98,1,0,0
fd2352c0cd3c8909,2,0,0
e384f7bf1a72e0ca,1,0,0
93703d7a5ec4b1b8,1,0,0
e78d01f2995c3b31,1,0,0
20c4417e2263f809,1,0,0
173341be153998f7,1,1,1
6c464fb6a7a8d85c,1,0,0
927dc5972b355989,1,0,0
665a6498c3859a1e,1,0,0
7f1a0ad58c5437d2,1,0,0
a66a53954cd21f13,1,0,0
e4fe291a8ad5f3c5,2,0,0
0b8282528deaf35e,1,0,0
3e9c4cb51d69b166,4,0,0
22cc9952bf53548d,1,0,0
40379872351d875d,4,0,0
e293d970242abc5f,1,0,0
f67c982eaea335a1,2,0,0
b28e0ba8d7706604,5,5,5
2a526b315d089592,1,0,0
1fa8e73e4a1cfdb3,1,0,0
5275acc806d0949b,6,5,1
a35b9d88ed54555b,1,0,0
e6b0d3e82f426f65,2,0,0
132382a4fce95270,1,0,0
e8cb808c564a75ba,1,0,0
f321b1fa0f7bf576,1,0,0
42892e436c25a5e5,8,0,0
9df6fb6f58d12c6e,2,1,0
1773ab9723799947,3,0,0
3ae256b9a915df3b,5,3,3
c6c309ea32705eca,1,0,0
a5104f9c068f8b0b,1,1,1
e3d20ce1e5155d0b,9,8,1
61263c43977bcb9c,13,11,3
affd4864c2ef662d,3,2,1
dc90d235145ac409,1,0,0
69cdbe5290711512,11,10,0
da314f15f5ae1ba0,1,0,0
3c4ca17dc4749bcf,4,0,0
419ae04842a6b337,4,1,0
9d19d7ebde2fe593,7,6,0
0192120ce4b5f285,2,0,0
c8fab042e3d8797e,1,0,0
442ddd4397ff49f5,1,0,0
f12ebbebfb141124,2,0,0
d9ca6b0265b425fd,3,1,1
6e2f972b423268db,4,2,0
a33e6d557daef807,2,0,0
04ebc0debafdbd27,2,0,0
50d10d020ac5f22b,1,0,0
3b6110249d1805d4,3,2,0
a1d90827db318e32,4,2,0
edb744f84ab6bceb,2,1,1
5be06d05085aeec0,3,1,0
29548f0ce3e25cbe,1,0,0
b73d5dc52cd20bb6,1,0,0
18201fd293180b75,5,4,0
62bcd9b72c517200,1,0,0
d552b93129af7d0f,2,0,0
3d6a40274d367fc4,1,0,0
494816f4747c27b1,2,1,0
6763b4839c4d83a8,3,2,0
13aae37be453020f,1,1,1
6a26a30d5f8d940d,1,0,0
37ff6f104661fe54,2,1,1
bde69128bbc03ee9,1,0,0
572fa411fad866ff,1,0,0
ef59be79a0b83b3e,4,1,1
1fdbf0bafc5dd311,2,1,0
1a8f41b3072de5c7,4,3,0
9872a49563ffc434,5,4,2
781f0b0fe81d1865,2,1,1
05d177818fdeb88a,1,1,1
829ba0dfb2c34b01,2,2,2
fe4652b90ef7db8b,1,0,0
00f044c5e1074ac3,1,1,1
bae71d5dff47fe28,8,6,0
bac55eb6cc5c54cf,2,0,0
d63f62eb1c94dd88,1,0,0
e35aca4d96676c59,4,0,0
4bae76f5004a198b,1,0,0
2d859b5ec3ff721d,1,0,0
7e3ad3d4aee9c611,1,0,0
1cd224d5e1535e71,6,5,0
9a0f09aca6b52bb0,3,0,0
bf8446bbf6ed6bdf,8,5,3
891ff48623627e75,2,1,0
ca5d6c0e437a374a,1,0,0
425b857df1a59966,1,1,1
29258ec4ee57d205,13,13,3
5df199e4f399bc46,1,0,0
4cdbb2317504264d,1,0,0
1d02b3a53bfcff44,1,1,1
c05f8a964075e8b3,1,1,1
9d82e9f968647598,1,0,0
be8db522bbf38d0b,6,0,0
fcc2f07ccdb147fe,3,1,0
e54d31633cb247c7,1,0,0
80a6fd526f623895,2,1,0
ad3664cd4caef8de,12,0,0
cf9a9c5aad26c0b1,38,14,6
90b0fff22ae9b5dd,1,0,0
4f89584795ab41ed,1,0,0
8d3856692eb53b6f,1,0,0
9591b6dfb8a0c0e0,9,7,0
cecb626f27d15d28,1,0,0
4a995ce541e8a094,8,5,0
112f283cf7127574,4,0,0
d20b273ba57e8667,1,0,0
c684964ff213bea5,5,0,0
42baf89c3280ffa0,1,0,0
debb961a8fd5425e,4,3,0
49bd5819f338a1d7,1,0,0
9473928a3bc5dd18,10,8,6
d5fde39108d7f62f,1,0,0
873f109143070af0,1,1,1
297dd537e00c6dfa,2,1,0
b9bd81f3874b394e,1,0,0
3fdcaff7a5bd929d,4,2,1
965df9e84509cf94,2,0,0
842937e0a8787c82,6,4,0
f99d099f0b4b91b3,1,1,1
2a00a31a8367cdee,5,4,4
f6767c7be830332c,1,0,0
8603f470cb603485,1,0,0
2af591b45bd3686e,1,0,0
6c4b4665df84a169,6,3,0
3b46e095bf5722e6,5,3,1
a8cc5aed13e08db9,1,0,0
c09fa423994a7391,2,2,1
58c3d57be224fbb4,42,13,8
45e57c14d3fcd06e,1,0,0
ecd6b3aaa765d81b,1,0,0
ce091fc6585ff8d6,10,2,2
ef9064ea6515ab46,4,2,2
0a5036ab46be70e2,2,0,0
d88a2d9dc8c5c9aa,2,2,1
2fd8b2c062763a64,1,0,0
a3326fc985b826bc,3,0,0
ec0663111a9b7267,1,1,1
c5e5289f4bb01a90,1,0,0
8734a0b083a48101,2,0,0
64a69c8c290925e0,1,0,0
69e0fc6893f619d7,3,3,1
990a321bd0a0e3af,1,1,1
7a7b7c402ca5da51,10,9,4
ca81ffdcc17499fc,1,0,0
70cea91736f96f9f,1,1,1
7616ce0548b48e69,5,4,0
34b73282cb98dac9,2,2,1
5ae9d3b66488bf01,1,0,0
a8a9bccf07d0a69b,1,0,0
46c5dedfa92e5a28,1,0,0
7566d8c5faff5523,1,0,0
b4a3b4f470406115,1,1,1
ce0ba98d8c016da5,2,0,0
e5ffbaad2d185845,1,0,0
edde0cde517e6a1a,1,1,1
17f2e3250eb0b200,1,0,0
b36cba8f3257c89c,1,1,1
5d21fbc828bd798d,5,4,1
902e15c40d93dd40,7,5,2
70d86b2961fa9e94,7,6,4
530bd94fcb977963,1,0,0
a58e1c4dfd193cb2,1,0,0
685dc1290b2d7f48,1,0,0
340796cdddd9826a,1,0,0
9b85cf929b24a0f6,1,0,0
11d1812dccab2e48,1,0,0
3342a97c957ff14c,1,0,0
6492cfc74e821599,4,0,0
242f471be8feb985,3,1,1
8b8a12af87a9e1eb,2,0,0
e467250dc96631f4,2,0,0
aef925b92a9734b3,3,1,1
8a0770ca26ad0ba0,4,1,1
2a4811f621d11898,5,2,1
921403eaa5abbd57,6,0,0
110783c068c27b2a,5,1,1
9092c039175e3af7,1,0,0
c0360ed54374f60d,2,1,1
de022f62db7e76b5,2,1,1
629574c7530e3dd0,5,2,2
2b234c5c5de7e9e7,2,0,0
fd599654838247a3,1,1,1
4bc4a218e4175706,1,0,0
1ee59a634f414114,2,1,1
020a8822cad3ead1,1,0,0
3ef8ced4733973df,5,5,1
c9059cd7432da7f0,1,1,1
8a68c9bcaedefdd8,1,1,1
a27c04bb405cbf3b,3,3,1
bbe345b020fbd84d,2,2,2
14715bae356f2599,1,0,0
38aae456949af75c,1,0,0
7049035bd20e5c33,3,2,1
9a22017192449f28,1,0,0
92d7441c8a893e08,1,0,0
6258ed6cf4043d91,1,0,0
62f7bceabdf8cab9,1,0,0
3597feab8e760eb7,1,0,0
19da4ad867f7921e,1,0,0
2f4259fde55cd413,3,0,0
f11177f75f56d247,3,0,0
9203f9679dc6c217,3,0,0
3ad0a89c80faede4,4,0,0
4e0fb26dd55287bf,1,0,0
ab81e6378799f37d,1,0,0
586ad199f60371c2,9,0,0
034ce34028bfd44e,1,0,0
acc51fb725581c6d,2,1,1
de9c96e973555a36,1,0,0
f74b23f5ad7fbdf6,1,0,0
a962b60e0a8761bc,1,0,0
500d21f9a36950cf,1,0,0
9edad928dc6698ce,12,2,2
0424fbfef4e8ca25,1,1,1
0853fce0e5334cea,1,0,0
84aafb563f3b6327,1,0,0
03c555ebf1f4f0df,1,0,0
7d23b8c80c944bf7,1,0,0
b3c32de24ace101b,1,0,0
a64f44a7eb1ca973,3,1,0
fbdc269e15e56bf6,4,3,1
127e5112153120cc,14,0,0
dae7f7bcb5cc1b7a,5,5,2
34bd00dd43b19041,1,1,1
bc6e7a465f8986f2,4,0,0
71a22fb48feff546,1,1,1
80ee4d869c79ce3b,1,0,0
62a1fcfbe477cafd,2,2,1
7f980c1e91d9cd26,4,0,0
7501aad373146435,2,0,0
ebfbb0b9fb5e0f28,4,4,2
9cf301619d2edc2d,1,0,0
a0d75ec13be064c1,1,0,0
4946bae6888e9a7b,1,0,0
1f94a7781bc039d9,1,0,0
369b4c8452ed3fa0,1,0,0
a81833e8cc46d091,1,0,0
d0c5014f009e48cc,1,0,0
20fa374e714eab3f,1,0,0
54c40db0c981a37c,1,1,1
97e730f166d0b812,2,0,0
ca9247043a492c56,1,0,0
6059bf81dc052f20,1,0,0
73ffcc1247df7125,1,1,1
ca7ee415f3cf7776,1,0,0
305cf60f777cf4e2,1,0,0
50558264ca9347b2,2,1,1
4fd7dbe27062180f,2,1,1
c248844de2276257,1,0,0
ada7c5f81649cb61,1,0,0
186b57d5b49a1640,1,1,1
318356de3f1acf37,1,1,1
70701db1257ff240,1,0,0
be565ac7cd7161c3,3,0,0
5cca741e2a8bbb3b,5,1,1
6c7d09dee8bdde1a,1,0,0
673dafe0247175dc,1,1,1
7d72a4c9a9d86cac,1,0,0
2845e5177123f767,4,0,0
c3f49aa2a4d42063,1,0,0
fa33e4bbb6ea1f4c,6,6,1
d8553034615973ac,1,0,0
a146ceaddf108f05,52,49,9
f93af5c82ee5a9a6,1,0,0
92105296620e99e9,1,1,1
f625aeb76c238e90,3,2,0
ffd9d33eccede756,4,4,2
8d0142b1acd18ee4,1,0,0
b73c9f3500918471,1,0,0
92903adbb0a9fce4,1,0,0
b01bbfdf6f921ddf,1,0,0
629cd0754a0a63c3,2,0,0
de8ed38c24a4c613,1,0,0
5f0122f1eb64db40,2,1,1
3e96d68fd8b76ad4,5,1,0
adc0b62232f9cac2,1,0,0
ed442651540fde47,1,0,0
42017e84e6a82f7f,2,0,0
ea1ed2ba51e242bb,2,0,0
aa5fc4cbb669fa92,1,0,0
fd66a0c6c8eec56d,3,0,0
1c51b9f2b0b544b1,2,0,0
1a96463d7982ac19,1,1,1
0e7d61a18698b575,2,0,0
580b34485836f9ec,3,0,0
24023543f1318755,2,0,0
e2e811a24cef512c,3,0,0
ff6c1d52d862cb9c,14,7,5
ca6795686777be75,1,0,0
34bf94519d54e7c4,1,0,0
c5914bed8c07243b,1,0,0
dab16eac0b1e5240,2,0,0
04293c2e514f1962,1,0,0
cd6b420b2411468e,1,0,0
1d4491c04afcad36,1,0,0
c448c785d8f49aaf,1,0,0
d44e8717b3527d98,1,0,0
db5e76a821ab6cab,2,1,1
edc1614d15f2c8a6,1,0,0
a784320260da64dd,1,0,0
8e2b59d4bf741d33,75,26,8
a36c945997afc620,1,0,0
0059a7f94d5e1a89,1,0,0
601e7e1020ce3006,1,0,0
08a57f7072a2a821,1,0,0
841c070e0b34b882,1,0,0
1ee4fb8520adc2fa,1,0,0
4ee5cb0e5ec7e1b5,1,0,0
4778c45400739151,1,0,0
6074c1f17de06bb7,1,0,0
c12a53bbe516e938,1,0,0
c95887cfad8857db,1,0,0
3c5ba1e2f6ee0596,1,0,0
05ba6802b2478117,1,0,0
259f67a5f45b2789,1,0,0
7a71c9c6a328aa84,1,0,0
012ad26c71c546f3,1,0,0
867cd98b55c5b136,1,0,0
527a1d6d1eed30e1,1,0,0
53d5c459b69bc1ff,1,0,0
c39c522a60fac2cc,1,0,0
04c6c3b1d05ed16c,1,0,0
b359f6f4fdd28535,1,0,0
1a195aa29d264eda,1,0,0
72247257fe0f9f1c,1,0,0
4cc8801afd5167af,1,0,0
ec84325d137c6e99,1,0,0
e2320082f1a83ade,1,0,0
8c54dc2123303eab,1,1,1
2fa2b70a12df415b,1,0,0
d736e4903a11aa99,1,0,0
171d82ff84e3728a,1,0,0
7ab43a185285460a,1,0,0
93a4b6e0314cc750,1,1,1
de4bac6b7bc4f9a3,2,0,0
2bbeefe0cbc48ad0,1,0,0
adf6f7694c332c88,1,0,0
51d88d42711277ff,1,0,0
db9b2d79edca386b,1,1,1
1a06b18e9fc26508,7,0,0
b3e150358fd763dc,2,1,1
efae7a5b622b7265,1,0,0
f676e28290b68ce6,7,3,1
93d2e7d97cf8fe4f,1,0,0
161d2ea63cffafe2,1,0,0
33ee30d40997f5a5,1,1,1
d121b1aec53a1e3f,1,0,0
f6c87eb7e6a11e45,1,0,0
ea0019930fac02e1,1,1,1
854757eb87171750,1,0,0
8a7d03a563ea2f9d,3,1,1
b2e2bc86c06d416c,11,7,5
35fb465bb8511be9,1,0,0
5b9ef6b4be83cdeb,3,0,0
38132fb83567140d,1,0,0
8efda801faeb6ec6,2,0,0
edde1054629037ef,4,3,2
2a83a5804923621d,2,0,0
a223aecdc926d790,1,1,1
50d89ea11487019c,1,0,0
8f64850ebf8407dc,2,2,2
ce6ba9dd7dcc05cb,2,1,1
752e82ce278f0797,1,0,0
8c0cc1ab6369770f,1,0,0
48cfd17fca9f43c7,1,0,0
d6201af47e023aa3,1,0,0
7722a8320d4a8f86,19,18,1
953d5e5e404f69a2,3,2,1
199a83fc4462f522,5,0,0
050f59b1532ccbce,1,1,1
f642f0430e1101fa,1,0,0
9ec620d151d19c2e,1,1,1
6efe0ba9ebc19e63,1,1,1
acad50f1ab9ba502,1,0,0
050f4c599e1399ab,1,1,1
c875b48ba97b21b0,1,0,0
34c6d759b5af7219,8,0,0
32b4858892374675,1,0,0
80a8577621dfa169,5,0,0
8a93ae6167d19e38,1,0,0
1f78bd7feed36962,8,7,3
3c8923268749ff62,1,1,1
9e76efc631c2e367,1,1,1
70294dda21d40c31,1,0,0
e63ae05d04012668,1,0,0
f09be80d8339a0b4,7,0,0
e321af38a9d0e660,2,2,1
00a86be3c743b0e5,2,0,0
16871fbea11223cc,2,0,0
207bd09401312077,1,0,0
5d52ede350688240,1,0,0
f0f688136073e097,1,1,1
a23f6751ca29a081,2,2,2
89e0a9ec0bb57cc2,1,0,0
605ec7825e4ab386,1,0,0
7296dca1a001fc16,1,0,0
fa800f4337d017b0,1,0,0
d443b33bcd07fb19,3,1,1
1c6b2eab1ee4d64e,1,0,0
dfbc4d64822845e4,1,0,0
0582f13a02ee6517,6,0,0
c23fbef8fbd0f608,3,0,0
8874cfa15127d0c4,3,0,0
b291650dd2f35f11,1,0,0
4bdb9af3312cb17f,1,0,0
4be6a137285eee6d,2,0,0
f5f888a97ed16182,1,0,0
9465f9afb458fd31,1,0,0
824acdef1565242c,3,0,0
710322a178bfaef2,1,0,0
23926984adf84fc6,1,0,0
73f6d22738becfc1,1,0,0
5ccf2da18d63ab2e,2,0,0
5ffde51c3c6bd94c,2,2,1
0bde857e95da36b7,1,0,0
9e2ce78a09f8b8e0,1,0,0
78747b764dcd3412,1,0,0
ab668e3c0425c205,2,2,1
6d9c0a1d636a8d4a,1,0,0
09fffcda38a0d7bd,1,0,0
414e8a183397e514,1,0,0
06850182a7e754b0,1,0,0
5050404e9ca8c8d6,2,0,0
b5e53d3c9f2b46ba,2,0,0
b41afa8d906f789e,4,0,0
13cf3f140796dbac,3,0,0
de43adddef2582bd,3,0,0
f5ca3f45c5c94155,1,0,0
25fd685f8f835850,1,0,0
cd57a5d7486abd4b,13,2,1
0869f7f55133b038,3,0,0
7c168aeef8bb497e,1,0,0
0d07d137df5caaf7,1,0,0
78344030941532e1,1,0,0
7b7175d44aa5fd79,2,1,0
ec54045c5943f310,4,2,0
b2dc1d67ea41fe20,73,71,18
4494549967c71cdc,1,0,0
d3ddf23c92b75b9d,2,0,0
b6b33119f8c8e2dd,63,63,10
24254c0656154af4,3,0,0
7a964e8c8937d5bd,1,0,0
5616e7d228d3af1d,1,0,0
eaee1122b1c748a8,1,1,1
77c93b769958ae9a,1,0,0
64cb62ef152915d4,6,3,1
9f96da89fe6ce1fb,1,0,0
3edfbeaba7a79810,3,2,1
a8a92c90a6ec55cf,1,0,0
4194fc936813cf79,2,1,0
931f8c3c87ca59cd,3,1,0
910a75806b470431,1,1,1
593e11a1569cb07f,1,0,0
adef0fab8726a5f2,4,3,2
91bab3131e6a063e,1,1,1
46205705d65cb378,1,1,1
34c142d1cda4d8e6,2,1,0
5d6ed6221ef2b748,12,11,6
b73193866af4ab8a,1,0,0
7de8b9e9c5592452,1,0,0
8ab04ffdb6f7b05e,10,9,1
963e0bf81e88a96e,1,0,0
3646687684c832bf,1,0,0
2f0760bd8c3c650b,1,0,0
7fa4b78ee51a7958,1,0,0
452b46a83446bf82,1,0,0
4cccfde13d88f622,1,0,0
a87ec8fc66839bbf,1,1,1
b6efbf4e2a06cee3,3,1,1
588c26570b6fa2ae,2,1,0
bffe04a22ac142d3,1,1,1
105eab5341c238cb,3,2,0
49c7f8f58283f09a,4,0,0
bc8e64b4b63502c4,1,0,0
a0dbec85204a80ea,1,0,0
a50a4461cdb6db84,1,0,0
93fb425e1c48a2ed,1,0,0
df2e99270a81568f,2,0,0
4bd0654e3f06e8da,1,0,0
3801d7ccc02b2df2,1,0,0
ab990255c545b9a8,1,0,0
8ed882d7dd80316e,1,0,0
f06445c51898b603,4,0,0
eb54b3dee3247e61,14,3,1
209249016a96df7e,1,1,1
e75b6925126774ec,1,0,0
d0a40478f908bb3a,3,0,0
1bd1d570097d5de5,456,188,91
fb8cd7a1063a14a8,1,0,0
253fd01874034397,1,0,0
f5afc1415c8e7397,1,0,0
53944ce7b9f50f57,1,1,1
596ef0ce334a7bae,2,0,0
e27b780984723f38,1,0,0
8eb18be737ffc1c5,1,0,0
4840205200644098,1,0,0
1760d08a67fafeab,1,0,0
6bf18a9e08f0e0f2,1,0,0
d8d213d070ae4277,1,0,0
45c249e393e466d9,6,0,0
97c1b085f0fde079,1,0,0
13525d06edc351b1,1,0,0
df1cb48e0c5395e4,1,0,0
b8a5e433045380ac,2,0,0
a2627872ff398c36,1,1,1
41e47eb9d442c383,1,0,0
37f3c918dfb4b498,1,0,0
4eebf9a850c840a2,1,0,0
21cad076c282544d,1,0,0
bad736443abc8414,2,0,0
602bff02a764810f,2,0,0
ca8945bb51761011,3,1,1
076f765fd30ced4e,1,0,0
01552706145eb52a,1,1,1
e061c14de05c292f,1,1,1
d7a3f955408bb683,2,0,0
1abbe8cbd86b1f97,1,1,1
ce5266fd96be541d,7,3,3
d5e0ac893da8695b,1,0,0
02d4cd2178b0451c,2,0,0
2f44a4dd65273aae,1,1,1
a0752f3e5b1cb5a3,2,0,0
4d68b436d50cb5e2,2,0,0
646cf7387a510a62,1,0,0
51414031859e86d9,2,0,0
26a46e71a8a48e17,3,0,0
861045ca4d7358bc,1,0,0
b10cad220cff71dd,1,0,0
12fa10f99689408e,4,0,0
8b0258c0e2f3a658,3,0,0
f7d33810825ff5c1,1,0,0
c3fc5fe2c16df5a7,2,0,0
46347dc2088e0df2,2,0,0
a6ff5f0d0de354ff,1,0,0
2f2f6d86ca1a9dfd,1,0,0
608fd3120128eb1d,2,2,1
d5c660e57f30139e,5,0,0
55599b43a77d689e,7,7,1
2fa5e8df8d6dfd3e,3,1,1
17623a8fed45951f,1,1,1
baa766c0a3a78e35,1,1,1
431582ec6a260fc9,1,1,1
635a39a2cb80f3e1,1,0,0
f5d630ed63363916,2,0,0
2a9b220f364512cc,1,0,0
fff0b32cfb3e1ebf,11,3,1
221cb038a673a00c,1,1,1
f22d4971380c6518,2,1,1
b25e47c97d3941bd,1,0,0
b0b39e1682caf28d,1,1,1
5c097436f31f2350,6,0,0
d2da86f324df7afd,2,0,0
41f7ba615c717f5e,20,12,4
8d8ccee02d700e8f,4,3,2
7fdb945af011daed,1,0,0
50d100735a84b4ca,238,68,33
47319ad648e400b4,1,0,0
583a078e52c913fc,1,0,0
d9ad3e367ab0b2ea,1,0,0
2ed832602f7a611d,1,0,0
c9e25dffa86c48eb,1,0,0
a3aa51baf35e8c2f,2,0,0
915226c625150b87,1,0,0
5f7a71a6ddd9934a,2,0,0
715560f39f8bd0c8,3,2,2
48b00e9f0eac119f,2,0,0
6b3448658156dc73,1,1,1
ddb8db6df1a4ae8a,2,0,0
c8f9a313b10ca864,1,1,1
32ba94e3400a077a,6,2,1
85d04bfab4c84751,1,1,1
a84d6dcefab9e7e1,1,0,0
8ac69f3ecbe66d3a,1,0,0
792d02c5b161a42c,1,0,0
3fc0bde17f85b167,2,0,0
65b71d0a87f25eec,1,0,0
6300502411c95365,1,0,0
7680afcb4e55c37c,3,0,0
c8c8dafd18233dc0,1,1,1
2e6e2c1424b585c6,1,0,0
4ff6c8c06f9294a8,1,0,0
889b2bff6172e9a7,1,0,0
fa62ffdcc5735d55,1,0,0
3889b583305b9cb7,1,0,0
611ddb2429b54f41,1,0,0
3ebe2a7c375ae4f8,2,2,1
a7e73f400afae395,1,0,0
cc12808eb5e17ac0,1,0,0
fe7951c2f0f954b5,1,0,0
a90ea3978c26f4f1,1,0,0
c45a0febfdca936c,1,0,0
fc303f8d492bbfb4,1,0,0
7f306cf3b10fdaf7,1,0,0
66904143f473fee4,1,1,1
f6d0b3f255905bff,1,0,0
2d6ed2896be73890,1,0,0
0dc5eb7d159bc496,1,0,0
e93147ab5ad466e4,1,1,1
44682febca57c2d5,2,0,0
411a6bf4c7bc1aef,1,0,0
ec08995efbbab6ba,1,0,0
bdba9c9f086a96d3,1,0,0
78d515a74a712fab,2,0,0
d492c8da1ad3e5f8,1,0,0
c2f5168ac316065e,3,3,2
8fa7a62978a26658,2,0,0
ad399efe5c009551,3,0,0
141dd77eae46cfa5,1,1,1
da8275bee6f1b5c1,2,1,1
2014fa499dce467f,1,0,0
87f8c8d971c6dc4f,1,0,0
42d10cfdbe63cb7a,1,0,0
bab263a5fd8236e1,1,0,0
ec4bcef9c74fb855,1,0,0
abd5c202a2fd89e9,1,0,0
c83bbc252870c8c6,1,0,0
d616723df79b5b48,2,0,0
c517e3a2876bc840,3,1,1
1be892959fc5e6c7,5,0,0
aa70ceb71b006e48,1,0,0
de904c0156eddb26,3,2,2
99ecc5608e91353e,1,0,0
f3e7074b4ff98b1a,1,0,0
96576f6ea6199a49,3,0,0
25ea520225a0d119,1,1,1
9dddec8e96caf971,1,1,1
8e5baa363a749eca,1,0,0
f95cd9f9b43bdd0f,1,1,1
77152006c4d2b3ca,2,2,1
0aef7bdc2cc554dc,1,1,1
e013e38260ef3985,2,0,0
9811bc117a34daec,1,0,0
5caa46f6ff590b8c,1,0,0
5f5d273b1c83a143,1,0,0
44966f087195cb12,1,0,0
c3a9b77707bf6661,1,0,0
50ee92909684975e,1,1,1
c9f305ffea189a59,1,0,0
5b05132a2cd13990,2,2,1
a9d6f8c6cd1c23db,1,1,1
916806a9cf6de21e,1,0,0
9b13e478dfe39fd8,1,1,1
f34f7cc830a31737,1,0,0
c9664e7859f5a9fe,2,0,0
f818c4d6b981efd0,1,0,0
29ee0e3b8ef75a0b,2,0,0
fcb58f75d0411135,1,0,0
c20546588e676bbf,3,0,0
9bd59c63eeb9179e,1,0,0
2c1567cda335b26d,1,0,0
8d4a590bc0183b64,2,0,0
83df42ca6d463518,1,0,0
84d88de3b36144fa,3,1,1
85563ba7fe2b7beb,1,1,1
164b3d8f8549cdda,1,1,1
ff83d031dec15f4d,1,1,1
f9ffb1abfcb3b5ad,1,0,0
030adaaf85982149,1,0,0
df5cc9c6c44e45e0,3,0,0
8091d53c6bc99e4d,1,1,1
d359f2d3447a2953,1,0,0
ac0c90fa42d234c3,2,0,0
3a90b59bb8791cd6,1,0,0
242c9eab1730de2d,1,0,0
7defa43d396119ab,1,0,0
fa12b3722b562174,7,0,0
0c6bcffd7552b4b9,1,0,0
033a5c3b65c36e4c,1,0,0
79a26b1bed1f2c27,1,0,0
d71c5edd22a41c4b,1,0,0
b9a68a14d6f85504,1,1,1
d7b5ce23b681f75a,1,1,1
624e76623526aec3,4,0,0
e8c1ffdccd925da6,3,0,0
8267d6c33d57b8f4,3,0,0
4a3bb769832aec5e,1,0,0
1ec4541a6ca64976,1,0,0
b9b9a860e84f94c2,1,0,0
fe10fec5c86269ab,4,3,1
c4339189ba5c604c,1,0,0
67fedd4a65cb1ba5,1,0,0
aa6d113839d97e3d,3,3,1
405772f5f4a37b64,1,1,1
084c5eb0bfd264d5,2,1,0
b97733d0cd392cdf,6,4,0
fd71b55cc3df60aa,2,1,0
d6b7ad871c0b5bef,2,0,0
ed54757cb8342258,5,4,4
43763f1adf15138d,25,24,3
1392cb26be73a799,1,0,0
3367b82f62dc58a5,1,0,0
2f1d1f01446e1e45,1,0,0
c80cf0ed45b95f01,2,0,0
e5a192b43dea36fd,10,0,0
8b53c15ec3022167,8,7,1
e843d384e87ee987,28,27,1
edc03d10a9396d9e,5,5,2
c7df839f17a23ebc,1,0,0
233db2ecfb28101d,1,0,0
b4b926c7c2ba73c7,6,3,0
062a2155e08332b0,1,0,0
dbeb9cce8427ca14,5,4,1
c0a05d49572d34d4,1,1,1
7c29b8a725a6d6d0,9,1,1
68a875f597e4a771,4,2,2
ef3285e99eb31935,3,2,1
8a6ec622c8a12495,1,0,0
60b9c3a659544269,1,0,0
efd865c411199aaa,1,0,0
9d809e14b38b9d99,1,0,0
3d8827b97b18dac3,1,0,0
5fca61e02ac78ad9,1,1,1
948f9f0e84eabfde,2,1,1
ca78dfeeeb11cc5e,17,0,0
927468a1e64ef267,1,0,0
8227fa3f987861d7,1,0,0
40575992c1b1d594,1,0,0
2997037ee83a4ce8,1,0,0
611128c566346590,3,1,1
7816263593f5106e,1,0,0
0fd65d4f3627dcf2,1,0,0
6c54a09c8e3d0fd8,1,0,0
60ad993606f00a6c,1,0,0
0582efe2139fa774,2327,383,351
f419e8e96753dd70,1,0,0
011a10fa1767ed6c,1,0,0
e184823309c3a42b,1,0,0
39530c7cc5c8d790,2,0,0
7e2262abbadb9faa,1,0,0
8e8393fdad9cf853,3,0,0
129ff71dd2f2e7d7,1,0,0
a5be15b5d9e20ed8,1,0,0
484c20ed7f342a36,1,0,0
0ee44820acc46f6f,1,0,0
e182d0d0a67eaa5c,1,0,0
8053d8dad8c16200,3,2,1
facb771b34b6e4d8,1,0,0
1e6ed25dfc1b7099,2,0,0
d693b0b1a20ca045,1,0,0
59ba17b2882abb9d,1,0,0
d3aa53ff892904d8,1,0,0
c19386ffd5a67e5e,1,0,0
7ecf3e2e1b34d84e,1,0,0
f2d0600c966da8f6,1,0,0
f368e7e380860677,1,0,0
35f05af3aa5a95c2,1,0,0
bb371cf3d61e5104,1,1,1
775e2823cf60d510,1,0,0
e6714d082da98570,1,0,0
f8c6b28af4898fc2,2,0,0
ed809c727f3fcdde,5,1,1
cabe4da970829e72,1,0,0
361ad8b85d0cbb34,2,0,0
10af879a782e2ad9,1,0,0
b9b164e6f1e7186c,1,0,0
452f68f0a4a35fac,2,0,0
a40285badd5a5d09,8,0,0
f5f66fd288b09c6a,15,1,1
87d55bde2bde551a,1,0,0
0ea41a2e79b849fe,1,0,0
d7d03c06a8677df8,1,0,0
303299c431750369,2,1,1
6cea8fda3d551594,1,0,0
a22f258f92cda429,1,0,0
61df9b0fc78f9414,1,0,0
fc583b5c44d2d263,1,1,1
19b9c5aa610c6f1d,1,1,1
03226845256edb55,8,3,3
af91d09140df8136,1,0,0
aa1bdfc9823a6af5,3,0,0
ec314b4a7de366e2,3,0,0
de6bc6ae3ba52506,2,1,1
0d87d8bed145f245,1,0,0
8286b7bab6347471,1,0,0
4cc338ee2a5cd7bf,1,0,0
c0a36fb63fc8e13a,1,0,0
2f99ab256c81c144,1,0,0
61abd33e2cd92b6d,1,1,1
573a14481eca14ff,2,2,2
5b096481478afddb,1,1,1
3747a94d1892c6da,2,2,2
dfd8f8ba1cd823c4,1,0,0
0255bc0a79c88e77,1,1,1
804946637d7fc86b,1,0,0
e34b6ccc46ace824,3,3,2
da75c2323e6fc98b,2,0,0
33f18346bae38084,1,0,0
627127c4575ab416,1,0,0
d36e9bb356891184,1,1,1
acc4d82782d410ee,1,1,1
0d135a70069e5e13,2,0,0
2c9e36ae11efb699,1,1,1
7512fad461f4aa63,1,0,0
65b46e29fc59e682,1,0,0
f6ac1f4cdd79414e,1,0,0
383086d1a1ed1011,1,0,0
67a87cce5d318828,1,1,1
32626a8642a863ce,1,0,0
b1bac4d6c0d6587f,1,0,0
26a28cd53e1d303a,1,0,0
db5fb30ff46ff634,1,0,0
068f399b0b6d6473,1,0,0
1b8be3df19fed6e8,1,0,0
0763eab905150bc4,1,0,0
9256a4f4f61611a1,1,0,0
c9d7a796f0484c74,1,0,0
3f13ca1e53dd4f98,1,0,0
f93131b7a0430522,1,0,0
6e9ac7d5c7fa4aa4,1,0,0
7fb08a8334e9e09b,1,0,0
07ecf563810630c7,1,0,0
562945a95f2f5071,1,1,1
e007b3ce0223fd94,1,0,0
9c1913fa09494f1b,1,0,0
bf63999d053cab37,1,1,1
a78d55a0527b7884,1,0,0
0358b4963dfef4c5,1,0,0
cc168477ff181330,1,0,0
789f7d0ded5133fc,1,0,0
769096df8fba8b2b,10,9,0
a00db26b5eb70931,34,34,17
ec8fb140989d9635,2,0,0
fed129d864c41b1c,1,1,1
342fa47d1e59948a,3,0,0
cc6a37ce12ad285f,1,0,0
9f658949fbb5b69d,1,0,0
7cce0be2801a68e1,1,0,0
ec845b19ac48aac4,1,1,1
67b035306069742e,1,0,0
63b7fcc55e3f4c8d,1,0,0
d161fad945b425d4,1,0,0
72e15b82e272b9d2,1,0,0
8a75fc54e32d894c,1,0,0
e9ba85e4b33e5d23,1,0,0
b34c41d5be2d441b,1,0,0
27cb04560e8ad1ca,1,1,1
30cbbdce0f1a50d8,1,0,0
aa7c2dbfd3e20ee4,1,0,0
f64d583a44d487c8,2,0,0
e84cd0530b417d1e,1,0,0
2eca82395ce42a70,13,1,1
e22b6b5c34c35670,1,0,0
d6e32facfb3d8870,1,0,0
f9d5c68dddd4f691,1,1,1
03ac668d89d6eac3,1,0,0
bced1ea2a0361477,2,0,0
5a9402d78bfc402f,4,0,0
113a473cf34072fc,1,0,0
74bf6f4858f61479,1,0,0
78a88cbe9b887558,1,0,0
55f26f97cb24ac5b,2,0,0
87fe09806cf00a9c,2,0,0
f58a5377408281e0,1,0,0
496be226e6e94143,1,0,0
b79e0099f5d63346,6,0,0
d3934a0a2ae4f87c,6,0,0
6a18b2a92b7a6640,1,0,0
33353592eb8403f4,1,0,0
497e00d145b58fcd,1,0,0
fe107059a2954490,1,0,0
46cf9af72126a53a,8,0,0
61100e236c7e357a,1,0,0
8fb0d552088a15a7,2,0,0
c62ca9b1952beaaa,3,0,0
bb5fbfe4e4d7a522,1,0,0
10c3d5a257793817,1,0,0
abfdde300c8cc543,1,0,0
85604aa8b38637c8,2,0,0
2f04642d90a9fe0d,1,0,0
16c453c945a9ad9d,2,0,0
05682ee58153763c,2,0,0
44109ef8da1bd434,1,0,0
a23dc61da85aaf1a,1,0,0
8806d8a4cb095c82,1,0,0
04eecc2a542cd6bc,2,0,0
eb62ac4d62ff6121,1,0,0
266a0b5cac942977,1,0,0
222f0707ede9527f,3,0,0
b4be4272a449575b,41,1,1
61502369fb53da82,5,0,0
b13c5d0d52745ffc,3,1,1
c04f1cb5d151f23d,1,0,0
18fbd807bca5639a,1,1,1
cca0ce880ea4a129,1,0,0
359d6a204e99cdf8,3,0,0
336365b53a67c590,2,1,1
af43897297c03330,2,2,2
4a075a5a94e1d45e,1,0,0
1171a5b1090ffc2e,2,0,0
b7584a5db0d7a5e7,1,0,0
5a58430bd2d423a0,3,0,0
4efe9a24c58904db,3,0,0
98657e4105660e12,1,0,0
4291333488fe8b94,2,0,0
a125bd20f8d4624c,1,0,0
f29c4222be750181,1,0,0
f27c32379a925f30,1,0,0
293fb98e6444431a,1,0,0
5b60de9b22a39652,1,0,0
ba39e72f4a9d9f98,2,0,0
bb4014da54e3aa2f,1,0,0
acbb0ec46974b2ee,1,0,0
e84cd080b737a84d,1,0,0
a343eff1d76b0bd3,1,0,0
7c0d4df7694a3a80,1,0,0
862d1279dd906a8c,1,0,0
cab3bdf484932d43,1,0,0
4e319d2e57f4f5ed,1,0,0
7e83495210efa684,1,0,0
249eda916428b54f,1,0,0
1faac864305e5d47,1,0,0
24f191bc2874e634,1,0,0
77ab15201ac9f190,1,0,0
69ec57904040b746,3,0,0
b4bee8974031b176,1,0,0
e23b6f4bf53c2073,1,0,0
fe41d2d78b2c4cbe,1,0,0
b544f6afc4d9d8a7,3,1,1
7a955d65ebe6b703,6,2,1
8424e9a4d1bad4f3,4,0,0
f288a9c8f03d59c6,1,0,0
6812c5e246948f7d,1,0,0
b64d3d7011b252c3,1,0,0
adf2dd003c6c1273,1,0,0
e233a7fdd5cd104f,3,0,0
d4c1eed2275cf79b,1,1,0
f9bafedef98bf780,13,12,2
85ff2165b0be8a52,1,0,0
c561139cea6ec170,1,0,0
4630e3b03b471dc0,1,0,0
f07ce26dd6a0498c,1,0,0
857047f7f54b54b5,1,0,0
95b951395ff37b0a,2,0,0
b51164cc0bea9487,1,0,0
4846683f680eb42e,1,0,0
de9eb38c85012426,3,1,1
2d11d7ad3afbbdc7,20,16,2
107a4e09156f2fb7,17,0,0
7f2fb77aff581776,1,0,0
ff1dfb67d576b2d9,1,0,0
c8adf24c04cb27da,1,0,0
83dfdb5c23b888ec,1,0,0
3c45c8125b4fb28a,1,0,0
7b24d8fd35c6278e,1,0,0
5c45dc17688c9f0b,1,0,0
1bf62951de3991eb,1,0,0
e1dbe38aae133d2a,1,0,0
