assignment,seed,family,arm,started,terminal,id,truth,action,correct,partial_correct,valid_response,response_received,id_present_once,schema_valid,command_valid,semantic_action,semantic_correct
A1-7301-release-learned-1,7301,release,learned,False,False,8953eb4c401dcbf4,hold,,False,False,False,False,False,False,False,,False
A1-7305-incident-learned-5,7305,incident,learned,False,False,ee5ac0ebf7a82f76,canary,,False,False,False,False,False,False,False,,False
A1-7302-release-ceiling-1,7302,release,ceiling,False,False,bd2ce76d448594d7,hold,,False,False,False,False,False,False,False,,False
A1-7301-release-learned-3,7301,release,learned,False,False,32b05d0cf45eb3cb,hold,,False,False,False,False,False,False,False,,False
A1-7300-incident-ceiling-4,7300,incident,ceiling,False,False,45288a0f916fc995,probe,,False,False,False,False,False,False,False,,False
A1-7304-incident-ceiling-1,7304,incident,ceiling,False,False,c8086b3435fa5b61,probe,,False,False,False,False,False,False,False,,False
A1-7302-incident-ceiling-2,7302,incident,ceiling,False,False,0d4f487252963038,none,,False,False,False,False,False,False,False,,False
A1-7301-incident-learned-2,7301,incident,learned,False,False,f15577cb22d4b4dc,canary,,False,False,False,False,False,False,False,,False
A1-7305-incident-ceiling-2,7305,incident,ceiling,False,False,d9b932812255e21e,none,,False,False,False,False,False,False,False,,False
A1-7301-release-ceiling-6,7301,release,ceiling,False,False,639fa202371c7c97,ship,,False,False,False,False,False,False,False,,False
A1-7305-release-ceiling-3,7305,release,ceiling,False,False,9b3d90e2dbef6a77,hold,,False,False,False,False,False,False,False,,False
A1-7300-incident-ceiling-6,7300,incident,ceiling,False,False,59e0aa4f1159dca9,none,,False,False,False,False,False,False,False,,False
A1-7305-incident-ceiling-0,7305,incident,ceiling,False,False,aafaf7b467516cc3,ledger,,False,False,False,False,False,False,False,,False
A1-7301-release-ceiling-1,7301,release,ceiling,False,False,8953eb4c401dcbf4,hold,,False,False,False,False,False,False,False,,False
A1-7302-incident-ceiling-4,7302,incident,ceiling,False,False,62dbe468fe59acf0,probe,,False,False,False,False,False,False,False,,False
A1-7302-release-learned-3,7302,release,learned,False,False,5178e08fa1c9e5b8,hold,,False,False,False,False,False,False,False,,False
A1-7305-release-ceiling-1,7305,release,ceiling,False,False,e869b32a781feb3d,hold,,False,False,False,False,False,False,False,,False
A1-7304-release-ceiling-1,7304,release,ceiling,False,False,c8086b3435fa5b61,ship,,False,False,False,False,False,False,False,,False
A1-7300-release-learned-4,7300,release,learned,False,False,45288a0f916fc995,ship,,False,False,False,False,False,False,False,,False
A1-7301-release-ceiling-7,7301,release,ceiling,False,False,568f2db99d93c7a3,hold,,False,False,False,False,False,False,False,,False
A1-7303-incident-learned-6,7303,incident,learned,False,False,b3f3e4cf38fa2cfb,none,,False,False,False,False,False,False,False,,False
A1-7304-release-ceiling-7,7304,release,ceiling,False,False,bdba844e42dbfc8d,hold,,False,False,False,False,False,False,False,,False
A1-7303-incident-learned-3,7303,incident,learned,False,False,aa0a162783835730,canary,,False,False,False,False,False,False,False,,False
A1-7303-release-learned-5,7303,release,learned,False,False,b6e84860c76ddb4b,hold,,False,False,False,False,False,False,False,,False
A1-7305-incident-ceiling-5,7305,incident,ceiling,False,False,ee5ac0ebf7a82f76,canary,,False,False,False,False,False,False,False,,False
A1-7302-release-ceiling-5,7302,release,ceiling,False,False,8c02c9e590990c34,hold,,False,False,False,False,False,False,False,,False
A1-7305-incident-ceiling-6,7305,incident,ceiling,False,False,59264bb97f28e169,none,,False,False,False,False,False,False,False,,False
A1-7302-release-ceiling-6,7302,release,ceiling,False,False,2fb698875857eb94,hold,,False,False,False,False,False,False,False,,False
A1-7304-release-learned-7,7304,release,learned,False,False,bdba844e42dbfc8d,hold,,False,False,False,False,False,False,False,,False
A1-7300-release-ceiling-2,7300,release,ceiling,False,False,d753601c06726c4b,hold,,False,False,False,False,False,False,False,,False
A1-7302-incident-learned-4,7302,incident,learned,False,False,62dbe468fe59acf0,probe,,False,False,False,False,False,False,False,,False
A1-7300-release-learned-6,7300,release,learned,False,False,59e0aa4f1159dca9,hold,,False,False,False,False,False,False,False,,False
A1-7300-incident-ceiling-3,7300,incident,ceiling,False,False,a6173f10841834f8,ledger,,False,False,False,False,False,False,False,,False
A1-7302-release-ceiling-7,7302,release,ceiling,False,False,b90003e8876f5cbd,hold,,False,False,False,False,False,False,False,,False
A1-7300-incident-learned-5,7300,incident,learned,False,False,cfb62a68d9bf2c20,none,,False,False,False,False,False,False,False,,False
A1-7300-release-ceiling-3,7300,release,ceiling,False,False,a6173f10841834f8,hold,,False,False,False,False,False,False,False,,False
A1-7304-release-ceiling-6,7304,release,ceiling,False,False,d30e7a2efc0a8d71,hold,,False,False,False,False,False,False,False,,False
A1-7302-release-learned-7,7302,release,learned,False,False,b90003e8876f5cbd,hold,,False,False,False,False,False,False,False,,False
A1-7304-incident-learned-4,7304,incident,learned,False,False,016981125ac5fc5d,none,,False,False,False,False,False,False,False,,False
A1-7300-incident-learned-0,7300,incident,learned,False,False,9965744267ce783d,ledger,,False,False,False,False,False,False,False,,False
A1-7301-incident-ceiling-4,7301,incident,ceiling,False,False,8254c44590cde260,none,,False,False,False,False,False,False,False,,False
A1-7300-release-learned-2,7300,release,learned,False,False,d753601c06726c4b,hold,,False,False,False,False,False,False,False,,False
A1-7300-release-ceiling-4,7300,release,ceiling,False,False,45288a0f916fc995,ship,,False,False,False,False,False,False,False,,False
A1-7301-incident-learned-5,7301,incident,learned,False,False,4bdc1977e66d75ee,probe,,False,False,False,False,False,False,False,,False
A1-7304-incident-ceiling-0,7304,incident,ceiling,False,False,f590685f50961e43,none,,False,False,False,False,False,False,False,,False
A1-7304-incident-ceiling-2,7304,incident,ceiling,False,False,f810464001ef1822,canary,,False,False,False,False,False,False,False,,False
A1-7301-release-learned-6,7301,release,learned,False,False,639fa202371c7c97,ship,,False,False,False,False,False,False,False,,False
A1-7304-incident-ceiling-5,7304,incident,ceiling,False,False,7256f2506911c964,probe,,False,False,False,False,False,False,False,,False
A1-7303-incident-learned-2,7303,incident,learned,False,False,dd2ab64fcfbbb28d,none,,False,False,False,False,False,False,False,,False
A1-7305-release-learned-3,7305,release,learned,False,False,9b3d90e2dbef6a77,hold,,False,False,False,False,False,False,False,,False
A1-7305-incident-learned-6,7305,incident,learned,False,False,59264bb97f28e169,none,,False,False,False,False,False,False,False,,False
A1-7304-release-learned-1,7304,release,learned,False,False,c8086b3435fa5b61,ship,,False,False,False,False,False,False,False,,False
A1-7301-incident-ceiling-7,7301,incident,ceiling,False,False,568f2db99d93c7a3,none,,False,False,False,False,False,False,False,,False
A1-7303-release-learned-1,7303,release,learned,False,False,1291c3b2704b070b,hold,,False,False,False,False,False,False,False,,False
A1-7305-release-ceiling-2,7305,release,ceiling,False,False,d9b932812255e21e,hold,,False,False,False,False,False,False,False,,False
A1-7301-incident-learned-1,7301,incident,learned,False,False,8953eb4c401dcbf4,none,,False,False,False,False,False,False,False,,False
A1-7300-release-ceiling-5,7300,release,ceiling,False,False,cfb62a68d9bf2c20,hold,,False,False,False,False,False,False,False,,False
A1-7300-incident-ceiling-1,7300,incident,ceiling,False,False,e265963e12ca23ed,probe,,False,False,False,False,False,False,False,,False
A1-7301-incident-ceiling-1,7301,incident,ceiling,False,False,8953eb4c401dcbf4,none,,False,False,False,False,False,False,False,,False
A1-7300-incident-ceiling-5,7300,incident,ceiling,False,False,cfb62a68d9bf2c20,none,,False,False,False,False,False,False,False,,False
A1-7302-release-learned-0,7302,release,learned,False,False,75cf78ad74bccfc8,ship,,False,False,False,False,False,False,False,,False
A1-7301-incident-ceiling-0,7301,incident,ceiling,False,False,fc86eded156af98c,none,,False,False,False,False,False,False,False,,False
A1-7303-release-learned-7,7303,release,learned,False,False,b8fde6582505ef75,hold,,False,False,False,False,False,False,False,,False
A1-7303-release-learned-2,7303,release,learned,False,False,dd2ab64fcfbbb28d,hold,,False,False,False,False,False,False,False,,False
A1-7300-release-ceiling-0,7300,release,ceiling,False,False,9965744267ce783d,ship,,False,False,False,False,False,False,False,,False
A1-7301-incident-learned-7,7301,incident,learned,False,False,568f2db99d93c7a3,none,,False,False,False,False,False,False,False,,False
A1-7303-release-ceiling-6,7303,release,ceiling,False,False,b3f3e4cf38fa2cfb,hold,,False,False,False,False,False,False,False,,False
A1-7304-incident-learned-0,7304,incident,learned,False,False,f590685f50961e43,none,,False,False,False,False,False,False,False,,False
A1-7304-release-ceiling-0,7304,release,ceiling,False,False,f590685f50961e43,hold,,False,False,False,False,False,False,False,,False
A1-7303-incident-learned-4,7303,incident,learned,False,False,ef247d794e172372,ledger,,False,False,False,False,False,False,False,,False
A1-7300-incident-ceiling-7,7300,incident,ceiling,False,False,15bbf292f0baf4c7,none,,False,False,False,False,False,False,False,,False
A1-7302-incident-ceiling-0,7302,incident,ceiling,False,False,75cf78ad74bccfc8,ledger,,False,False,False,False,False,False,False,,False
A1-7301-release-learned-5,7301,release,learned,False,False,4bdc1977e66d75ee,hold,,False,False,False,False,False,False,False,,False
A1-7301-release-ceiling-2,7301,release,ceiling,False,False,f15577cb22d4b4dc,ship,,False,False,False,False,False,False,False,,False
A1-7302-release-learned-1,7302,release,learned,False,False,bd2ce76d448594d7,hold,,False,False,False,False,False,False,False,,False
A1-7304-release-learned-5,7304,release,learned,False,False,7256f2506911c964,hold,,False,False,False,False,False,False,False,,False
A1-7302-release-learned-2,7302,release,learned,False,False,0d4f487252963038,hold,,False,False,False,False,False,False,False,,False
A1-7301-release-ceiling-0,7301,release,ceiling,False,False,fc86eded156af98c,hold,,False,False,False,False,False,False,False,,False
A1-7300-incident-learned-6,7300,incident,learned,False,False,59e0aa4f1159dca9,none,,False,False,False,False,False,False,False,,False
A1-7303-incident-learned-7,7303,incident,learned,False,False,b8fde6582505ef75,canary,,False,False,False,False,False,False,False,,False
A1-7305-incident-learned-2,7305,incident,learned,False,False,d9b932812255e21e,none,,False,False,False,False,False,False,False,,False
A1-7303-release-learned-0,7303,release,learned,False,False,45277e6ae5c1b2bd,hold,,False,False,False,False,False,False,False,,False
A1-7301-incident-ceiling-6,7301,incident,ceiling,False,False,639fa202371c7c97,probe,,False,False,False,False,False,False,False,,False
A1-7303-incident-ceiling-4,7303,incident,ceiling,False,False,ef247d794e172372,ledger,,False,False,False,False,False,False,False,,False
A1-7304-release-learned-3,7304,release,learned,False,False,f01d17440d729ff1,ship,,False,False,False,False,False,False,False,,False
A1-7300-release-learned-1,7300,release,learned,False,False,e265963e12ca23ed,hold,,False,False,False,False,False,False,False,,False
A1-7302-incident-learned-2,7302,incident,learned,False,False,0d4f487252963038,none,,False,False,False,False,False,False,False,,False
A1-7304-incident-learned-5,7304,incident,learned,False,False,7256f2506911c964,probe,,False,False,False,False,False,False,False,,False
A1-7303-release-learned-6,7303,release,learned,False,False,b3f3e4cf38fa2cfb,hold,,False,False,False,False,False,False,False,,False
A1-7300-release-ceiling-7,7300,release,ceiling,False,False,15bbf292f0baf4c7,hold,,False,False,False,False,False,False,False,,False
A1-7301-incident-ceiling-5,7301,incident,ceiling,False,False,4bdc1977e66d75ee,probe,,False,False,False,False,False,False,False,,False
A1-7305-incident-ceiling-7,7305,incident,ceiling,False,False,cbd89f6fe86b9a8b,ledger,,False,False,False,False,False,False,False,,False
A1-7300-incident-ceiling-0,7300,incident,ceiling,False,False,9965744267ce783d,ledger,,False,False,False,False,False,False,False,,False
A1-7304-release-learned-2,7304,release,learned,False,False,f810464001ef1822,hold,,False,False,False,False,False,False,False,,False
A1-7303-release-ceiling-7,7303,release,ceiling,False,False,b8fde6582505ef75,hold,,False,False,False,False,False,False,False,,False
A1-7305-release-learned-2,7305,release,learned,False,False,d9b932812255e21e,hold,,False,False,False,False,False,False,False,,False
A1-7305-release-learned-7,7305,release,learned,False,False,cbd89f6fe86b9a8b,ship,,False,False,False,False,False,False,False,,False
A1-7300-incident-learned-1,7300,incident,learned,False,False,e265963e12ca23ed,probe,,False,False,False,False,False,False,False,,False
A1-7304-incident-learned-1,7304,incident,learned,False,False,c8086b3435fa5b61,probe,,False,False,False,False,False,False,False,,False
A1-7302-release-ceiling-0,7302,release,ceiling,False,False,75cf78ad74bccfc8,ship,,False,False,False,False,False,False,False,,False
A1-7301-release-learned-2,7301,release,learned,False,False,f15577cb22d4b4dc,ship,,False,False,False,False,False,False,False,,False
A1-7302-incident-learned-3,7302,incident,learned,False,False,5178e08fa1c9e5b8,ledger,,False,False,False,False,False,False,False,,False
A1-7305-release-ceiling-5,7305,release,ceiling,False,False,ee5ac0ebf7a82f76,hold,,False,False,False,False,False,False,False,,False
A1-7302-release-learned-4,7302,release,learned,False,False,62dbe468fe59acf0,ship,,False,False,False,False,False,False,False,,False
A1-7303-incident-ceiling-7,7303,incident,ceiling,False,False,b8fde6582505ef75,canary,,False,False,False,False,False,False,False,,False
A1-7301-incident-learned-6,7301,incident,learned,False,False,639fa202371c7c97,probe,,False,False,False,False,False,False,False,,False
A1-7303-release-ceiling-4,7303,release,ceiling,False,False,ef247d794e172372,ship,,False,False,False,False,False,False,False,,False
A1-7302-incident-ceiling-6,7302,incident,ceiling,False,False,2fb698875857eb94,probe,,False,False,False,False,False,False,False,,False
A1-7300-incident-ceiling-2,7300,incident,ceiling,False,False,d753601c06726c4b,none,,False,False,False,False,False,False,False,,False
A1-7302-incident-learned-6,7302,incident,learned,False,False,2fb698875857eb94,probe,,False,False,False,False,False,False,False,,False
A1-7301-incident-ceiling-3,7301,incident,ceiling,False,False,32b05d0cf45eb3cb,canary,,False,False,False,False,False,False,False,,False
A1-7305-incident-learned-0,7305,incident,learned,False,False,aafaf7b467516cc3,ledger,,False,False,False,False,False,False,False,,False
A1-7303-incident-ceiling-1,7303,incident,ceiling,False,False,1291c3b2704b070b,none,,False,False,False,False,False,False,False,,False
A1-7304-incident-ceiling-4,7304,incident,ceiling,False,False,016981125ac5fc5d,none,,False,False,False,False,False,False,False,,False
A1-7301-incident-ceiling-2,7301,incident,ceiling,False,False,f15577cb22d4b4dc,canary,,False,False,False,False,False,False,False,,False
A1-7302-incident-learned-0,7302,incident,learned,False,False,75cf78ad74bccfc8,ledger,,False,False,False,False,False,False,False,,False
A1-7305-release-learned-4,7305,release,learned,False,False,bd17c07c7bcf112d,ship,,False,False,False,False,False,False,False,,False
A1-7305-incident-ceiling-3,7305,incident,ceiling,False,False,9b3d90e2dbef6a77,none,,False,False,False,False,False,False,False,,False
A1-7300-release-ceiling-1,7300,release,ceiling,False,False,e265963e12ca23ed,hold,,False,False,False,False,False,False,False,,False
A1-7305-incident-learned-1,7305,incident,learned,False,False,e869b32a781feb3d,none,,False,False,False,False,False,False,False,,False
A1-7301-incident-learned-3,7301,incident,learned,False,False,32b05d0cf45eb3cb,canary,,False,False,False,False,False,False,False,,False
A1-7304-release-learned-4,7304,release,learned,False,False,016981125ac5fc5d,hold,,False,False,False,False,False,False,False,,False
A1-7300-incident-learned-4,7300,incident,learned,False,False,45288a0f916fc995,probe,,False,False,False,False,False,False,False,,False
A1-7301-incident-learned-4,7301,incident,learned,False,False,8254c44590cde260,none,,False,False,False,False,False,False,False,,False
A1-7301-release-learned-7,7301,release,learned,False,False,568f2db99d93c7a3,hold,,False,False,False,False,False,False,False,,False
A1-7304-release-ceiling-4,7304,release,ceiling,False,False,016981125ac5fc5d,hold,,False,False,False,False,False,False,False,,False
A1-7303-release-learned-4,7303,release,learned,False,False,ef247d794e172372,ship,,False,False,False,False,False,False,False,,False
A1-7302-incident-learned-7,7302,incident,learned,False,False,b90003e8876f5cbd,none,,False,False,False,False,False,False,False,,False
A1-7300-release-learned-0,7300,release,learned,False,False,9965744267ce783d,ship,,False,False,False,False,False,False,False,,False
A1-7302-release-ceiling-4,7302,release,ceiling,False,False,62dbe468fe59acf0,ship,,False,False,False,False,False,False,False,,False
A1-7303-release-ceiling-2,7303,release,ceiling,False,False,dd2ab64fcfbbb28d,hold,,False,False,False,False,False,False,False,,False
A1-7305-incident-ceiling-4,7305,incident,ceiling,False,False,bd17c07c7bcf112d,canary,,False,False,False,False,False,False,False,,False
A1-7303-incident-learned-5,7303,incident,learned,False,False,b6e84860c76ddb4b,none,,False,False,False,False,False,False,False,,False
A1-7304-release-ceiling-5,7304,release,ceiling,False,False,7256f2506911c964,hold,,False,False,False,False,False,False,False,,False
A1-7301-release-ceiling-4,7301,release,ceiling,False,False,8254c44590cde260,hold,,False,False,False,False,False,False,False,,False
A1-7304-release-learned-0,7304,release,learned,False,False,f590685f50961e43,hold,,False,False,False,False,False,False,False,,False
A1-7302-incident-ceiling-5,7302,incident,ceiling,False,False,8c02c9e590990c34,none,,False,False,False,False,False,False,False,,False
A1-7302-release-learned-5,7302,release,learned,False,False,8c02c9e590990c34,hold,,False,False,False,False,False,False,False,,False
A1-7301-release-ceiling-3,7301,release,ceiling,False,False,32b05d0cf45eb3cb,hold,,False,False,False,False,False,False,False,,False
A1-7305-release-ceiling-4,7305,release,ceiling,False,False,bd17c07c7bcf112d,ship,,False,False,False,False,False,False,False,,False
A1-7305-release-learned-5,7305,release,learned,False,False,ee5ac0ebf7a82f76,hold,,False,False,False,False,False,False,False,,False
A1-7302-release-ceiling-3,7302,release,ceiling,False,False,5178e08fa1c9e5b8,hold,,False,False,False,False,False,False,False,,False
A1-7304-incident-learned-3,7304,incident,learned,False,False,f01d17440d729ff1,canary,,False,False,False,False,False,False,False,,False
A1-7301-release-learned-4,7301,release,learned,False,False,8254c44590cde260,hold,,False,False,False,False,False,False,False,,False
A1-7303-incident-ceiling-5,7303,incident,ceiling,False,False,b6e84860c76ddb4b,none,,False,False,False,False,False,False,False,,False
A1-7305-release-ceiling-0,7305,release,ceiling,False,False,aafaf7b467516cc3,hold,,False,False,False,False,False,False,False,,False
A1-7303-incident-ceiling-2,7303,incident,ceiling,False,False,dd2ab64fcfbbb28d,none,,False,False,False,False,False,False,False,,False
A1-7305-release-ceiling-7,7305,release,ceiling,False,False,cbd89f6fe86b9a8b,ship,,False,False,False,False,False,False,False,,False
A1-7305-release-learned-0,7305,release,learned,False,False,aafaf7b467516cc3,hold,,False,False,False,False,False,False,False,,False
A1-7300-release-learned-5,7300,release,learned,False,False,cfb62a68d9bf2c20,hold,,False,False,False,False,False,False,False,,False
A1-7302-incident-ceiling-7,7302,incident,ceiling,False,False,b90003e8876f5cbd,none,,False,False,False,False,False,False,False,,False
A1-7304-incident-learned-2,7304,incident,learned,False,False,f810464001ef1822,canary,,False,False,False,False,False,False,False,,False
A1-7305-release-ceiling-6,7305,release,ceiling,False,False,59264bb97f28e169,hold,,False,False,False,False,False,False,False,,False
A1-7301-incident-learned-0,7301,incident,learned,False,False,fc86eded156af98c,none,,False,False,False,False,False,False,False,,False
A1-7303-incident-learned-1,7303,incident,learned,False,False,1291c3b2704b070b,none,,False,False,False,False,False,False,False,,False
A1-7304-incident-learned-7,7304,incident,learned,False,False,bdba844e42dbfc8d,none,,False,False,False,False,False,False,False,,False
A1-7303-release-ceiling-3,7303,release,ceiling,False,False,aa0a162783835730,ship,,False,False,False,False,False,False,False,,False
A1-7302-incident-learned-5,7302,incident,learned,False,False,8c02c9e590990c34,none,,False,False,False,False,False,False,False,,False
A1-7305-incident-learned-3,7305,incident,learned,False,False,9b3d90e2dbef6a77,none,,False,False,False,False,False,False,False,,False
A1-7304-release-learned-6,7304,release,learned,False,False,d30e7a2efc0a8d71,hold,,False,False,False,False,False,False,False,,False
A1-7300-release-learned-3,7300,release,learned,False,False,a6173f10841834f8,hold,,False,False,False,False,False,False,False,,False
A1-7304-release-ceiling-3,7304,release,ceiling,False,False,f01d17440d729ff1,ship,,False,False,False,False,False,False,False,,False
A1-7302-incident-ceiling-1,7302,incident,ceiling,False,False,bd2ce76d448594d7,none,,False,False,False,False,False,False,False,,False
A1-7303-incident-ceiling-3,7303,incident,ceiling,False,False,aa0a162783835730,canary,,False,False,False,False,False,False,False,,False
A1-7303-release-learned-3,7303,release,learned,False,False,aa0a162783835730,ship,,False,False,False,False,False,False,False,,False
A1-7303-incident-ceiling-0,7303,incident,ceiling,False,False,45277e6ae5c1b2bd,ledger,,False,False,False,False,False,False,False,,False
A1-7303-release-ceiling-1,7303,release,ceiling,False,False,1291c3b2704b070b,hold,,False,False,False,False,False,False,False,,False
A1-7303-release-ceiling-0,7303,release,ceiling,False,False,45277e6ae5c1b2bd,hold,,False,False,False,False,False,False,False,,False
A1-7302-incident-ceiling-3,7302,incident,ceiling,False,False,5178e08fa1c9e5b8,ledger,,False,False,False,False,False,False,False,,False
A1-7300-incident-learned-3,7300,incident,learned,False,False,a6173f10841834f8,ledger,,False,False,False,False,False,False,False,,False
A1-7300-release-ceiling-6,7300,release,ceiling,False,False,59e0aa4f1159dca9,hold,,False,False,False,False,False,False,False,,False
A1-7300-incident-learned-2,7300,incident,learned,False,False,d753601c06726c4b,none,,False,False,False,False,False,False,False,,False
A1-7303-incident-ceiling-6,7303,incident,ceiling,False,False,b3f3e4cf38fa2cfb,none,,False,False,False,False,False,False,False,,False
A1-7300-release-learned-7,7300,release,learned,False,False,15bbf292f0baf4c7,hold,,False,False,False,False,False,False,False,,False
A1-7304-release-ceiling-2,7304,release,ceiling,False,False,f810464001ef1822,hold,,False,False,False,False,False,False,False,,False
A1-7304-incident-learned-6,7304,incident,learned,False,False,d30e7a2efc0a8d71,none,,False,False,False,False,False,False,False,,False
A1-7302-release-learned-6,7302,release,learned,False,False,2fb698875857eb94,hold,,False,False,False,False,False,False,False,,False
A1-7304-incident-ceiling-7,7304,incident,ceiling,False,False,bdba844e42dbfc8d,none,,False,False,False,False,False,False,False,,False
A1-7305-release-learned-6,7305,release,learned,False,False,59264bb97f28e169,hold,,False,False,False,False,False,False,False,,False
A1-7301-release-learned-0,7301,release,learned,False,False,fc86eded156af98c,hold,,False,False,False,False,False,False,False,,False
A1-7300-incident-learned-7,7300,incident,learned,False,False,15bbf292f0baf4c7,none,,False,False,False,False,False,False,False,,False
A1-7305-incident-learned-7,7305,incident,learned,False,False,cbd89f6fe86b9a8b,ledger,,False,False,False,False,False,False,False,,False
A1-7302-incident-learned-1,7302,incident,learned,False,False,bd2ce76d448594d7,none,,False,False,False,False,False,False,False,,False
A1-7302-release-ceiling-2,7302,release,ceiling,False,False,0d4f487252963038,hold,,False,False,False,False,False,False,False,,False
A1-7304-incident-ceiling-3,7304,incident,ceiling,False,False,f01d17440d729ff1,canary,,False,False,False,False,False,False,False,,False
A1-7305-incident-learned-4,7305,incident,learned,False,False,bd17c07c7bcf112d,canary,,False,False,False,False,False,False,False,,False
A1-7303-incident-learned-0,7303,incident,learned,False,False,45277e6ae5c1b2bd,ledger,,False,False,False,False,False,False,False,,False
A1-7305-release-learned-1,7305,release,learned,False,False,e869b32a781feb3d,hold,,False,False,False,False,False,False,False,,False
A1-7303-release-ceiling-5,7303,release,ceiling,False,False,b6e84860c76ddb4b,hold,,False,False,False,False,False,False,False,,False
A1-7301-release-ceiling-5,7301,release,ceiling,False,False,4bdc1977e66d75ee,hold,,False,False,False,False,False,False,False,,False
A1-7304-incident-ceiling-6,7304,incident,ceiling,False,False,d30e7a2efc0a8d71,none,,False,False,False,False,False,False,False,,False
A1-7305-incident-ceiling-1,7305,incident,ceiling,False,False,e869b32a781feb3d,none,,False,False,False,False,False,False,False,,False
